chain_antibody,number_antibody,residue_antibody,chain_virus,number_virus,residue_virus,closest distance
H,57,TYR,C,415,THR,2.24
H,52,SER,C,457,ARG,2.36
H,30,SER,C,473,TYR,2.52
H,52,SER,C,458,LYS,2.84
H,32,TYR,C,421,TYR,2.96
H,52,SER,C,421,TYR,2.99
H,27,THR,C,476,GLY,3.0
H,101,GLU,C,505,TYR,3.02
H,30,SER,C,474,GLN,3.06
H,26,PHE,C,487,ASN,3.14
H,31,ASN,C,475,ALA,3.14
H,74,LYS,C,476,GLY,3.14
H,106,TYR,C,486,PHE,3.25
H,100,TRP,C,505,TYR,3.36
H,32,TYR,C,456,PHE,3.38
H,102,LEU,C,456,PHE,3.42
H,27,THR,C,475,ALA,3.42
H,57,TYR,C,416,GLY,3.48
H,53,GLY,C,421,TYR,3.49
H,51,TYR,C,421,TYR,3.5
H,30,SER,C,458,LYS,3.56
H,32,TYR,C,457,ARG,3.57
H,31,ASN,C,473,TYR,3.69
H,52,SER,C,473,TYR,3.82
H,53,GLY,C,460,ASN,3.82
H,53,GLY,C,458,LYS,3.87
H,25,GLY,C,487,ASN,3.89
