SI Table 5. Sequences of cloned recombinant antibodies,,,,,,,
,,,,,,,
Antibody ID,,IGH VDJ (nt),IGH VDJ (aa),,IGL VJ (nt),IGL VJ (aa),
C002,,GAGGTGCAGCTGGTGGAGTCTGGGGGAGGCGTGGTCCAGCCTGGGAGGTCCCTGAGACTCTCCTGTGCAGCCTCTGGATTCACCTTCAGTATCTATGGCATGCACTGGGTCCGCCAGGCTCCAGGCAAGGGGCTGGAGTGGGTGGCAGTTATATCATATGATGGAAGTAATAAATACTATGCAGACTCCGTGAAGGGCCGATTCACCATCTCCAGAGACAATTCCAAGAACACGCTGTATCTGCAAATGAACAGCCTGAGAGCTGAGGACACGGCTGTGTATTACTGTGCGAAAGAGGGGAGACCATCTGATATTGTAGTGGTGGTGGCCTTTGACTACTGGGGCCAGGGAACCCTGGTCACCGTCTCCTCAG,EVQLVESGGGVVQPGRSLRLSCAASGFTFSIYGMHWVRQAPGKGLEWVAVISYDGSNKYYADSVKGRFTISRDNSKNTLYLQMNSLRAEDTAVYYCAKEGRPSDIVVVVAFDYWGQGTLVTVSS,,GACATCCAGTTGACCCAGTCTCCATCCTCCCTGTCTGCATCTGTAGGAGACAGAGTCACCATCACTTGCCGGGCAAGTCAGAGCATTAGCAGCTATTTAAATTGGTATCAGCAGAAACCAGGGAAAGCCCCTAAGCTCCTGATCTATGCTGCATCCAGTTTGCAAAGTGGGGTCCCATCAAGGTTCAGTGGCAGTGGATCTGGGACAGATTTCACTCTCACCATCAGCAGTCTGCAACCTGAAGATTTTGCAACTTACTACTGTCAACAGAGTTACAGTACCCCTCGGACGTTCGGCCAAGGGACCAAGGTGGAAATCAAAC,DIQLTQSPSSLSASVGDRVTITCRASQSISSYLNWYQQKPGKAPKLLIYAASSLQSGVPSRFSGSGSGTDFTLTISSLQPEDFATYYCQQSYSTPRTFGQGTKVEIK,
C003,,GAGGTGCAGCTGGTGGAGTCTGGAGGAGGCTTGATCCAGCCTGGGGGGTCCCTGAGACTCTCCTGTGCAGCCTCTGGGTTCACCGTCAGTAGCAACTACATGAGCTGGGTCCGCCAGGCTCCAGGGAAGGGGCTGGAGTGGGTCTCAGTTATTTATAGCGGTGGTAGCACATACTACGCAGACTCCGTGAAGGGCCGATTCACCATCTCCAGAGACAATTCCAAGAACACGCTGTATCTTCAAATGAACAGCCTGAGAGCCGGGGACACGGCCGTGTATTACTGTGCGAGGGATTACGGTGACTTCTACTTTGACTACTGGGGCCAGGGAACCCTGGTCACCGTCTCCTCAG,EVQLVESGGGLIQPGGSLRLSCAASGFTVSSNYMSWVRQAPGKGLEWVSVIYSGGSTYYADSVKGRFTISRDNSKNTLYLQMNSLRAGDTAVYYCARDYGDFYFDYWGQGTLVTVSS,,GAAATTGTGTTGACGCAGTCTCCAGGCACCCTGTCTTTGTCTCCAGGGGAAAGAGCCACCCTCTCCTGCAGGGCCAGTCAGAGTGTTAGCAGCACCTACTTAGCCTGGTACCAGCAGAAACCTGGCCAGGCTCCCAGGCTCCTCATCTATGGTGCATCCAGCAGGGCCACTGGCATCCCAGACAGGTTCAGTGGCAGTGGGTCTGGGACAGACTTCACTCTCACCATCAGCAGACTGGAGCCTGAAGATTTTGCAGTGTATTACTGTCAGCAGTATGGTAGCTCACCTAGGACTTTTGGCCAGGGGACCAAGCTGGAGATCAAAC,EIVLTQSPGTLSLSPGERATLSCRASQSVSSTYLAWYQQKPGQAPRLLIYGASSRATGIPDRFSGSGSGTDFTLTISRLEPEDFAVYYCQQYGSSPRTFGQGTKLEIK,
C004,,CAGGTGCAGCTGGTGCAGTCTGGGGCTGAGGTGAAGAAGCCTGGGGCCTCAGTGAAGGTCTCCTGCAAGGCTTCTGGATACACCTTCACCGGCTACTATATGCACTGGGTGCGACAGGCCCCTGGACAAGGGCTTGAGTGGATGGGATGGATCAACCCTATCAGTGGTGGCACAAACTATGCACAGAAGTTTCAGGGCAGGGTCACCATGACCAGGGACACGTCCATCAGCACAGCCTACATGGAGCTGAGCAGGCTGAGATCTGACGACACGGCCGTGTATTACTGTGCGAGCCCAGCATCACGTGGATATAGTGGCTACGATCATGGGTACTACTACTACATGGACGTCTGGGGCAAAGGGACCACGGTCACCGTCTCCTCA,QVQLVQSGAEVKKPGASVKVSCKASGYTFTGYYMHWVRQAPGQGLEWMGWINPISGGTNYAQKFQGRVTMTRDTSISTAYMELSRLRSDDTAVYYCASPASRGYSGYDHGYYYYMDVWGKGTTVTVSS,,GCCATCCGGATGACCCAGTCTCCATCCTCCCTGTCTGCATCTGTAGGAGACAGAGTCACCATCACTTGCCAGGCGAGTCAGGACATTAGCAACTATTTAAATTGGTATCAGCAGAAACCAGGGAAAGCCCCTAAGCTCCTGATCTACGATGCATCCAATTTGGAAACAGGGGTCCCATCAAGGTTCAGTGGAAGTGGATCTGGGACAGATTTTACTTTCACCATCAGCAGCCTGCAGCCTGAAGATATTGCAACATATTACTGTCAACAGTATGATAATCTCCCTATCACCTTCGGCCAAGGGACACGACTGGAGATTAAAC,AIRMTQSPSSLSASVGDRVTITCQASQDISNYLNWYQQKPGKAPKLLIYDASNLETGVPSRFSGSGSGTDFTFTISSLQPEDIATYYCQQYDNLPITFGQGTRLEIK,
C005,,CAGGTGCAGCTGGTGCAGTCTGGGCCTGAGGTGAAGAAGCCTGGGACCTCAGTGAAGGTCTCCTGCAAGGCTTCTGGATTCACCTTTACTAGCTCTGCTGTGCAGTGGGTGCGACAGGCTCGTGGACAACGCCTTGAGTGGATAGGATGGATCGTCGTTGGCAGTGGTAACACAAACTACGCACAGAAGTTCCAGGAAAGAGTCACCATTACCAGGGACATGTCCACAAGCACAGCCTACATGGAGCTGAGCAGCCTGAGATCCGAGGACACGGCCGTGTATTACTGTGCGGCTCCCCATTGTAGCGGTGGTAGCTGCCTTGATGCTTTTGATATCTGGGGCCAAGGGACAATGGTCACCGTCTCTTCAG,QVQLVQSGPEVKKPGTSVKVSCKASGFTFTSSAVQWVRQARGQRLEWIGWIVVGSGNTNYAQKFQERVTITRDMSTSTAYMELSSLRSEDTAVYYCAAPHCSGGSCLDAFDIWGQGTMVTVSS,,GAAATTGTGTTGACGCAGTCTCCAGGCACCCTGTCTTTGTCTCCAGGGGAAAGAGCCACCCTCTCCTGCAGGGCCAGTCAGAGTGTTAGAAGCAGCTACTTAGCCTGGTACCAGCAGAAACCTGGCCAGGCTCCCAGGCTCCTCATCTATGGTGCATCCAGCAGGGCCACTGGCATCCCAGACAGGTTCAGTGGCAGTGGGTCTGGGACAGACTTCACTCTCACCATCAGCAGACTGGAGCCTGAAGATTTTGCAGTGTATTACTGTCAGCAGTATGGTAGCTCACCGTGGACGTTCGGCCAAGGGACCAAGGTGGAAATCAAAC,EIVLTQSPGTLSLSPGERATLSCRASQSVRSSYLAWYQQKPGQAPRLLIYGASSRATGIPDRFSGSGSGTDFTLTISRLEPEDFAVYYCQQYGSSPWTFGQGTKVEIK,
C006,,CAGGTGCAGCTGGTGGAGTCTGGGGGAGGCTTGGTCAAGCCTGGAGGGTCCCTGAGACTCTCCTGTGCAGCCTCTGGATTCATCTTCAGTGACTACTGCATGAGCTGGATCCGCCGGGCTCCAGGGAAGGGGCTGGAATGGCTTTCATATATTAGTAATAGTGGTACCACCAGATACTACGCAGACTCTGTGAAGGGCCGATTCACCATCTCCAGGGACAACGGCAGGAACTCACTGTATCTGCAAATGGACAGCCTGAGCGCCGAAGACACGGCCGTTTATTACTGTGCGAGAAGGGGGGACGGTAGCAGCTCGATCTACTACTACAACTACATGGACGTCTGGGGCAAAGGGACCACGGTCACCGTCTCCTCA,QVQLVESGGGLVKPGGSLRLSCAASGFIFSDYCMSWIRRAPGKGLEWLSYISNSGTTRYYADSVKGRFTISRDNGRNSLYLQMDSLSAEDTAVYYCARRGDGSSSIYYYNYMDVWGKGTTVTVSS,,CAGTCTGTGCTGACTCAGCCACCCTCAGCGTCTGGGACCCCCGGACAGAGGGTCACCGTCTCTTGTTCTGGAAGCAGCTCCAACATCGGAAGCAATACTGTAAACTGGTACCAGCAGCTCCCAGGAACGGCCCCCAAACTCCTCATCTATAGTAATAATCAGCGGCCCTCAGGGGTCCCTGACCGATTCTCTGGCTCCAAGTCTGGCACCTCAGCCTCCCTGGCCATCAGTGGGCTCCAGTCTGAGGATGAGGCTGATTATTTCTGTGCAGCATGGGATGACAGCCTGAATGGTCCGGTATTCGGCGGAGGGACCAAGCTGACCGTCCTAG,QSVLTQPPSASGTPGQRVTVSCSGSSSNIGSNTVNWYQQLPGTAPKLLIYSNNQRPSGVPDRFSGSKSGTSASLAISGLQSEDEADYFCAAWDDSLNGPVFGGGTKLTVL,
C008,,GAGGTGCAGCTGGTGGAGTCTGGGGGAGGCGTGGTCCAGCCTGGGAGGTCCCTGAGACTCTCCTGTGCAGCCTCTGGATTCACCTTCAGTAGCTATGGCATGCACTGGGTCCGCCAGGCTCCAGGCAAGGGGCTGGAGTGGGTGACAGTTATTTCATATGATGGAAGGAATAAATACTATGCAGACTCCGTGAAGGGCCGATTCACCATCTCCAGAGACAACTCCAAGAACACGCTGTATCTGCAAATGAACAGCCTGAGAGCTGAGGACACGGCTGTGTATTACTGTGCGAGAGAATTCGGTGACCCCGAGTGGTACTTTGACTACTGGGGCCAGGGAACCCTGGTCACCGTCTCCTCAG,EVQLVESGGGVVQPGRSLRLSCAASGFTFSSYGMHWVRQAPGKGLEWVTVISYDGRNKYYADSVKGRFTISRDNSKNTLYLQMNSLRAEDTAVYYCAREFGDPEWYFDYWGQGTLVTVSS,,GACATCCAGATGACCCAGTCTCCTTCCACCCTGTCTGCATCTGTAGGAGACAGAGTCACCATCACTTGCCGGGCCAATCAGAGTATTAGTAGCTGGTTGGCCTGGTATCAGCAGAAACCAGGGAAAGCCCCTAAGCTCCTGATCTATAAGGCGTCTAGTTTAGAAAGTGGGGTCCCATCAAGGTTCAGCGGCAGTGGATCTGGGACAGAATTCACTCTCACCATCAGCAGCCTGCAGCCTGATGATTTTGCAACTTATTACTGCCAACAGTATAATAGTTATTGGACGTTCGGCCAAGGGACCAAGGTGGAAATCAAAC,DIQMTQSPSTLSASVGDRVTITCRANQSISSWLAWYQQKPGKAPKLLIYKASSLESGVPSRFSGSGSGTEFTLTISSLQPDDFATYYCQQYNSYWTFGQGTKVEIK,
C009,,CAGGTGCAGCTGGTGCAGTCTGGGGCTGAGGTGAAGAAGCCTGGGGCCTCAGTGAAGGTCTCCTGCATGGCTTCTGGATACACCTTCACCGGCTACTATATGCACTGGGTGCGACAGGCCCCTGGACAAGGGCTTGAGTGGATGGGATGGATCAACCCTAACAGTGGTGGCACAAACTATGCACAGAAGTTTCAGGGCAGGGTCACCATGACCAGGGACACGTCCATCAGCACAGCCTACATGGAGCTGAGCAGGCTGAGATCTGACGACACGGCCGTGTATTACTGTGCGAGAGACTCCCCATTTAGTGCTTTAGGGGCCTCCAATGACTACTGGGGCCAGGGAACCCTGGTCACCGTCTCCTCAG,QVQLVQSGAEVKKPGASVKVSCMASGYTFTGYYMHWVRQAPGQGLEWMGWINPNSGGTNYAQKFQGRVTMTRDTSISTAYMELSRLRSDDTAVYYCARDSPFSALGASNDYWGQGTLVTVSS,,CAGTCTGCCCTGACTCAGCCTCCCTCCGCGTCCGGGTCTCCTGGACAGTCAGTCACCATCTCCTGCACTGGAACCAGCAGTGACGTTGGTGGTTATAACTATGTCTCCTGGTACCAACAGCACCCAGGCAAAGCCCCCAAACTCATGATTTATGAGGTCAGTAAGCGGCCCTCAGGGGTCCCTGATCGCTTCTCTGGCTCCAAGTCTGGCAACACGGCCTCCCTGACCGTCTCTGGGCTCCAGGCTGAGGATGAGGCTGAGTATTACTGCAGCTCAGATGCAGGCAGCAACAATGTGGTATTCGGCGGAGGGACCAAGCTGACCGTCCTAG,QSALTQPPSASGSPGQSVTISCTGTSSDVGGYNYVSWYQQHPGKAPKLMIYEVSKRPSGVPDRFSGSKSGNTASLTVSGLQAEDEAEYYCSSDAGSNNVVFGGGTKLTVL,
C010,,GAGGTGCAGCTGGTGGAGTCTGGGGGAGGCGTGGTCCAGCCTGGGAGGTCCCTGAGACTCTCCTGTGCAGCCTCTGGATTCACCTTCAGTAGCTATGCTATGCACTGGGTCCGCCAGGCTCCAGCCAAGGGGCTGGAGTGGGTGGCAGTTATATTATATGATGGAAGCGGTAAATACTACGCAGACTCCGTGAAGGGCCGATTCACCATCTCCAGAGACAATTCCAAGAACACGTTGTATCTGCAAATGAACAGCCTGAGAGCTGAGGACACGGCTGTGTATTACTGTGCGAGAGACGGGATCGTGGATACAGCTCTGGTTACGTGGTTTGACTACTGGGGCCAGGGAACCCTGGTCACCGTCTCCTCAG,EVQLVESGGGVVQPGRSLRLSCAASGFTFSSYAMHWVRQAPAKGLEWVAVILYDGSGKYYADSVKGRFTISRDNSKNTLYLQMNSLRAEDTAVYYCARDGIVDTALVTWFDYWGQGTLVTVSS,,GACATCCAGTTGACCCAGTCTCCATCCTCCCTGTCTGCATCTGTAGGAGACAGAGTCACCATCACTTGCCGGGCAAGTCAGAGCATTAGCACCTATTTAAATTGGTATCAGCAGAAACCAGGGAAAGCCCCTAAGCTCCTGATCTATGCTGCATCCAGTTTGCAAAGTGGGGTCCCATCAAGGTTCAGTGGCAGTGGATCTGGGACAGATTTCACTCTCACCATCAGCAGTCTGCAACCTGAAGATTTTGCAACTTACTACTGTCAACAGAGTTACAGTACCCCTCCGTGGACGTTCGGCCAAGGGACCAAGGTGGAGATCAAAC,DIQLTQSPSSLSASVGDRVTITCRASQSISTYLNWYQQKPGKAPKLLIYAASSLQSGVPSRFSGSGSGTDFTLTISSLQPEDFATYYCQQSYSTPPWTFGQGTKVEIK,
C013,,CAGGTGCAGCTGGTGCAGTCTGGGGCTGAGGTGAAGAAGCCTGGGTCCTCGGTGAAGGTCTCCTGCAAGGCTTCTGGAGGCACCTTCAGCAGCTATGCTATCAGCTGGGTGCGACAGGCCCCTGGACAAGGGCTTGAGTGGATGGGAGGGATCATCCCTATCTTTGGTACAGCAAACTACGCACAGAAGTTCCAGGGCAGAGTCACGATTACCGCGGACGAATCCACGAGCACAGCCTACATGGAGCTGAGCAGCCTGAGATCTGAGGACACGGCCGTGTATTACTGTGCGAGAGGGAATCGACTACTTTATTGTAGTAGTACCAGCTGCTATCTAGATGCGGTTAGGCAGGGGTACTACTACTACTACTACATGGACGTCTGGGGCAAAGGGACCACGGTCACCGTCTCCTCA,QVQLVQSGAEVKKPGSSVKVSCKASGGTFSSYAISWVRQAPGQGLEWMGGIIPIFGTANYAQKFQGRVTITADESTSTAYMELSSLRSEDTAVYYCARGNRLLYCSSTSCYLDAVRQGYYYYYYMDVWGKGTTVTVSS,,GAAATTGTGTTGACACAGTCTCCAGCCACCCTGTCTTTGTCTCCAGGGGAAAGAGCCACCCTCTCCTGCAGGGCCAGTCAGAGTGTTAGCAGCTACTTAGCCTGGTACCAACAGAAACCTGGCCAGGCTCCCAGGCTCCTCATCTATGATGCATCCAACAGGGCCACTGGCATCCCAGCCAGGTTCAGTGGCAGTGGGTCTGGGACAGACTTCACTCTCACCATCAGCAGCCTAGAGCCTGAAGATTTTGCAGTTTATTACTGTCAGCAGCGTAGCAACTGGCCCCTCACTTTCGGCGGAGGGACCAAGGTGGAGATCAAAC,EIVLTQSPATLSLSPGERATLSCRASQSVSSYLAWYQQKPGQAPRLLIYDASNRATGIPARFSGSGSGTDFTLTISSLEPEDFAVYYCQQRSNWPLTFGGGTKVEIK,
C016,,GAGGTGCAGCTGGTGGAGTCTGGGGGAGGCGTGGTCCAGCCTGGGAGGTCCCTGAGACTCTCCTGTGCAGCCTCTGGATTCACCTTCAGTAGATATGGCATGCACTGGGTCCGCCAGGCTCCAGGCAAGGGGCTGGAGTGGGTGGCAGTTATATCATATGATGGAAGTAATAAATACTATGCAGACTCCGTGAAGGGCCGATTCACCATCTCCAGAGACAATTCCAAGAACACGCTGTATCTGCAAATGAACAGCCTGAGAGCTGAGGACACGGCTGTGTATTACTGTGCGAAAGTGACCGCCCCTTATTGTAGTGGTGGTAGCTGCTACGGAGGTAACTTTGACTACTGGGGCCAGGGAACCCTGGTCACCGTCTCCTCAG,EVQLVESGGGVVQPGRSLRLSCAASGFTFSRYGMHWVRQAPGKGLEWVAVISYDGSNKYYADSVKGRFTISRDNSKNTLYLQMNSLRAEDTAVYYCAKVTAPYCSGGSCYGGNFDYWGQGTLVTVSS,,GCCATCCGGATGACCCAGTCTCCATCCTCCCTGTCTGCATCTGTAGGAGACAGAGTCACCATCACTTGCCAGGCGAGTCAGGACATTAGCAACTATTTAAATTGGTATCAGCAGAAACCAGGGAAAGCCCCTAAGCTCCTGATCTACGATGCATCCAATTTGGAAACAGGGGTCCCATCAAGGTTCAGCGGAAGTGGATCTGGGACAGATTTTACTTTCACCATCAACAGCCTGCAGCCTGAAGATATTGCAACATATTACTGTCAACAGTATGATAATCTCCCTCCTACTTTCGGCGGAGGGACCAAGGTGGAGATCAAAC,AIRMTQSPSSLSASVGDRVTITCQASQDISNYLNWYQQKPGKAPKLLIYDASNLETGVPSRFSGSGSGTDFTFTINSLQPEDIATYYCQQYDNLPPTFGGGTKVEIK,
C017,,GAAGTGCAGCTGGTGGAGTCTGGGGGAGGCTTGGTACAGCCTGGCAGGTCCCTGAGACTCTCCTGTGCAGCCTCTGGATTCACCTTTGATGATTATGCCATGCACTGGGTCCGGCAAGCTCCAGGGAAGGGCCTGGAGTGGGTCTCAGGTATTAGTTGGAATAGTGGTACCATAGGCTATGCGGACTCTGTGAAGGGCCGATTCACCATCTCCAGAGACAACGCCAAGAACTCCCTGTATCTGCAAATGAACAGTCTGAGAGCTGAGGACACGGCCTTTTATTACTGTGCAAAAGCGGGCGTAAGGGGTATAGCAGCAGCTGGTCCCGACCTCAACTTCGACCACTGGGGCCAGGGAACCCTGGTCACCGTCTCCTCAG,EVQLVESGGGLVQPGRSLRLSCAASGFTFDDYAMHWVRQAPGKGLEWVSGISWNSGTIGYADSVKGRFTISRDNAKNSLYLQMNSLRAEDTAFYYCAKAGVRGIAAAGPDLNFDHWGQGTLVTVSS,,GAAATTGTGTTGACACAGTCTCCAGCCACCCTGTCTTTGTCTCCAGGGGAAAGAGCCACCCTCTCCTGCAGGGCCAGTCAGAGTGTTAGCAGCTACTTAGCCTGGTACCAACAGAAACCTGGCCAGGCTCCCAGGCTCCTCATCTATGATGCATCCAACAGGGCCACTGGCATCCCAGCCAGGTTCAGTGGCAGTGGGTCTGGGACAGACTTCACTCTCACCATCAGCAGCCTAGAGCCTGAAGATTTTGCAGTTTATTACTGTCAGCAGCGTATCACCTTCGGCCAAGGGACACGACTGGAGATTAAAC,EIVLTQSPATLSLSPGERATLSCRASQSVSSYLAWYQQKPGQAPRLLIYDASNRATGIPARFSGSGSGTDFTLTISSLEPEDFAVYYCQQRITFGQGTRLEIK,
C018,,GAGGTGCAGCTGGTGGAGTCTGGGGGAGGCGTGGTCCAGCCTGGGAGGTCCCTGAGACTCTCCTGTGCAGCCTCTGGATTCACCTTCAGTAACTATGCTATACACTGGGTCCGCCAGGCTCCAGGCAAGGGGCTGGAGTGGGTGGCAGTTATATCATATGATGGAAGCAATAAATACTACGCAGACTCCGTGAAGGGCCGATTCACCATCTCCAGAGACAATTCCAAGAACACGCTGTATCTGCAAATGAACAGCCTGAGAGCTGAGGACACGGCTGTGTATTACTGTGCGAGAGATTTTGACGATAGTTCGTTCTGGGCGTTTGACTACTGGGGCCAGGGAACCCTGGTCACCGTCTCCTCAG,EVQLVESGGGVVQPGRSLRLSCAASGFTFSNYAIHWVRQAPGKGLEWVAVISYDGSNKYYADSVKGRFTISRDNSKNTLYLQMNSLRAEDTAVYYCARDFDDSSFWAFDYWGQGTLVTVSS,,GACATCCAGTTGACCCAGTCTCCATCCTCCCTGTCTGCGTCTGTAGGAGACAGAGTCACCATCACTTGCCGGGCAAGTCAGAGCATTCGCAGCTATTTAAATTGGTATCAACAGAAACCAGGGAAAGCCCCTAAGCTCCTGATCTATGCTGCATCCAGTTTGCAAAGTGGGGTCCCTTCAAGGTTCAGTGGCAGTGGATCTGGGACAGATTTCACTCTCACCATCAGCAGTCTGCAACCTGATGATTTTGCAACTTACTACTGTCAACAGAGTTACAGTACCCCTCCGGCCACTTTTGGCCAGGGGACCAAGCTGGAGATCAAAC,DIQLTQSPSSLSASVGDRVTITCRASQSIRSYLNWYQQKPGKAPKLLIYAASSLQSGVPSRFSGSGSGTDFTLTISSLQPDDFATYYCQQSYSTPPATFGQGTKLEIK,
C019,,CAGGTGCAGCTGGTGCAGTCTGGGGCTGAGGTGAAGAAGCCTGGGGCCTCAGTGAAGGTTTCCTGCAAGGCATCTGGATACACCTTCACCAGTTACTATATGCACTGGGTGCGACAGGCCCCTGGACAAGGGCTTGAGTGGATGGGAATAATCAACCCTAGTGGTGGTAGCACAAGCTACGCACAGAAGTTCCAGGGCAGAGTCACCATGACCAGGGACACGTCCACGAGCACAGTCTACATGGAGCTGAGCAGCCTGAGATCTGAGGACACGGCCGTGTATTACTGTGCTAGAGTGCCCCGTGAGGGGACCCCAGGGTTCGACCCCTGGGGCCAGGGAACCCTGGTCACCGTCTCCTCAG,QVQLVQSGAEVKKPGASVKVSCKASGYTFTSYYMHWVRQAPGQGLEWMGIINPSGGSTSYAQKFQGRVTMTRDTSTSTVYMELSSLRSEDTAVYYCARVPREGTPGFDPWGQGTLVTVSS,,TCCTATGAGCTGACACAGCCACCCTCAGTGTCAGTGGCCCCAGGAAAGACGGCCAGGATTACCTGTGGGGAAAACAACATTGGAAGTAAAAGTGTGCACTGGTACCAGCAGAAGCCAGGCCAGGCCCCTGTGCTGGTCATCTATTATGATAGCGACCGGCCCTCAGGGATCCCTGAGCGATTCTCTGGCTCCAACTCTGGGAACACGGCCACCCTGACCATCAACAGGGTCGAAGCCGGGGATGAGGCCGACTATTACTGTCAGGTGTGGGATAGTAGTAGTGATCATGTGGTATTCGGCGGAGGGACCAAGCTGACCGTCCTAG,SYELTQPPSVSVAPGKTARITCGENNIGSKSVHWYQQKPGQAPVLVIYYDSDRPSGIPERFSGSNSGNTATLTINRVEAGDEADYYCQVWDSSSDHVVFGGGTKLTVL,
C021,,CAGGTGCAGCTGCAGGAGTCGGGCCCAGGACTGGTGAAGCCTTCACAGACCCTGTCCCTCACCTGCACTGTCTCTGGTGGCTCCATCAGCAGTGGTGGTTACTACTGGAGCTGGATCCGCCAGCACCCAGGGAAGGGCCTGGAGTGGATTGGGTACATCTATTACAGTGGGAGCACCTACTACAACCCGTCCCTCAAGAGTCGAGTTACCATATCAGTAGACACGTCTAAGAACCAGTTCTCCCTGAAGCTGAGCTCTGTGACTGCCGCGGACACGGCCGTGTATTACTGTGCGAGAGTTTGGCAATACTATGATAGTAGTGGTTCCTTTGACTACTGGGGCCAGGGAACCCTGGTCACCGTCTCCTCAG,QVQLQESGPGLVKPSQTLSLTCTVSGGSISSGGYYWSWIRQHPGKGLEWIGYIYYSGSTYYNPSLKSRVTISVDTSKNQFSLKLSSVTAADTAVYYCARVWQYYDSSGSFDYWGQGTLVTVSS,,GATATTGTGATGACTCAGTCTCCACTCTCCCTGCCCGTCACCCCTGGAGAGCCGGCCTCCATCTCCTGCAGGTCTAGTCAGAGCCTCCTGCATAGTAATGGATACAACTATTTGGATTGGTACCTGCAGAAGCCAGGGCAGTCTCCACAGCTCCTGATCTATTTGGGTTCTAATCGGGCCTCCGGGGTCCCTGACAGGTTCAGTGGCAGTGGATCAGGCACAGATTTTACACTGAAAATCAGCAGAGTGGAGGCTGAGGATGTTGGGGTTTATTACTGCATGCAAGCTCTACAAACTCCATTCACTTTCGGCCCTGGGACCAAAGTGGATATCAAAC,DIVMTQSPLSLPVTPGEPASISCRSSQSLLHSNGYNYLDWYLQKPGQSPQLLIYLGSNRASGVPDRFSGSGSGTDFTLKISRVEAEDVGVYYCMQALQTPFTFGPGTKVDIK,
C022,,CAGGTGCAGTTGCAGGAGTCGGGCCCAGGACTGGTGAAGCCTTCGGAGACCCTGTCCGTCACTTGCACTGTCTCTGGTGGCTCCATCAGCAGTAGTAGGTACTACTGGGGCTGGATCCGCCAGCCCCCAGGGAAGGGGCTGGAGTGGATTGGGAGTATCTATTATAGTGGGAGCACCTACTACAACCCGTCCCTCAAGAGTCGAGTCACCATATCCGTGGACACGTCCAAGAACCAGTTCTCCCTGAAGCTGAGCTCTGTGACCGCCGCAGACACGGCTGTGTATTACTGTGCGAGACATGCGGCAGCATACTATGATAGAAGTGGTTATTATTTCATCGAATACTTCCAGCACTGGGGCCAGGGCACCCTGGTCACCGTCTCCTCAG,QVQLQESGPGLVKPSETLSVTCTVSGGSISSSRYYWGWIRQPPGKGLEWIGSIYYSGSTYYNPSLKSRVTISVDTSKNQFSLKLSSVTAADTAVYYCARHAAAYYDRSGYYFIEYFQHWGQGTLVTVSS,,GACATCCAGATGACCCAGTCTCCTTCCACCCTGTCTGCATCTGTAGGAGACAGCGTCACCATCACTTGCCGGGCCAGTCAGAGTATTAGTAGCTGGTTGGCCTGGTATCAGCAGAAACCAGGGAAAGCCCCTAAGCTCCTGATCTATAAGGCGTCTAGTTTAGAAAGTGGGGTCCCATCAAGGTTCAGCGGCAGTGGATCTGGGACAGAATTCACTCTCACCATCAGCAGCCTGCAGCCTGATGATTTTGCAACTTATTACTGCCAACAGTATAATAATTACCGGTACACTTTTGGCCAGGGGACCAAGCTGGAGATCAAAC,DIQMTQSPSTLSASVGDSVTITCRASQSISSWLAWYQQKPGKAPKLLIYKASSLESGVPSRFSGSGSGTEFTLTISSLQPDDFATYYCQQYNNYRYTFGQGTKLEIK,
C027,,GAGGTGCAGCTGGTGGAGTCTGGGGGAGGCGTGGTCCAGCCTGGGAGGTCCCTGAGACTCTCCTGTGCAGCCTCTGGATTCACCTTCAGTAGCTATGGCATGCACTGGGTCCGCCAGGCTCCAGGCAAGGGGCTGGAGTGGGTGGCAGTTATATCATATGATGGAAGTAATAAATACTATGCAGACTCCGTGAAGGGCCGATTCACCATCTCCAGAGACAATTCCAAGAACACGCTGTATCTGCAAATGAACAGCCTGAGAGCTGAGGACACGGCTGTGTATTACTGTGCGAAAGCAAGTGGAATTTATTGTAGTGGTGGAGACTGCTACTCATACTACTTTGACTACTGGGGCCAGGGAACCCTGGTCACCGTCTCCTCAG,EVQLVESGGGVVQPGRSLRLSCAASGFTFSSYGMHWVRQAPGKGLEWVAVISYDGSNKYYADSVKGRFTISRDNSKNTLYLQMNSLRAEDTAVYYCAKASGIYCSGGDCYSYYFDYWGQGTLVTVSS,,GACATCCAGATGACCCAGTCTCCTTCCACCCTGTCTGCATCTGTAGGAGACAGAGTCACCATCACTTGCCGGGCCAGTCAGAGTATTAGTAGCTGGTTGGCCTGGTATCAGCAGAAACCAGGGAAAGCCCCTAAGCTCCTGATCTATAAGGCGTCTAGTTTAGAAAGTGGGGTCCCATCAAGGTTCAGCGGCAGTGGATCTGGGACAGAATTCACTCTCACCATCAGCAGCCTGCAGCCTGATGATTTTGCAACTTATTACTGCCAACAGTATAATAGTTATTCGACGTTCGGCCAAGGGACCAAGGTGGAAATCAAAC,DIQMTQSPSTLSASVGDRVTITCRASQSISSWLAWYQQKPGKAPKLLIYKASSLESGVPSRFSGSGSGTEFTLTISSLQPDDFATYYCQQYNSYSTFGQGTKVEIK,
C029,,CAGGTGCAGCTGCAGGAGTCGGGCCCAGGACTGGTGAAGCCTTCACAGACCCTGTCCCTCACCTGCACTGTCTCTGGTGGCTCCATCAGCAGTGGTGGTTACTACTGGAGCTGGATCCGCCAGCACCCAGGGAAGGGCCTGGAGTGGATTGGGTACATCTATTACAGTGGGAGCACCTACTACAACCCGTCCCTCAAGAGTCGAGTTACCATATCAGTAGACACGTCTAAGAACCAGTTCTCCCTGAAGCTGAGCTCTGTGACTGCCGCGGACACGGCCGTGTATTACTGTGCGAGAACAATGTATTACTATGATAGTAGTGGTTCCTTTGACTACTGGGGCCAGGGAACCCTGGTCACCGTCTCCTCAG,QVQLQESGPGLVKPSQTLSLTCTVSGGSISSGGYYWSWIRQHPGKGLEWIGYIYYSGSTYYNPSLKSRVTISVDTSKNQFSLKLSSVTAADTAVYYCARTMYYYDSSGSFDYWGQGTLVTVSS,,GATATTGTGATGACTCAGTCTCCACTCTCCCTGCCCGTCACCCCTGGAGAGCCGGCCTCCATCTCCTGCAGGTCTAGTCAGAGCCTCCTGCATAGTAATGGATACAACTATTTGGATTGGTACCTGCAGAAGCCAGGGCAGTCTCCACAGCTCCTGATCTATTTGGGTTCTAATCGGGCCTCCGGGGTCCCTGACAGGTTCAGTGGCAGTGGATCAGGCACAGATTTTACACTGAAAATCAGCAGAGTGGAGGCTGAGGATGTTGGGGTTTATTACTGCATGCAAGCTCTACAAACTCCTCACACTTTCGGCGGAGGGACCAAGGTGGAGATCAAAC,DIVMTQSPLSLPVTPGEPASISCRSSQSLLHSNGYNYLDWYLQKPGQSPQLLIYLGSNRASGVPDRFSGSGSGTDFTLKISRVEAEDVGVYYCMQALQTPHTFGGGTKVEIK,
C030,,GAGGTGCAGCTGGTGGAGTCTGGGGGAGGCGTGGTCCAGCCTGGGAGGTCCCTGAGACTCTCCTGTGCAGCCTCTGGATTCACCTTCAGTAGCTATGGCATGCACTGGGTCCGCCAGGCTCCAGGCAAGGGGCTGGAGTGGGTGGCAGTTATATCATATGATGGAAGTAATAAATACTATGCAGACTCCGTGAAGGGCCGATTCACCATCTCCAGAGACAATTCCAAGAACACGCTGTATCTGCAAATGAACAGCCTGAGAGCTGAGGACACGGCTGTGTATTACTGTGCGAAAGCAAGTGGAATATATTGTAGTGGTGGTAACTGCTACTCATACTACTTTGACTACTGGGGCCAGGGAACCCTGGTCACCGTCTCCTCAG,EVQLVESGGGVVQPGRSLRLSCAASGFTFSSYGMHWVRQAPGKGLEWVAVISYDGSNKYYADSVKGRFTISRDNSKNTLYLQMNSLRAEDTAVYYCAKASGIYCSGGNCYSYYFDYWGQGTLVTVSS,,GACATCCAGATGACCCAGTCTCCTTCCACCCTGTCTGCATCTGTAGGAGACAGAGTCACCATCACTTGCCGGGCCAGTCAGAGTATTAGTAGCTGGTTGGCCTGGTATCAGCAGAAACCAGGGAAAGCCCCTAAGCTCCTCATCTATAAGGCGTCTAGTTTAGAAAGTGGGGTCCCATCAAGGTTCAGCGGCAGTGGATCTGGGACAGAATTCACTCTCACCATCAGCAGCCTGCAGCCTGATGATTTTGCAACTTATTACTGCCAACAGTATAATAGTTATTCGACGTTCGGCCAAGGGACCAAGGTGGAAATCAAAC,DIQMTQSPSTLSASVGDRVTITCRASQSISSWLAWYQQKPGKAPKLLIYKASSLESGVPSRFSGSGSGTEFTLTISSLQPDDFATYYCQQYNSYSTFGQGTKVEIK,
C031,,GAGGTGCAGCTGGTGGAGTCTGGGGGAGGCTTGGTACAGCCTGGGGGGTCCCTGAGACTCTCCTGTGCAGCCTCTGGATTCACCTTCAGTAGCTACGACATGCACTGGGTCCGCCAAGCTACAGGAAAAGGTCTGGAGTGGGTCTCAGCTATTGGTACTGCTGGTGACACATACTATCCAGGCTCCGTGAAGGGCCGATTCACCATCTCCAGAGAAAATGCCAAGAACTCCTTGTATCTTCAAATGAACAGCCTGAGAGCCGGGGACACGGCTGTGTATTACTGTGCAAGAGTAGGGTATGATAGTAGTGGTTATTCGGGCTGGTACTTCGATCTCTGGGGCCGTGGCACCCTGGTCACCGTCTCCTCAG,EVQLVESGGGLVQPGGSLRLSCAASGFTFSSYDMHWVRQATGKGLEWVSAIGTAGDTYYPGSVKGRFTISRENAKNSLYLQMNSLRAGDTAVYYCARVGYDSSGYSGWYFDLWGRGTLVTVSS,,GACATCCAGATGACCCAGTCTCCATCCTCCCTGTCTGCATCTGTAGGAGACAGAGTCACCATCACTTGCCGGGCAAGTCAGAGCATTAGCAGCTATTTAAATTGGTATCAGCAGAAACCAGGGAAAGCCCCTAAGGTCCTGATCTATGCTGCATCCAGTTTGCAAAGTGGGGTCCCATCAAGGTTCAGTGGCAGTGGATCTGGGACAGATTTCACTCTCACCATCAGCAGTCTGCAACCTGAAGATTTTGCAACTTACTACTGTCAACAGAGTTACAGTACCCCTCCGCTCACTTTCGGCGGAGGGACCAAGGTGGAGATCAAAC,DIQMTQSPSSLSASVGDRVTITCRASQSISSYLNWYQQKPGKAPKVLIYAASSLQSGVPSRFSGSGSGTDFTLTISSLQPEDFATYYCQQSYSTPPLTFGGGTKVEIK,
C032,,GAGGTGCAGCTGGTGCAGTCTGGAGCAGAGGTGAAAAAGCCCGGGGAGTCTCTGAAGATCTCCTGTAAGGGTTCTGGATACAGCTTTACCAGCTACTGGATCGGCTGGGTGCGCCAGATGCCCGGGAAAGGCCTGGAGTGGATGGGGATCATCTATCCTGGTGACTCTGATACCAGATACAGCCCGTCCTTCCAAGGCCAGGTCACCATCTCAGCCGACAAGTCCATCAGCACCGCCTACCTGCAGTGGAGCAGCCTGAAGGCCTCGGACACCGCCATGTATTACTGTGCGAGAGGGGTAGCAGTGGACTGGTACTTCGATCTCTGGGGCCGTGGCACCCTGGTCACCGTCTCCTCAG,EVQLVQSGAEVKKPGESLKISCKGSGYSFTSYWIGWVRQMPGKGLEWMGIIYPGDSDTRYSPSFQGQVTISADKSISTAYLQWSSLKASDTAMYYCARGVAVDWYFDLWGRGTLVTVSS,,CAGTCTGTGCTGACTCAGCCGCCCTCAGTGTCTGGGGCCCCAGGGCAGAGGGTCACCATCTCCTGCACTGGGAGCAGCTCCAACATCGGGGCAGGTTATGATGTACACTGGTACCAGCAGCTTCCAGGAACAGCCCCCAAACTCCTCATCTATGGTAACAGCAATCGGCCCTCAGGGGTCCCTGACCGATTCTCTGGCTCCAAGTCTGGCACCTCAGCCTCCCTGGCCATCACTGGGCTCCAGGCTGAGGATGAGGCTGATTATTACTGCCAGTCCTATGACAGCAGCCTGAGTGCCCTTTATGTCTTCGGAACTGGGACCAAGGTCACCGTCCTAG,QSVLTQPPSVSGAPGQRVTISCTGSSSNIGAGYDVHWYQQLPGTAPKLLIYGNSNRPSGVPDRFSGSKSGTSASLAITGLQAEDEADYYCQSYDSSLSALYVFGTGTKVTVL,
C036,,CAGGTGCAGCTACAGCAGTGGGGCGCAGGACTGTTGAAGCCTTCGGAGACCCTGTCCCGCACCTGCGCTGTCTTTGGTGGGTCCTTCACTAATTACTACTGGAGTTGGATCCGCCAGTCCCCAGGGAAGGGGCTGGAGTGGATTGGGGAAATCAATGATAGTGGAATCACCAACTACAACCCGTCCCTCAAGAGTCGAGTCACCATCTCAGTAGACACGTCCAAGAACCAGTTCTCCCTGAGCCTGAGGTCTGTGACCGCCGCGGACACGGCTGTGTATTACTGTGCCAGAAGGAGGTCCTTCTCTCGTCCTTCGTCTATCGACTACTGGGGCCAGGGAACCCTGGTCACCGTCTCCTCAG,QVQLQQWGAGLLKPSETLSRTCAVFGGSFTNYYWSWIRQSPGKGLEWIGEINDSGITNYNPSLKSRVTISVDTSKNQFSLSLRSVTAADTAVYYCARRRSFSRPSSIDYWGQGTLVTVSS,,GATATTGTGATGACTCAGTCTCCACTCTCCCTGCCCGTCACCCCTGGAGAGCCGGCCTCCATCTCCTGCAGGTCTAGTCAGAGCCTCCTGCATAGAAATGGATACAACTATTTGGATTGGTACCTGCAGAAGCCAGGGCAGTCTCCACAGCTCCTGATCTATTTGGGTTCCAATCGGGCCTCCGGGGTCCCTGACAGGTTCAGGGGCAGTGGATCAGGCACAGATTTCACACTGAAAATCAGCAGAGTGGAGGCTGAGGATGTTGGGGTTTATTACTGCATGCAAGCTCTACAAACTCTCACCTTCGGCCAAGGGACACGACTGGAGATTAAAC,DIVMTQSPLSLPVTPGEPASISCRSSQSLLHRNGYNYLDWYLQKPGQSPQLLIYLGSNRASGVPDRFRGSGSGTDFTLKISRVEAEDVGVYYCMQALQTLTFGQGTRLEIK,
C037,,TGCAGCTGGTGCAGTCTGGGCCTGAGGTGAAGAAGCCTGGGACCTCAGTGAAGGTCTCCTGCAAGGCTTCTGGATTCACCTTTACTAGCTCTGCTATGCAGTGGGTGCGACAGGCTCGTGGACAACGCCTTGAGTGGATAGGATGGATCGTCGTTGGCAGTGGTAACACAAACTACGCACAGAAGTTCCAGGAAAGAGTCACCATTACCAGGGACATGTCCACAAGCACAGCCTACATGGAGCTGAGCAGCCTGAGATCCGAGGACACGGCCGTGTATTACTGTGCGGCCCCATATTGTAGTGGTGGTAGCTGCAATGATGCTTTTGATATCTGGGGCCAAGGGACAATGGTCACCGTCTCTTCAG,QLVQSGPEVKKPGTSVKVSCKASGFTFTSSAMQWVRQARGQRLEWIGWIVVGSGNTNYAQKFQERVTITRDMSTSTAYMELSSLRSEDTAVYYCAAPYCSGGSCNDAFDIWGQGTMVTVSS,,GAAATTGTGTTGACGCAGTCTCCAGGCACCCTGTCTTTGTCTCCAGGGGAAAGAGCCACCCTCTCCTGCAGGGCCAGTCAGAGTGTTAGCAGCAGCTACTTAGCCTGGTACCAGCAGAAACCTGGCCAGGCTCCCAGGCTCCTCATCTATGGTGCATCCAGCAGGGCCACTGGCATCCCAGACAGGTTCAGTGGCAGTGGGTCTGGGACAGACTTCACTCTCACCATCAGCAGACTGGAGCCTGAAGATTTTGCAGTGTATTACTGTCAGCAGTATGGTAGCTCACCGTGGACGTTCGGCCAAGGGACCAAGGTGGAAATCAAAC,EIVLTQSPGTLSLSPGERATLSCRASQSVSSSYLAWYQQKPGQAPRLLIYGASSRATGIPDRFSGSGSGTDFTLTISRLEPEDFAVYYCQQYGSSPWTFGQGTKVEIK,
C038,,AGGTGCAGCTGGTGGAGTCTGGGGGAGGCGTGGTCCAGCCTGGGAGGTCCCTGAGACTCTCCTGTGCAGCCTCTGGATTCACCTTCAATAGAATTGCCATGTACTGGGTCCGCCAGGCTCCAGGCAAGGGGCTGGAATGGGTGGCAGTTATATCATTTGATGGAAGTTATGAATACTATGCAGAGTCCGTGAAGGGCCGGTTCGCCATCTCCAGAGACAATTCCAAGAACACGCTGTATCTACAGATGAACAGCCTGAGAGCTGAGGACACGGCTGTCTATTACTGTGCGAAAAGTCCGATGGGTTATTGCACTAATGGTGTATGCTATCCTGACTCCTGGGGCCAGGGAACCCTGGTCACCGTCTCCTCAG,VQLVESGGGVVQPGRSLRLSCAASGFTFNRIAMYWVRQAPGKGLEWVAVISFDGSYEYYAESVKGRFAISRDNSKNTLYLQMNSLRAEDTAVYYCAKSPMGYCTNGVCYPDSWGQGTLVTVSS,,AATTTTATGCTGACTCAGCCCCACTCTGTGTCGGAGTCTCCGGGGAAGACGGTTACCATCTCCTGCACCGGCAGCAGTGGCAGCATTGCCAGCAACTATGTGCAGTGGTACCAGCAGCGCCCGGGCAGTGCCCCCACCACTGTGATCTATGAAGATACCCAAAGACCCTCTGGGGTCCCTGATCGGTTCTCTGGCTCCATCGACAGCTCCTCCAATTCTGCCTCCCTCACCATCTCTGGACTGAAGACTGAGGACGAGGCTGACTACTACTGTCAGTCTTATGATATCAACAGTCGTTGGGTGTTCGGCGGAGGGACCAAGCTGACCGTCCTA,NFMLTQPHSVSESPGKTVTISCTGSSGSIASNYVQWYQQRPGSAPTTVIYEDTQRPSGVPDRFSGSIDSSSNSASLTISGLKTEDEADYYCQSYDINSRWVFGGGTKLTVL,
C040,,GAGGTGCAGCTGGTGGAGTCTGGGGGAGGCTTGGTAAAGCCTGGGGGGTCCCTTAGACTCTCCTGTGCAGCCTCTGGATTCACTTTCAGTAACGCCTGGATGAGCTGGGTCCGCCAGGCTCCAGGGAAGGGGCTGGAGTGGGTTGGCCGTATTAAAAGCAAAACTGATGGTGGGACAACAGACTACGCTGCACCCGTGAAAGGCAGATTCACCATCTCAAGAGATGATTCAAAAAACACGCTGTATCTGCAAATGAACAGCCTGAAAACCGAGGACACAGCCGTGTATTACTGTACCACAGATCCCCATTGTAGTAGTACCAGCTGCCCCATTTTTTACTACTACTACATGGACGTCTGGGGCAAAGGGACCACGGTCACCGTCTCCTCAG,EVQLVESGGGLVKPGGSLRLSCAASGFTFSNAWMSWVRQAPGKGLEWVGRIKSKTDGGTTDYAAPVKGRFTISRDDSKNTLYLQMNSLKTEDTAVYYCTTDPHCSSTSCPIFYYYYMDVWGKGTTVTVSS,,TCCTATGAGCTGACTCAGCCACCCTCGGTGTCAGTGGCCCCAGGACAGACGGCCAGGATTACCTGTGGGGGAAACAACATTGGAAGTAAAAGTGTGCACTGGTACCAGCAGAAGCCAGGCCAGGCCCCTGTGCTGGTCGTCTATGATGATAGCGACCGGCCCTCAGGGATCCCTGAGCGATTCTCTGGCTCCAACTCTGGGAACACGGCCACCCTGACCATCAGCAGGGTCGAAGCCGGGGATGAGGCCGACTATTACTGTCAGGTGTGGGATAGTAGTAGTGATCAGGGGGTATTCGGCGGAGGGACCAAGCTGACCGTCCTAG,SYELTQPPSVSVAPGQTARITCGGNNIGSKSVHWYQQKPGQAPVLVVYDDSDRPSGIPERFSGSNSGNTATLTISRVEAGDEADYYCQVWDSSSDQGVFGGGTKLTVL,
C101,,CAGGTGCAGCTGGTGGAGTCTGGAGGAGGCTTGATCCAGCCTGGGGGGTCCCTGAGACTCTCCTGTGCAGCCTCTGGGTTCATCGTCAGTAGCAACTACATGAGCTGGGTCCGCCAGGCTCCAGGGAAGGGGCTGGAGTGGGTCTCAGTTATTTATAGCGGTGGTAGCACATTCTACACAGACTCCGTGAAGGGCCGATTCACCATCTCCAGAGACAATTCCAAGAACACTCTGTATCTTCAAATGAACAGCCTGAGAGCCGAGGACACGGCCGTGTATTACTGTGTGCGGGACTACGGTGACTTCTACTTTGACTACTGGGGCCAGGGAACCCTGGTCACCGTCTCCTCAG,QVQLVESGGGLIQPGGSLRLSCAASGFIVSSNYMSWVRQAPGKGLEWVSVIYSGGSTFYTDSVKGRFTISRDNSKNTLYLQMNSLRAEDTAVYYCVRDYGDFYFDYWGQGTLVTVSS,,GAAATTGTGTTGACGCAGTCTCCAGGCACCCTGTCTTTGTCTCCAGGGGAAAGAGCCACCCTCTCCTGCAGGGCCAGTCAGAGTGTTAGCAGCAGCTACTTAGCCTGGTACCAGCAGAAACCTGGCCAGGCTCCCAGGCTCCTCATCTATGGTGCATCCAGCAGGGCCACTGGCATCCCAGACAGGTTCAGTGGCGGTGGGTCTGAGACAGACTTCACTCTCACCATCAGCAGACTGGAGCCTGAAGATTGTGCAGTGTATTACTGTCAGCAGTATGGTAGCTCACCCCGGACGTTCGGCCAAGGGACCAAGGTGGAAATCAAAC,EIVLTQSPGTLSLSPGERATLSCRASQSVSSSYLAWYQQKPGQAPRLLIYGASSRATGIPDRFSGGGSETDFTLTISRLEPEDCAVYYCQQYGSSPRTFGQGTKVEIK,
C102,,CAGGTGCAGCTGGTGGAGTCTGGAGGAGGCTTGATCCAGCCTGGGGGGTCCCTGAGACTCTCCTGTGCAGCCTCTGGGTTCATCGTCAGTAGCAACTACATGAGCTGGGTCCGCCAGGCTCCAGGGAAGGGGCTGGAGTGGGTCTCAGTTATTTATAGCGGTGGTAGCACATTCTACGCAGACTCCGTGAAGGGCCGATTCACCATCTCCAGAGACAATTCCAAGAACACGCTGTATCTTCAAATGAACAGCCTGAGAGCCGAGGACACGGCCGTGTATTACTGTGCGAGGGACTACGGTGACTACTACTTTGACTACTGGGGCCAGGGAACCCTGGTCACCGTCTCCTCAG,QVQLVESGGGLIQPGGSLRLSCAASGFIVSSNYMSWVRQAPGKGLEWVSVIYSGGSTFYADSVKGRFTISRDNSKNTLYLQMNSLRAEDTAVYYCARDYGDYYFDYWGQGTLVTVSS,,GAAATTGTGTTGACGCAGTCTCCAGGCACCCTGTCTTTGTCTCCAGGGGAAAGAGCCACCCTCTCCTGCAGGGCCAGTCAGAGTGTTAGCAGCAGCTACTTAGCCTGGTACCAGCAGAAACCTGGCCAGGCTCCCAGGCTCCTCATCTATGGTGCATCCAGCAGGGCCACTGGCATCCCAGACAGGTTCAGTGGCAGTGGGTCTGGGACAGACTTCACTCTCACCATCAGCAGACTGGAGCCTGAAGATTTTGCAGTCTATTACTGTCAGCAGTATGGTAGCTCACCTCGGACGTTCGGCCAAGGGACCAAGGTGGAAATCAAAC,EIVLTQSPGTLSLSPGERATLSCRASQSVSSSYLAWYQQKPGQAPRLLIYGASSRATGIPDRFSGSGSGTDFTLTISRLEPEDFAVYYCQQYGSSPRTFGQGTKVEIK,
C103,,CAGGTGCAGCTACAGCAGTGGGGCGCAGGACTGTTGAAGCCTTCGGAGACCCTGTCCCTCACCTGCGCTGTCTCTGGTGGGTCACTCAGTGGTTTCTACTGGACCTGGATCCGCCAGCCCCCAGGAAAGGGGCTGGAGTGGATTGGGGAAACCAATCATTTTGGAAGCACCGGCTACAAGCCGTCCCTCAAGAGTCGAGTCACCATATCAGTAGACATGTCCAGGAACCAGTTCTCCCTGAAGGTGACCTCTGTGACCGCCGCGGACACGGCTGTGTATTACTGTGCGAGAAAGCCCCTCCTCTACAGTGACTTCTCTCCTGGTGCTTTTGATATCTGGGGCCAAGGGACAATGGTCACCGTCTCTTCAG,QVQLQQWGAGLLKPSETLSLTCAVSGGSLSGFYWTWIRQPPGKGLEWIGETNHFGSTGYKPSLKSRVTISVDMSRNQFSLKVTSVTAADTAVYYCARKPLLYSDFSPGAFDIWGQGTMVTVSS,,GAAATTGTGTTGACGCAGTCTCCAGGCACCCTGTCTTTGTCTCCAGGGGAAAGAGCCACCCTCTCCTGCAGGGCCAGTCAGACTGTTACCGCCAACTACTTAGCCTGGTACCAGCAGAAACCTGGCCAGGCTCCCAGACTCCTCATCTATGGTGCATCCAAGAGGGCCACTGGCATCCCAGACAGGTTCAGTGGCAGTGGGTCTGGGACAGACTTCACTCTCAGCATCAGCAGACTGGAGCCTGAAGATTTTGCAGTGTATTACTGTCAGCAGTATACTACTACACCTCGGACTTTCGGCGGAGGGACCAAGGTGGAGATCAAAC,EIVLTQSPGTLSLSPGERATLSCRASQTVTANYLAWYQQKPGQAPRLLIYGASKRATGIPDRFSGSGSGTDFTLSISRLEPEDFAVYYCQQYTTTPRTFGGGTKVEIK,
C104,,CAGGTGCAGCTACAGCAGTGGGGCGCAGGACTGTTGAAGCCTTCGGAGACCCTGTCCCTCTCCTGCGCTGTCTATGGTGGGTCCCTCAGTGGTTACTACTGGAGCTGGATCCGCCAGCCCCCAGGGAAGGGGCTGGAGTGGATTGGGGAGATCAATCATTTTGGAAGCACCGGCTACAACCCGTCCCTCAAGAGTCGAGTCACCATCTCCGTGGACACGTCCAAGAGCCAGTTCTCCGTGAAGCTGAGCTCTGTGACCGCCGCGGACACGGCTGTCTATTACTGCGCGAGAAAGCCCCTCCTCTACAGTAACTTATCCCCTGGTGCTTTTGATATCTGGGGCCAAGGGACAATGGTCACCGTCTCTTCAG,QVQLQQWGAGLLKPSETLSLSCAVYGGSLSGYYWSWIRQPPGKGLEWIGEINHFGSTGYNPSLKSRVTISVDTSKSQFSVKLSSVTAADTAVYYCARKPLLYSNLSPGAFDIWGQGTMVTVSS,,GAAATTGTGTTGACGCAGTCTCCAGGCACCGTGTCTTTGTCTCCAGGGGAAAGAGCCACCCTCTCCTGCTGGGCCAGTCAGAGTGTTAGCGCCAGCTACTTAGCCTGGTACCAGCAGAAACCTGGCCAGGCTCCCAGGCTCCTCATCTATGGTGCATCCAGCAGGGCCACTGGCATCCCAGACAGGTTCAGTGGCAGTGGGTCTGGGACAGACTTCACTCTCACCATCAGTAGACTGGAGCCTGAAGATTTTGCAGTATATTACTGTCAGCAGTACGGTACTACACCTCGGACTTTCGGCGGAGGGACCAAGGTGGAGATCAAAC,EIVLTQSPGTVSLSPGERATLSCWASQSVSASYLAWYQQKPGQAPRLLIYGASSRATGIPDRFSGSGSGTDFTLTISRLEPEDFAVYYCQQYGTTPRTFGGGTKVEIK,
C105,,CAGGTGCAGCTGGTGGAGTCTGGAGGAGGCTTGATCCAGCCTGGGGGGTCCCTGAGACTCTCCTGTGCAGCCTCTGGGTTCACCGTCAGTAGCAACTACATGAGCTGGGTCCGCCAGGCTCCAGGGAAGGGGCTGGAGTGGGTCTCAGTTATTTATAGCGGTGGTAGTACATACTACGCAGACTCCGTGAAGGGCCGATTCACCATCTCCAGAGACAATTCCAAGAACACGCTGTATCTTCAAATGAACAGCCTGAGAGCCGAGGACACGGCCGTGTATTACTGTGCGAGAGGCGAGGGGTGGGAGCTACCATACGACTACTGGGGCCAGGGAACCCTGGTCACCGTCTCCTCAG,QVQLVESGGGLIQPGGSLRLSCAASGFTVSSNYMSWVRQAPGKGLEWVSVIYSGGSTYYADSVKGRFTISRDNSKNTLYLQMNSLRAEDTAVYYCARGEGWELPYDYWGQGTLVTVSS,,CAGTCTGCCCTGACTCAGCCTCCCTCCGCGTCCGGGTCTCCTGGACAGTCAGTCACCATCTCCTGCACTGGAACCAGCAGTGACGTTGGTGGTTATAAGTATGTCTCCTGGTACCAACAGCACCCAGGCAAAGCCCCCAAACTCATGATTTATGAGGTCAGTAAGCGGCCCTCAGGGGTCCCTGATCGCTTCTCTGGCTCCAAGTCTGGCAACACGGCCTCCCTGACCGTTTCTGGGCTCCAGGCTGAGGATGAGGCTGATTATTACTGCAGCTCATATGAAGGCAGCAACAATTTTGTGGTATTCGGCGGAGGGACCAAGCTGACCGTCCTAG,QSALTQPPSASGSPGQSVTISCTGTSSDVGGYKYVSWYQQHPGKAPKLMIYEVSKRPSGVPDRFSGSKSGNTASLTVSGLQAEDEADYYCSSYEGSNNFVVFGGGTKLTVL,
C106,,CAGCTGCAGCTGCAGGAGTCGGGCCCAGGACTGGTGAAGCCTTCGGAGACCCTGTCCCTCACCTGCACTGTCTCTGGTGCCTCCGTCAGCAGTGGTAGTTACTACTGGAGCTGGATCCGGCAGCCCCCAGGGAAGGGACTGGAATGGATTGGGTATATCTATTACAGTGGGAGCACCAACTACAACCCCTCCCTCAAGAGTCGAGTCACCATATCAGTGGACACGTCCAAGAACCAGTTCTCCCTGAAGCTGAGCTCTGTGACCGCTGCGGACACGGCCGTGTATTACTGTGCGAGAGAGCGGCCCGGTGGAACGTATAGCAACACCTGGTACACCCCAACCGATACCAACTGGTTCGACACCTGGGGCCAGGGAACCCTGGTCACCGTCTCCTCAG,QLQLQESGPGLVKPSETLSLTCTVSGASVSSGSYYWSWIRQPPGKGLEWIGYIYYSGSTNYNPSLKSRVTISVDTSKNQFSLKLSSVTAADTAVYYCARERPGGTYSNTWYTPTDTNWFDTWGQGTLVTVSS,,TCCTATGAGCTGACACAGCCACCCTCAGTGTCAGTGGCCCCAGGAAAGACGGCCAGGATTACCTGTGGGGGAAACAACATTGGAAGTAAAAGTGTGCACTGGTACCAGCAGAAGCCAGGCCAGGCCCCTGTGCTGGTCATCTATTTTGATAGCGACCGGCCCTCAGGGATCCCTGAGCGATTCTCTGGCTCCAACTCTGGGAACACGGCCACCCTGACCATCAGCAGGGTCGAAGCCGGGGATGAGGCCGACTATTACTGTCAGGTGTGGGATAGTAGTCGTGATCATGTGGTATTCGGCGGAGGGACCAAGCTGACCGTCCTAG,SYELTQPPSVSVAPGKTARITCGGNNIGSKSVHWYQQKPGQAPVLVIYFDSDRPSGIPERFSGSNSGNTATLTISRVEAGDEADYYCQVWDSSRDHVVFGGGTKLTVL,
C107,,CAGGTTCAGCTGGTGCAGTCTGGAGCTGAGGTGAAGAAGCCTGGGGCCTCAGTGAGGGTCTCCTGCAAGGCTTCTGGTTACACCTTTACCAGCTATGGTTTCAGCTGGGTGCGACAGGCCCCTGGACAAGGGCTTGAGTGGATGGGATGGATCAGCGCTTACAATGGTAACACAAACTTTGCACAGAAGCTCCAGGGCAGAGTCACCATGACCACAGACACATCCACGAGCACAGCCTACATGGAGCTGAGGAGCCTGAGATCTGACGACACGGCCGTGTATTACTGTGCGAGAGGGGAAGCAGTGGCTGGTACAACCGGTTTTTTTGACTACTGGGGCCAGGGAACCCTGGTCACCGTCTCCTCAG,QVQLVQSGAEVKKPGASVRVSCKASGYTFTSYGFSWVRQAPGQGLEWMGWISAYNGNTNFAQKLQGRVTMTTDTSTSTAYMELRSLRSDDTAVYYCARGEAVAGTTGFFDYWGQGTLVTVSS,,CAGTCTGTGCTGACTCAGCCACCCTCAGCGTCTGGGACCCCCGGGCAGAGGGTCACCATCTCTTGTTCTGGAAGCAGCTCCAACATCGGAAGTAATTATGTATACTGGTACCAGCAGCTCCCAGGAACGGCCCCCAAACTCCTCATCTATAGGAATAATCAGCGGCCCTCAGGGGTCCCTGACCGATTCTCTGGCTCCAAGTCTGGCACCTCAGCCTCCCTGGCCATCAGTGGGCTCCGGTCCGAGGATGAGGCTGATTATTACTGTGCAGCATGGGATGACAGCCTGAGTGGTTTTGTGGTATTCGGCGGAGGGACCAAGCTGACCGTCCTAG,QSVLTQPPSASGTPGQRVTISCSGSSSNIGSNYVYWYQQLPGTAPKLLIYRNNQRPSGVPDRFSGSKSGTSASLAISGLRSEDEADYYCAAWDDSLSGFVVFGGGTKLTVL,
C108,,CAGGTGCAGCTGCAGGAGTCGGGCCCAGGACTGGTGAAGCCTTCGGGGACCCTGTCCCTCACCTGCGCTGTCTCTGGTGGCTCCATCAGCAGTACTAACTGGTGGAGTTGGGTCCGCCAGCCCCCAGGGAAGGGGCTGGAGTGGATTGGGGAAATCTATCATACTGGGAGCACCAACTACAACCCGTCCCTCAAGAGTCGAGTCACCATATCAGTAGACAAGTCCAAGAACCAGTTCTCCCTGAAGCTGAGCTCTGTGACCGCCGCGGACACGGCCGTGTATTACTGTGTGAGAGATGGAGGACGACCCGGGGATGCTTTTGATATCTGGGGCCAAGGGACAATGGTCACCGTCTCTTCAG,QVQLQESGPGLVKPSGTLSLTCAVSGGSISSTNWWSWVRQPPGKGLEWIGEIYHTGSTNYNPSLKSRVTISVDKSKNQFSLKLSSVTAADTAVYYCVRDGGRPGDAFDIWGQGTMVTVSS,,CAGTCTGCCCTGACTCAGCCTGCCTCCGTGTCTGGGTCTCCTGGACAGTCGATCACCATCTCCTGCACTGGAACCAGCAGTGACGTTGGTGGTTATAACTATGTCTCCTGGTACCAACAACACCCAGGCAAAGCCCCCAAACTCATGATTTATGATGTCAGTAATCGGCCCTCAGGGGTTTCTAATCGCTTCTCTGGCTCCAAGTCTGGCAACACGGCCTCCCTGACCATCTCTGGGCTCCAGGCTGAGGACGAGGCTGATTATTACTGCAACTCATATACAAGCAGCAGCACTCGAGTCTTCGGAACTGGGACCAAGGTCACCGTCCTAG,QSALTQPASVSGSPGQSITISCTGTSSDVGGYNYVSWYQQHPGKAPKLMIYDVSNRPSGVSNRFSGSKSGNTASLTISGLQAEDEADYYCNSYTSSSTRVFGTGTKVTVL,
C110,,CAGGTACAGCTGCAGCAGTCTGGAGCAGAGGTGAAAAAGCCCGGGGAGTCTCTGAAGATCTCCTGTAAGGGTTCTGGATACAGCTTTACCAGCTACTGGATCGGCTGGGTGCGCCAGATGCCCGGGAAAGGCCTGGAGTGGATGGGGATCATCTATCCTGGTGACTCTGATACCAGATACAGCCCGTCCTTCCAAGGCCAGGTCACCATCTCAGCCGACAAGTCCATCAGCACCGCCTACATGCAGTGGAGCAGCCTGAAGGCCTCGGACACCGCCATGTATTACTGTGCGAGATCGTTCCGGGACGACCCCCGTATAGCAGTGGCTGGCCCGGCTGATGCTTTTGATATCTGGGGCCAAGGGACAATGGTCACCGTCTCTTCAG,QVQLQQSGAEVKKPGESLKISCKGSGYSFTSYWIGWVRQMPGKGLEWMGIIYPGDSDTRYSPSFQGQVTISADKSISTAYMQWSSLKASDTAMYYCARSFRDDPRIAVAGPADAFDIWGQGTMVTVSS,,GACATCCAGATGACCCAGTCTCCTTCCACCCTGTCTGCATCTGTAGGAGACAGAGTCACCATCACTTGCCGGGCCAGTCAGAGTATTAGTTACTGGTTGGCCTGGTATCAGCAGAAACCAGGGAAAGCCCCTAAGCTCCTGATCTATCAGGCGTCTAGTTTAGAAAGTGGGGTCCCGTCAAGGTTCAGCGGCAGTGAGTCTGGGACAGAATTCACTCTCACCATCAGCAGCCTGCAGCCTGATGATTTTGCAACTTATTACTGCCAACAGTATAATAGTTACCCGTACACTTTTGGCCAGGGGACCAAGCTGGAGATCAAAC,DIQMTQSPSTLSASVGDRVTITCRASQSISYWLAWYQQKPGKAPKLLIYQASSLESGVPSRFSGSESGTEFTLTISSLQPDDFATYYCQQYNSYPYTFGQGTKLEIK,
C112,,CAGGTGCAGCTGGTGGAGTCTGGGGGAGGCGTGGTCCAGCCTGGGAGGTCCCTGAGACTCTCCTGTGCAGCCTCTGGATTCACCTTCAGTAGCCATGCTATGCACTGGGTCCGCCAGGCTCCAGGCAAGGGGCTGGAGTGGGTGGCAGTTATATCATATGATGGAAGCAATAAATACTACGCAGACTCCGTGAAGGGCCGATTCACCATCTCCAGAGACAATTCCAAGAACACGCTGTATCTGCAAATGAACAGCCTGAGAGCTGAGGACACGGCTGTGTATTACTGTGCGAGAGAGGATTACTATGATAGTAGTGGTTCTTTTGACTACTGGGGCCAGGGAACCCTGGTCACCGTCTCCTCAG,QVQLVESGGGVVQPGRSLRLSCAASGFTFSSHAMHWVRQAPGKGLEWVAVISYDGSNKYYADSVKGRFTISRDNSKNTLYLQMNSLRAEDTAVYYCAREDYYDSSGSFDYWGQGTLVTVSS,,CAGTCTGCCCTGACTCAGCCTGCCTCCGTGTCTGGGTCTCCTGGACAGTCGATCACCATCTCCTGCACCGGAACCAGCAGTGACGTTGGTGGTTATAACTATGTCTCCTGGTACCAACAACACCCAGGCAAAGCCCCCAAACTCATGATTTATGATGTCAGTAATCGGCCCTCAGGGGTTTCTAATCGCTTCTCTGGCTCCAAGTCTGGCAACACGGCCTCCCTGACCATCTCTGGGCTCCAGGCTGAGGACGAGGCTGATTATTACTGCAGCTCATATACAAGCAGCAGCACTTGGGTGTTCGGCGGAGGGACCAAGCTGACCGTCCTAG,QSALTQPASVSGSPGQSITISCTGTSSDVGGYNYVSWYQQHPGKAPKLMIYDVSNRPSGVSNRFSGSKSGNTASLTISGLQAEDEADYYCSSYTSSSTWVFGGGTKLTVL,
C113,,CAGGTGCAGCTGGTGGAGTCTGGGGGAGGCGTGGTCCAGCCTGGGAGGTCCCTGAGACTCTCCTGTGCAGCGTCTGGATTCACCTTCAGTAACTTTGGCATGCACTGGGTCCGCCAGGCTCCAGGCAAGGGGCTGGAGTGGGTGGCAGTTATATGGTATGATGGAAGTAATAAATACTATGCAGACTCCGTGAAGGGCCGATTCACCATCTCCAGAGACAATTCCAAGAACACGCTGTATCTGCAAATGAACAGCCTGAGAGCCGAGGACACGGCTGTGTATTACTGTGCGAGAGGAGTAAACCCCGACGATATTTTGACTGGCGTAGATGCTTTTGATATCTGGGGCCAAGGGACAATGGTCACCGTCTCTTCAG,QVQLVESGGGVVQPGRSLRLSCAASGFTFSNFGMHWVRQAPGKGLEWVAVIWYDGSNKYYADSVKGRFTISRDNSKNTLYLQMNSLRAEDTAVYYCARGVNPDDILTGVDAFDIWGQGTMVTVSS,,GACATCCAGATGACCCAGTCTCCTTCCACCCTGTCTGCATCTGTAGGAGACAGAGTCACCATCACTTGCCGGGCCAGTCAGAGTATGAGTAGCTGGTTGGCCTGGTATCAGCAGAAACCAGGGAACGCCCCTAAGCTCCTGATCTATAAGGCGTCTAGTTTAGAAAGTGGGGTCCCATCAAGGTTCAGCGGCAGTGGATCTGGGACAGAATTCACTCTCACCATCAGCAGCCTGCAGCCTGATGATTTTGCAACTTATTACTGCCAACAGCATAATAGTTCCCCGCTCACTTTCGGCGGAGGGACCAAGGTGGAGATCAAAC,DIQMTQSPSTLSASVGDRVTITCRASQSMSSWLAWYQQKPGNAPKLLIYKASSLESGVPSRFSGSGSGTEFTLTISSLQPDDFATYYCQQHNSSPLTFGGGTKVEIK,
C114,,CAGGTGCAGCTGGTGGAGTCTGGAGGAGGGTTGATCCAGCCTGGGGGGTCCCTGAAACTCTCCTGTGTAGTCTCTGGGTTCACCGTCAGTAAGAACTACATCAGTTGGGTCCGCCAGGCTCCAGGCAAGGGGCTGGAATGGGTCTCAGTTATTTTTGCCGGTGGTAGTACATTCTACGCAGACTCCGTTAAGGGCCGATTCGCCATCTCCAGAGACAACTCCAACAACACGCTGTTTCTTCAAATGAACAGCCTGAGAGTCGAGGACACGGCCATTTATTACTGTGCGAGAGGGGACGGGGAGTTATTCTTTGACCAATGGGGCCAGGGAACCCTGGTCACCGTCTCCTCAG,QVQLVESGGGLIQPGGSLKLSCVVSGFTVSKNYISWVRQAPGKGLEWVSVIFAGGSTFYADSVKGRFAISRDNSNNTLFLQMNSLRVEDTAIYYCARGDGELFFDQWGQGTLVTVSS,,CAGTCTGTGCTGACTCAGCCGCCCTCAGTGTCTGGGGCCCCAGGGCAGAGGGTCACCATCTCCTGCACTGGGACCAGTTCCAACATCGGGGCAGGTTATGATGTGCACTGGTACCAGCAACTTCCTGGAAGAGCCCCCAAAGTCCTCATCTCTGGAAACAACATTCGGCCCTCAGAGGTCCCTGACCGATTCTCTGGCTCCAGGTCTGGCACCTCAGCCTCCCTGGCCATCACTAGTCTCCAGCCTGAGGATGAGGCTCAATATTACTGTCAGTCTTATGACAGCAGTCTCTATGCGGTGTTCGGCGGAGGGACCAAGCTGACCGTCCTA,QSVLTQPPSVSGAPGQRVTISCTGTSSNIGAGYDVHWYQQLPGRAPKVLISGNNIRPSEVPDRFSGSRSGTSASLAITSLQPEDEAQYYCQSYDSSLYAVFGGGTKLTVL,
C115,,CAGGTGCAGCTGGTGGAGTCTGGGGGAGGCTTGATAAAGCCAGGGCGGTCCCTGAGACTCTCTTGTACAGCCTCTGGATTCACCTTTGGTGATTATGCTATGACCTGGTTCCGCCAGGCTCCAGGGAAGGGGCTGGAGTGGGTAGGTTTCATTAGAAGTAAAGCTTATGGTGGGACAACAGGATACGCCGCGTCTGTGAAATACAGATTTACCATCTCAAGAGATGATTCCAAAAGCATCGCCTATCTGCAAATGGACAGCCTGAAAACCGAGGACACAGCCGTGTATTACTGTACTAGGTGGGACGGGTGGAGTCAACATGACTATTGGGGCCAGGGAACCCTGGTCACCGTCTCCTCAG,QVQLVESGGGLIKPGRSLRLSCTASGFTFGDYAMTWFRQAPGKGLEWVGFIRSKAYGGTTGYAASVKYRFTISRDDSKSIAYLQMDSLKTEDTAVYYCTRWDGWSQHDYWGQGTLVTVSS,,GATATTGTGATGACTCAGTCTCCACTCTCCCTGTCCGTCACCCCTGGAGAGCCGGCCTCCATCTCCTGCAGGTCTAGTCAGAGCCTCCTGCATAGTAATGGAAACAACTATTTCGATTGGTACCTGCAGAAGCCAGGGCAGTCTCCACAGCTCCTGATCTATTTGGGTTCTAATCGGGCCTCCGGGGTCCCTGACAGGTTCAGTGGCAGTGGATCAGGCACAGATTTTACACTGAAGATCAGCAGAGTGGAGGCTGAGGATGTTGGGGTTTATTACTGCATGCAAGTTCTACAAATTCCGTACACTTTTGGCCAGGGGACCAAGCTGGAGATCAAAC,DIVMTQSPLSLSVTPGEPASISCRSSQSLLHSNGNNYFDWYLQKPGQSPQLLIYLGSNRASGVPDRFSGSGSGTDFTLKISRVEAEDVGVYYCMQVLQIPYTFGQGTKLEIK,
C116,,CAGGTGCAGCTGGTGGAGTCTGGGGGAGGCGTGGTCCAGCCTGGGAGGTCCCTGAGACTCTCCTGTGCAGCCTCTGGATTCACCTACAGTACCTATGCTATGCACTGGGTCCGCCAGGCTCCAGGCAAGGGGCTGGAGTGGGTGGCATTTATATCATATGATGGAAGCAATAAATACTACGCAGACTCCGTGAAGGGCCGATTCACCATCTCCAGAGACAATTCCAAGAACACGCTGTATCTGCAAATGAACAGCCTGAGAGCTGAGGACACGGCTGTGTATTACTGTGCGAGAGATTTCTACCATAACTGGTTCGACCCCTGGGGCCAGGGAACCCTGGTCACCGTCTCCTCAG,QVQLVESGGGVVQPGRSLRLSCAASGFTYSTYAMHWVRQAPGKGLEWVAFISYDGSNKYYADSVKGRFTISRDNSKNTLYLQMNSLRAEDTAVYYCARDFYHNWFDPWGQGTLVTVSS,,AATTTTATGCTGACTCAGCCCCACTCTGTGTCGGAGTCTCCGGGGAAGACGGTAACCATCTCCTGCACCGGCAGCAGTGGCAGCATTGCCAGCAACTATGTGCAGTGGTACCAGCAGCGCCCGGGCAGTGCCCCCACCACTGTGATCTATGAGGATAACCAAAGACCCTCTGGGGTCCCTGATCGGTTCTCTGGCTCCATCGACAGGTCCTCCAACTCTGCCTCCCTCACCATCTCTGGACTGAAGACTGAGGACGAGGCTGACTACTACTGTCAGTCTTATGATAGCGGCAATCATTGGGTGGTATTCGGCGGAGGGACCAGGCTGACCGTCCTAG,NFMLTQPHSVSESPGKTVTISCTGSSGSIASNYVQWYQQRPGSAPTTVIYEDNQRPSGVPDRFSGSIDRSSNSASLTISGLKTEDEADYYCQSYDSGNHWVVFGGGTRLTVL,
C117,,CAGGTGCAGCTGGTGGAGTCTGGGGGAGGCGTGGTCCAGCCTGGGAGGTCCCTGAGACTCTCCTGTGCAGCCTCTGGATTCACCTTCAGTACCTATGCTATGCACTGGGTCCGCCAGGCTCCAGGCGAGGGGCTGGAGTGGGTGGCAGTTATTTCATATGATGGAAGCAATACATACTACGCAGACTCCGTGAAGGGCCGATTCACCATCTCCAGAGACAATTCCAAGAACACGCTGTATCTGCAAATGAACAGCCTGAGAGCTGAAGACACGGCTGTGTATTACTGTGCGAGAGATCCCATATGGTTCGGGGAGTTATTATCTCCTCCTTTTGTTCACTTTGACTACTGGGGCCAGGGAACCCTGGTCACCGTCTCCTCAG,QVQLVESGGGVVQPGRSLRLSCAASGFTFSTYAMHWVRQAPGEGLEWVAVISYDGSNTYYADSVKGRFTISRDNSKNTLYLQMNSLRAEDTAVYYCARDPIWFGELLSPPFVHFDYWGQGTLVTVSS,,CAGTCTGTGCTGACTCAGCCGCCCTCAGTGTCTGCGGCCCCAGGACAGAAGGTCACCATCTCCTGCTCTGGAAGCAGCTCCAACATTGGGAATAATTTGGTATCCTGGTACCAGCAGCTCCCAGGAACAGCCCCCAAACTCCTCATCTATGAAAATAATAAGCGACCCTCAGGGATTCCTGACCGATTCTCTGGCTCCAAGTCTGGCACGTCAGCCACCCTGGGCATCACCGGACTCCAGACTGGGGACGAGGCCGATTATTACTGCGGAGCATGGGATAGCAGCCTGAGTGCTGGCGGGGTTTATGTCTTCGGAACTGGGACCAAGGTCACCGTCCTAG,QSVLTQPPSVSAAPGQKVTISCSGSSSNIGNNLVSWYQQLPGTAPKLLIYENNKRPSGIPDRFSGSKSGTSATLGITGLQTGDEADYYCGAWDSSLSAGGVYVFGTGTKVTVL,
C118,,CAGGTGCAGCTGGTGGAGTCTGGGGGAGGCGTGGTCCAGCCTGGGAGGTCCCTGAGACTCTCCTGTGCAGCCTCTGGATTCACCTTCAGTAACTATGCTATGCACTGGGTCCGCCAGGCTCCAGGCAAGGGGCTGGAGTGGGTGGCAGTTATATCATATGATGGAAGCAATAAATACTACGCAGACTCCGTGAAGGGCCGATTCACCATCTCCAGAGACAATTCCAAGAACACGCTGTATCTGCAAATGAACAGCCTGAGAGCTGAGGACACGGCTATTTATTACTGTGCGAGTGGATATACTGGCTACGATTATTTTGTGCGGGGGGACTACTACGGTCTGGACGTCTGGGGCCAAGGGACCACGGTCACCGTCTCCTCA,QVQLVESGGGVVQPGRSLRLSCAASGFTFSNYAMHWVRQAPGKGLEWVAVISYDGSNKYYADSVKGRFTISRDNSKNTLYLQMNSLRAEDTAIYYCASGYTGYDYFVRGDYYGLDVWGQGTTVTVSS,,CAGCCTGTGCTGACTCAATCGCCCTCTGCCTCTGCCTCCCTGGGAGCCTCGGTCAAGCTCACCTGCACTCTGAGCAGTGGGCACAGCAGCTACGCCATCGCATGGCATCAGCAGCAGCCAGAGAAGGGCCCTCGGTACTTGATGAAGCTTAACACTGATGGCAGCCACAGCAAGGGGGACGGGATCCCTGATCGCTTCTCAGGCTCCAGCTCTGGGGCTGAGCGCTACCTCACCATCTCCAGCCTCCAGTCTGAGGATGAGGCTGACTATTACTGTCAGACCTGGGGCACTGGCATTCTCGTATTCGGCGGAGGGACCAAGCTGACCGTCCTAG,QPVLTQSPSASASLGASVKLTCTLSSGHSSYAIAWHQQQPEKGPRYLMKLNTDGSHSKGDGIPDRFSGSSSGAERYLTISSLQSEDEADYYCQTWGTGILVFGGGTKLTVL,
C119,,CAGGTCCAGCTGGTACAGTCTGGGGCTGAGGTGAAGAAGCCTGGGGCCTCAGTGAAGGTTTCCTGCAAGGCATCTGGATACACCTTCACCAGCTACTATATGCACTGGGTGCGACAGGCCCCTGGACAAGGGCTTGAGTGGATGGGAATAATCAACCCTAGTGGTGGTAGCACAAGCTACGCACAGAAGTTACAGGGCAGAGTCACCATGACCAGGGACACGTCCACGAGCACAGTCTACATGGAGCTGAGCAGCCTGAGATCTGAGGACACGGCCGTGTATTACTGTGCGAGAGCCAATCATGAAACAACTATGGACACTTACTACTACTACTACTACATGGACGTCTGGGGCAAAGGGACCACGGTCACCGTCTCCTCA,QVQLVQSGAEVKKPGASVKVSCKASGYTFTSYYMHWVRQAPGQGLEWMGIINPSGGSTSYAQKLQGRVTMTRDTSTSTVYMELSSLRSEDTAVYYCARANHETTMDTYYYYYYMDVWGKGTTVTVSS,,CAGTCTGCCCTGACTCAGCCTGCCTCCGTGTCTGGGTCTCCTGGACAGTCGATCACCATCTCCTGCACTGGAACCAGCAGTGACGTTGGTGGTTATAAGTATGTCTCCTGGTACCAACGGCACCCAGGCAAAGCCCCCAAACTCATGATATATGATGTCAGTAATCGGCCCTCAGGGGTTTCTAATCGCTTCTCTGGCTCCAAGTCTGGCAACACGGCCTCCCTGACCATCTCTGGGCTCCAGGCTGAGGACGAGGCTGATTATTACTGCAGCTCATACACAAGCAGCAGCACTTCTGTGGTGTTCGGCGGAGGGACCCAGCTGACCGTCCTAG,QSALTQPASVSGSPGQSITISCTGTSSDVGGYKYVSWYQRHPGKAPKLMIYDVSNRPSGVSNRFSGSKSGNTASLTISGLQAEDEADYYCSSYTSSSTSVVFGGGTQLTVL,
C120,,GAGGTGCAGCTGGTGGAGTCTGGAGGAGGCTTGATCCAGCCTGGGGGGTCCCTGAGACTCTCCTGTGCAGCCTCTGGGTTCACCGTCAGTAGCAACTACATGACCTGGGTCCGCCAGGCTCCAGGGAAGGGGCTGGAGTGGGTCTCACTTATTTATCCCGGTGGTAGCACATACTACGCAGACTCCGTGAAGGGCCGATTCACCATCTCCAGAGACAATTCCAAGAACACGCTGTATCTTCAAATGAACAGCCTGAGAGCCGAGGACACGGCCGTCTATTACTGTGCGAGAGAGGGTATGGGTATGGCAGCAGCTGGTACGTGGGGCCAGGGAACCCTGGTCACCGTCTCCTCAG,EVQLVESGGGLIQPGGSLRLSCAASGFTVSSNYMTWVRQAPGKGLEWVSLIYPGGSTYYADSVKGRFTISRDNSKNTLYLQMNSLRAEDTAVYYCAREGMGMAAAGTWGQGTLVTVSS,,GCCATCCGGATGACCCAGTCTCCATCCTCCCTGTCTGCATCTGTAGGAGACACAGTCACCATCACTTGCCAGGCGAGTCAGGACATTAGCAAGTATTTAAATTGGTATCAGCAGAAACCAGGGAAAGCCCCTAAGCTCCTGATCTACGATGCATCCAATTTGGAAACAGGGGTCCCATCAAGGTTCAGTGGAAGTGGATCTGGGACAGATTTTACTTTCACCATCAGCAGCCTGCAGCCTGAAGATATTGCAACATATTACTGTCAACAGTATGATAATCTCCCTCAGACTTTCGGCGGAGGGACCAAGGTGGAGATCAAAC,AIRMTQSPSSLSASVGDTVTITCQASQDISKYLNWYQQKPGKAPKLLIYDASNLETGVPSRFSGSGSGTDFTFTISSLQPEDIATYYCQQYDNLPQTFGGGTKVEIK,
C121,,CAGGTGCAGCTGGTGCAGTCTGGGGCTGAGGTGAAGAAGCCTGGGGCCTCAGTGAAGGTCTCCTGCAAGGCTTCTGGATACACCTTCACCGGCTACTATATGCACTGGGTGCGACAGGCCCCTGGACAAGGGCTTGAGTGGATGGGATGGATCAGCCCTGTCAGTGGTGGCACAAACTATGCACAGAAGTTTCAGGGCAGGGTCACCATGACCAGGGACACGTCCATCAGCACAGCCTACATGGAGCTGAGCAGGCTGAGATCTGACGACACGGCCGTGTATTACTGTGCGAGAGCCCCACTGTTCCCCACAGGGGTGCTAGCTGGGGACTACTACTACTACGGTATGGACGTCTGGGGCCAAGGGACCACGGTCACCGTCTCCTCA,QVQLVQSGAEVKKPGASVKVSCKASGYTFTGYYMHWVRQAPGQGLEWMGWISPVSGGTNYAQKFQGRVTMTRDTSISTAYMELSRLRSDDTAVYYCARAPLFPTGVLAGDYYYYGMDVWGQGTTVTVSS,,CAGTCTGCCCTGACTCAGCCTGCCTCCGTGTCTGGGTCTCCTGGACAGTCGATCACCATCTCCTGCACTGGAACCAGCAGTGATGTTGGGAGTTATAACCTTGTCTCCTGGTACCAACAGCACCCAGGCAAAGCCCCCAAACTCATGATTTATGAGGGCAGTAAGCGGCCCTCAGGGGTTTCTAATCGCTTCTCTGGCTCCAAGTCTGGCAACACGGCCTCCCTGACAATCTCTGGACTCCAGGCTGAGGACGAGGCTGATTATTACTGCTGCTCATATGCAGGTAGTAGCACTTTGGTATTCGGCGGAGGGACCAAGCTGACCGTCCTAG,QSALTQPASVSGSPGQSITISCTGTSSDVGSYNLVSWYQQHPGKAPKLMIYEGSKRPSGVSNRFSGSKSGNTASLTISGLQAEDEADYYCCSYAGSSTLVFGGGTKLTVL,
C122,,GAGGTGCAGCTGGTGGAGTCTGGAGGAGGCTTGATCCAGCCTGGGGGGTCCCTGAGACTCTCCTGTGCAGCCTCTGGGCTCACCGTCAGTAGCAACTACATGAGCTGGGTCCGCCAGGCTCCAGGGAAGGGGCTGGAGTGGGTCTCAGTTCTTTATAGCGGTGGTAGCTCATTCTACGCAGACTCCGTGAAGGGCCGATTCACCATCTCCAGAGACAATTCCAAGAACACGCTGTATCTTCAAATGAACAGCCTGAGAGCCGAAGACACGGCCGTGTATTACTGTGCGAGAGAAAGTGGGGATACAACTATGGCCTTTGACTACTGGGGCCAGGGAACCCTGGTCACCGTCTCCTCAG,EVQLVESGGGLIQPGGSLRLSCAASGLTVSSNYMSWVRQAPGKGLEWVSVLYSGGSSFYADSVKGRFTISRDNSKNTLYLQMNSLRAEDTAVYYCARESGDTTMAFDYWGQGTLVTVSS,,GACATCCAGTTGACCCAGTCTCCATCCTTCCTGTCTGCATCTGTAGGAGACAGAGTCACCATCACTTGCCGGGCCAGTCAGGGCATTAGCAGTTATTTAGCCTGGTATCAGCAAAAACCAGGGAAAGCCCCTAAGCTCCTGATCTATGCTGCATCCACTTTGCAAAGTGGGGTCCCATCAAGGTTCAGCGGCAGTGGATCTGGGACAGAATTCACTCTCACAATCAGCAGCCTGCAGCCTGAAGATTTTGCAACTTATTACTGTCAACAGCTTAATAGTGACTCGTACACTTTTGGCCAGGGGACCAAGCTGGAGATCAAAC,DIQLTQSPSFLSASVGDRVTITCRASQGISSYLAWYQQKPGKAPKLLIYAASTLQSGVPSRFSGSGSGTEFTLTISSLQPEDFATYYCQQLNSDSYTFGQGTKLEIK,
C123,,GAGGTGCAGCTGGTGGAGTCTGGAGGAGGCTTGATCCAGCCTGGGGGGTCCCTGAGACTCTCCTGTGCAGCCTCTGGGGTCACCGTCAGTAGGAACTACATGAGCTGGGTCCGCCAGGCTCCAGGGAAGGGGCTGGAGTGGGTCTCAGTTATTTATAGCGGTGGTAGCACATACTACGCAGACTCCGTGAAGGGCCGATTCACCATCTCCAGAGACAATTCCAAGAACACGCTGTATCTTCAAATGAACAGCCTGAGAGCCGAGGACACGGCCGTGTATTACTGTGCGAGAGATCTATCTGCTGCTTTTGATATCTGGGGCCAAGGGACAATGGTCACCGTCTCTTCAG,EVQLVESGGGLIQPGGSLRLSCAASGVTVSRNYMSWVRQAPGKGLEWVSVIYSGGSTYYADSVKGRFTISRDNSKNTLYLQMNSLRAEDTAVYYCARDLSAAFDIWGQGTMVTVSS,,GACATCCAGTTGACCCAGTCTCCATCCTTCCTGTCTGCATCTGTAGGAGACAGAGTCACCATCACTTGCCGGGCCAGTCAGGGCATTAGCAGTTATTTAGCCTGGTATCAGCAAAAACCAGGGAAAGCCCCTAAGCTCCTGATCTATGCTGCATCCACTTTGCAAAGTGGGGTCCCATCAAGGTTCAGCGGCAGTGGATCTGGGACAGAATTCACTCTCACAATCAGCAGCCTGCAGCCTGAAGATTTTGCAACTTATTACTGTCAACAGCTTAATAGTTACCCTCCAGCCTTCGGCCAAGGGACACGACTGGAGATTAAAC,DIQLTQSPSFLSASVGDRVTITCRASQGISSYLAWYQQKPGKAPKLLIYAASTLQSGVPSRFSGSGSGTEFTLTISSLQPEDFATYYCQQLNSYPPAFGQGTRLEIK,
C124,,GAGGTGCAGCTGGTGGAGTCTGGGGGAGGCTTGGTACAGCCTGGGGGGTCCCTGAGACTCTCCTGTGCAGCCTCTGGATTCACCTTCAGTGGCTATAGCATGAACTGGGTCCGCCAGGCTCCAGGGAAGGGGCCGGAGTGGGTTTCATACATTAGTAGGAGTAGTAGTACCATATACTACGCAGACTCTGTGAAGGGCCGATTCACCATCTCCAGAGACAATGCCAAGAACTCACTGTATCTGCAAATGAACAGCCTGAGAGACGAGGACACGGCTGTGTATTACTGTGCGAGAGAAGGGGCTAGAGTGGGAGCTACATATGACACGTACTACTTTGACTACTGGGGCCAGGGAACCCTGGTCACCGTCTCCTCAG,EVQLVESGGGLVQPGGSLRLSCAASGFTFSGYSMNWVRQAPGKGPEWVSYISRSSSTIYYADSVKGRFTISRDNAKNSLYLQMNSLRDEDTAVYYCAREGARVGATYDTYYFDYWGQGTLVTVSS,,GAAATTGTGTTGACACAGTCTCCAGCCACCCTGTCTTTGTCTCCAGGGGAAAGAGCCACCCTCTCCTGCAGGGCCAGTCAGAGTTTTAGCAGCTACTTAGCCTGGTACCAACAGAAACCTGGCCAGGCTCCCAGGCTCCTCATCTATGATGCATCCAACAGGGCCACTGGCATCCCAGCCAGGTTCAGTGGCAGTGGGTCTGGGACAGACTTCACTCTCACCATCAGCAGCCTAGAGCCTGAAGATTTTGCAGTTTATTACTGTCAGCAGCGTAACAACTGGCCTCCCGAGTGGACGTTCGGCCAAGGGACCAAGGTGGAAATCAAAC,EIVLTQSPATLSLSPGERATLSCRASQSFSSYLAWYQQKPGQAPRLLIYDASNRATGIPARFSGSGSGTDFTLTISSLEPEDFAVYYCQQRNNWPPEWTFGQGTKVEIK,
C125,,CAGGTGCAGCTGGTGCAGTCTGGGCCTGAGGTGAAGAAGCCTGGGACCTCAGTGAAGGTCTCCTGCAAGGCTTCTGGATTCACCTTTACTAGCTCTGCTGTGCAGTGGGTGCGACAGGCTCGTGGACAACGCCTTGAGTGGATAGGATGGATCGTCGTTGGCAGTGGTAACACAAACTACGCACAGAAGTTCCAGGAAAGAGTCACCATTACCAGGGACATGTCCACAAGCACAGCCTACATGGAGCTGAGCAGCCTGAGATCCGAGGACACGGCCGTGTATTACTGTGCGGCACCTTATTGTAGTGGTGGTAGCTGCTCTGATGCTTTTGATATCTGGGGCCAAGGGACAATGGTCACCGTCTCTTCAG,QVQLVQSGPEVKKPGTSVKVSCKASGFTFTSSAVQWVRQARGQRLEWIGWIVVGSGNTNYAQKFQERVTITRDMSTSTAYMELSSLRSEDTAVYYCAAPYCSGGSCSDAFDIWGQGTMVTVSS,,GAAATTGTGTTGACGCAGTCTCCAGGCACCCTGTCTTTGTCTCCAGGGGAAAGAGCCACCCTCTCCTGCAGGGCCAGTCAGAGTGTTAGCAGCAGCTACTTAGCCTGGTACCAGCAGAAACCTGGCCAGGCTCCCAGGCTCCTCATCTATGGTGCATCCAGCAGGGCCACTGGCATCCCAGACAGGTTCAGTGGCAGTGGGTCTGGGACAGACTTCACTCTCACCATCAGCAGACTGGAGCCTGAAGATTTTGCAGTGTATTACTGTCAGCAGTATGGTAGCTCACCGTGGACGTTCGGCCAAGGGACCAAGGTGGAAATCAAAC,EIVLTQSPGTLSLSPGERATLSCRASQSVSSSYLAWYQQKPGQAPRLLIYGASSRATGIPDRFSGSGSGTDFTLTISRLEPEDFAVYYCQQYGSSPWTFGQGTKVEIK,
C126,,CAGGTGCAGCTGCAGGAGTCGGGCCCAGGACTGGTGAAGCCTTCGGAGACCCTGTCCCTCTCCTGCGCTGTCTCTGGTGGCTCCATCGGTAGTTACTTCTGGAGCTGGATCCGGCAGCCCCCAGGGAAGGGACTGGAGTGGATTGGATATCTCCATTACAGTGGGAGCACCAACTACAACCCCTCCCTGAAGAGTCGAGTCACCATATCAGTAGACACGTCCAAGAATCAGTTCTCCCTGAAGCTGAGCTCTGTGACCGCTGCGGACACGGCCGTGTATTACTGTGCGAGATTGCAGTGGCTACGCGGAGCTTTTGATATCTGGGGCCAAGGGACAATGGTCACCGTCTCTTCAG,QVQLQESGPGLVKPSETLSLSCAVSGGSIGSYFWSWIRQPPGKGLEWIGYLHYSGSTNYNPSLKSRVTISVDTSKNQFSLKLSSVTAADTAVYYCARLQWLRGAFDIWGQGTMVTVSS,,AATTTTATGCTGACTCAGCCCCACTCTGTGTCGGAGTCTCCGGGGAAGACGGTAACCATCTCCTGCACCGGCAGCAGTGGCAGCATTGCCAGCAACTATGTGCAGTGGTACCAGCAGCGCCCGGGCAGTGCCCCCACCACTGTGATCAATGAAGATAACCAAAGACCCTCTGGGGTCCCTGATCGGTTCTCTGGCTCCATCGACAGCTCCTCCAACTCTGCCTCCCTCACCATCTCTGGACTGAAGACTGAGGACGAGGCTGACTACTACTGTCAGTCTTATGATAGCAGCAATTTGGTATTCGGCGGAGGGACCAAGCTGACCGTCCTAG,NFMLTQPHSVSESPGKTVTISCTGSSGSIASNYVQWYQQRPGSAPTTVINEDNQRPSGVPDRFSGSIDSSSNSASLTISGLKTEDEADYYCQSYDSSNLVFGGGTKLTVL,
C127,,CAGGTGCAGCTGGTGCAGTCTGGGGCTGAGGTGAAGAAGCCTGGGGCCTCAGTGAAGGTCTCCTGCAAGGCTTCTGGATACACCTTCACCGGCTACTATATGCACTGGGTGCGACAGGCCCCTGGACAAGGGCTTGAGTGGATGGGATGGATCAACCCTAACAGTGGTGGCACAAACTATGCACAGAAGTTTCAGGGCAGGGTCACCATGACCAGGGACACGTCCATCAGCACAGCCTACATGGAGCTGAGCAGGCTGAGATCTGACGACACGGCCGTGTATTACTGTGCGACGGCGCACCCCCGGAGGATCCAAGGGGTATTTTTTTTGGGGCCGGGCGTCTGGGGCCAAGGGACCACGGTCACCGTCTCCTCA,QVQLVQSGAEVKKPGASVKVSCKASGYTFTGYYMHWVRQAPGQGLEWMGWINPNSGGTNYAQKFQGRVTMTRDTSISTAYMELSRLRSDDTAVYYCATAHPRRIQGVFFLGPGVWGQGTTVTVSS,,CAGTCTGTGCTGACTCAGCCACCCTCAGCGTCTGGGACCCCCGGGCAGAGGGTCACCATCTCTTGTTCTGGAAGCAGCTCCAACATCGGAAGTAATACTGTAAACTGGTACCAGCAGCTCCCAGGAACGGCCCCCAAACTCCTCATCTATAGTAATAATCAGCGGCCCTCAGGGGTCCCTGACCGATTCTCTGGCTCCAAGTCTGGCACCTCAGCCTCCCTGGCCATCAGTGGGCTCCAGTCTGAGGATGAGGCTGATTATTACTGTGCAGCATGGGATGACAGCCTGAATGGCGTGGTATTCGGCGGAGGGACCAAGCTGACCGTCCTAG,QSVLTQPPSASGTPGQRVTISCSGSSSNIGSNTVNWYQQLPGTAPKLLIYSNNQRPSGVPDRFSGSKSGTSASLAISGLQSEDEADYYCAAWDDSLNGVVFGGGTKLTVL,
C128,,GAGGTGCAGCTGTTGGAGTCTGGGGGAGGCTTGGTACAGCCTGGGGGGTCCCTGAGACTCTCCTGTGCAGCCTCTGGATTCACCTTTAGCACCTATGCCATGAGTTGGGTCCGCCAGGCTCCAGGGAAGGGGCTGGAGTGGGTCTCAACTATTACTGGTAGTGGTCGTGACACATACTACGCAGACTCCGTGAAGGGCCGGTTCACCATCTCCAGAGACAATTCCAAGAACACGCTGTTTCTGCAACTGAACAGCCTGAGAGCCGAGGACGCGGCCGTGTATTCCTGTGCGAACCACCCTCTGGCATCAGGCGACGACTACTACCACTACTACATGGACGTCTGGGGCAAAGGGACCACGGTCACCGTCTCCTCA,EVQLLESGGGLVQPGGSLRLSCAASGFTFSTYAMSWVRQAPGKGLEWVSTITGSGRDTYYADSVKGRFTISRDNSKNTLFLQLNSLRAEDAAVYSCANHPLASGDDYYHYYMDVWGKGTTVTVSS,,GAAATTGTGTTGACGCAGTCTCCAGGCACCCTGTCTTTGTCTCCAGGGGAAAGAGCCACCCTCTCCTGCAGGGCCAGTCAGAGTGTTAACAGCAGGCAGTTAGCCTGGTACCAGCAGAAACCTGGCCAGGCTCCCAGGCTCCTCATCTATGGTGCGTCCAGCAGGGCCACTGGCATCCCAGAGAGGTTCAGTGGCAGTGGATCTGGGACAGACTTCACTCTCACCATCAGCAGACTGGAGTCTGAAGATTTTGCAGTGTATCACTGTCAGCAATATGGTAGCTCAAGGGCGCTCACTTTCGGCGGAGGGACCAAGGTGGAGATCAAAC,EIVLTQSPGTLSLSPGERATLSCRASQSVNSRQLAWYQQKPGQAPRLLIYGASSRATGIPERFSGSGSGTDFTLTISRLESEDFAVYHCQQYGSSRALTFGGGTKVEIK,
C129,,CAGGTGCAGCTGGTGGAGTCTGGGGGAGGCGTGGTCCAGCCTGGGAGGTCCCTGAGACTCTCCTGTGCAGCCTCTGGATTCACCTTCAGTAGCTATGGCATGAACTGGGTCCGCCAGGCTCCAGGCAAGGGGCTGGAGTGGGTGGCAGTTATATCATATGATGGAAGTAATACATACTATACAGACTCCGTGAAGGGCCGATTCACCATCTCCAGAGACAATTCCAAGAACACGCTGTATCTGCAAATGAACAGCCTGAGAGTTGACGACACGGCTACATATTACTGTGCGAAAGGGCCCCGGTTTGGCTGGAGCTATAGAGGGGGGTCTGGTTTTGATATCTGGGGCCAAGGGACAATGGTCACCGTCTCTTCAG,QVQLVESGGGVVQPGRSLRLSCAASGFTFSSYGMNWVRQAPGKGLEWVAVISYDGSNTYYTDSVKGRFTISRDNSKNTLYLQMNSLRVDDTATYYCAKGPRFGWSYRGGSGFDIWGQGTMVTVSS,,GACATCCAGATGACCCAGTCTCCATCCTCCCTGTCTGCATCTGTAGGAGACAGAGTCACCATCACTTGCCAGGCGAGTCAGGACATTAGCAACTATTTAAATTGGTATCAGCAGAAACCAGGGAAAGCCCCTAAGCTCCTGATCTACGATGCATCCAATTTGGAAACAGGGGTCCCATCAAGGTTCAGTGGAAGTGAATCTGGGACAGATTTTACTTTCACCATCAGCAGCCTGCAGCCTGAAGATATTGCAACATATTACTGTCAACAGTATGATAATCTCCCGATCACCTTCGGCCAAGGGACACGACTGGAGATTAAAC,DIQMTQSPSSLSASVGDRVTITCQASQDISNYLNWYQQKPGKAPKLLIYDASNLETGVPSRFSGSESGTDFTFTISSLQPEDIATYYCQQYDNLPITFGQGTRLEIK,
C130,,CAGGTGCAGCTGGTGCAGTCTGGGGCTGAGGTGAAGAAGCCTGGGGCCTCAGTGAAGGTTTCCTGCAAGGCATCTGGATACACCTTCACCAACTACTATATGCACTGGGTGCGACAGGCCCCTGGACAAGGGCTTGAGTGGATGGGAATAATCAACCCTAGTGGTGGTAGCACAGGCTACGCACAGAAGTTCCAGGGCAGAGTCACCATGACCAGGGACACGTCCACGAGCACAGTCTACATGGAGCTGAGCAGCCTGAGATCTGAGGACACGGCCGTGTATTACTGTGCGAGATCCCGACCGACTCCTGACTGGTACTTCGATCTCTGGGGCCGTGGCACCCTGGTCACCGTCTCCTCAG,QVQLVQSGAEVKKPGASVKVSCKASGYTFTNYYMHWVRQAPGQGLEWMGIINPSGGSTGYAQKFQGRVTMTRDTSTSTVYMELSSLRSEDTAVYYCARSRPTPDWYFDLWGRGTLVTVSS,,TCCTATGAGCTGACACAGCCACCCTCAGTGTCAGTGGCCCCAGGAAAGACGGCCAGGATTACCTGTGGGGGAAACAACATTGGAAGTAAAAGTGTGCACTGGTACCAGCAGAAGCCAGGCCAGGCCCCTGTGCTGGTCATCTATTATGATAGCGACCGGCCCTCAGGGATCCCTGAGCGATTCTCTGGCTCCAACTCTGGGAACACGGCCACCCTGACCATCAGCAGGGTCGAAGCCGGGGATGAGGCCGACTATTACTGTCAGGTGTGGGATAGTAGTAGTGATCATCCGGGGGTGGTATTCGGCGGAGGGACCAAGCTGACCGTCCTAG,SYELTQPPSVSVAPGKTARITCGGNNIGSKSVHWYQQKPGQAPVLVIYYDSDRPSGIPERFSGSNSGNTATLTISRVEAGDEADYYCQVWDSSSDHPGVVFGGGTKLTVL,
C131,,CAGGTGCAGCTGGTGCAGTCTGGGTCTGAGGTGAAGAAGCCTGGGTCCTCGGTGAAGGTCTCCTGCAAGGCTTCTGGAGGCACCTTCAGCAGCTATGCTTTCAGCTGGGTGCGACAGGCCCCTGGACAAGGGCTTGAGTGGATGGGAAGGATCATCCCTATCCTTGCTTTAGCAAACTACGCACAGAAGTTCCAGGGCAGAGTCACGATTACCGCGGACAAATCCACGAGCACAGCCTACATGGAGCTGAGCAGCCTGAGATCTGAGGACACGGCCGTGTATTACTGTGCGAGAGTCAATCAAGCAGTAACTACTCCCTTCTCCATGGACGTCTGGGGCCAAGGGACCACGGTCACCGTCTCCTCA,QVQLVQSGSEVKKPGSSVKVSCKASGGTFSSYAFSWVRQAPGQGLEWMGRIIPILALANYAQKFQGRVTITADKSTSTAYMELSSLRSEDTAVYYCARVNQAVTTPFSMDVWGQGTTVTVSS,,GAAATAGTGATGACGCAGTCTCCAGCCACCCTGTCTGTGTCTCCAGGGGAAAGAGCCACCCTCTCCTGCAGGGCCAGTCAGAGTGTTAGCAGCAACTTAGCCTGGTACCAGCAGAAACCTGGCCAGGCTCCCAGGCTCCTCATCTATGGTGCATCCACCAGGGCCACTGGTATCCCAGCCAGGTTCAGTGGCAGTGGGTCTGGGACAGAGTTCACTCTCACCATCAGCAGCCTGCAGTCTGAAGATTTTGCAGTTTATTACTGTCAGCAGTATAATAACTGGCCGATCACCTTCGGCCAAGGGACACGACTGGAGATTAAAC,EIVMTQSPATLSVSPGERATLSCRASQSVSSNLAWYQQKPGQAPRLLIYGASTRATGIPARFSGSGSGTEFTLTISSLQSEDFAVYYCQQYNNWPITFGQGTRLEIK,
C132,,CAGGTGCAGCTGCAGGAGTCGGGCCCAGGACTGGTGAAGCCTTCGGGGACCCTGTCCCTCACCTGCGCTGTCTCTGGTGGCTCCATCAGCAGTAATAACTGGTGGAGTTGTGTCCGCCAGCCCCCAGGGAAGGGGCTGGAGTGGATTGGGGAAATCTATCATAGTGGGAGCACCAACTACAACCCGTCCCTCAAGAGTCGAGTCACCATATCAGTAGACAAGTCCAAGAACCAGTTCTCCCTGAAGCTGAGCTCTGTGACCGCCGCGGACACGGCCGTGTATTACTGTGCGAGAGGGGGGGATACAGCTATGGGCCCCGAATACTTTGACTACTGGGGCCAGGGAACCCTGGTCACCGTCTCCTCAG,QVQLQESGPGLVKPSGTLSLTCAVSGGSISSNNWWSCVRQPPGKGLEWIGEIYHSGSTNYNPSLKSRVTISVDKSKNQFSLKLSSVTAADTAVYYCARGGDTAMGPEYFDYWGQGTLVTVSS,,CAGTCTGCCCTGACTCAGCCTGCCTCCGTGTCTGGGTCTCCTGGACAGTCGATCACCATCTCCTGCACTGGAACCAGCAGTGACGTTGGTGGTTATAACTATGTCTCCTGGTACCAACAACACCCAGGCAAAGCCCCCAAACTCATGATTTATGATGTCAGTAATCGGCCCTCAGGGGTTTCTAATCGCTTCTCTGGCTCCAAGTCTGGCAACACGGCCTCCCTGACCATCTCTGGGCTCCAGGCTGAGGACGAGGCTGATTATTACTGCAGCTCATATACAAGCAGCAGCACTCTTTTGTTCGGCGGAGGGACCAAGCTGACCGTCCTAG,QSALTQPASVSGSPGQSITISCTGTSSDVGGYNYVSWYQQHPGKAPKLMIYDVSNRPSGVSNRFSGSKSGNTASLTISGLQAEDEADYYCSSYTSSSTLLFGGGTKLTVL,
C133,,CAGGTGCAGCTGGTGGAGTCTGGGGGAGGCGTGGTCCAGCCTGGGAGGTCCCTGAGACTCTCCTGTGCAGCCTCTGGATTCACCTTCAGTAGCTATGCTATGCACTGGGTCCGCCAGGCTCCAGGCAAGGGGCTGGAGTGGGTGGCAGTTATATTATATGATGGAAGCAATAAATACTACGCAGACTCCGTGAAGGGCCGATTCACCATCTCCAGAGACAATTCCAAGAACACGCTGTATCTGCAAATGAACAGCCTGAGAGCTGAGGACACGGCTGTGTATTACTGTGCGAGAGATTCGGACGTAGATACATCTATGGTTACTTGGTTCGACTACTGGGGCCAGGGAACCCTGGTCACCGTCTCCTCAG,QVQLVESGGGVVQPGRSLRLSCAASGFTFSSYAMHWVRQAPGKGLEWVAVILYDGSNKYYADSVKGRFTISRDNSKNTLYLQMNSLRAEDTAVYYCARDSDVDTSMVTWFDYWGQGTLVTVSS,,GACATCCAGATGACCCAGTCTCCATCCTCCCTGTCTGCATCTGTAGGAGACAGAGTCACCATCACTTGCCGGGCAAGTCAGAGCATTAGCAGCTATTTAAATTGGTATCAGCAGAAACCAGGGAAAGCCCCTAAGCTCCTGATCTATGCTGCATCCAGTTTGCAAAGTGGGGTCCCATCAAGGTTCAGTGGCAGTGGATCTGGGACAGATTTCACTCTCACCATCAGCAGTCTGCAACCTGAAGATTTTGCAACTTACTACTGTCAACAGAGTTACAGTACCCCTCCGTGGACGTTCGGCCAAGGGACCAAGGTGGAAATCAAAC,DIQMTQSPSSLSASVGDRVTITCRASQSISSYLNWYQQKPGKAPKLLIYAASSLQSGVPSRFSGSGSGTDFTLTISSLQPEDFATYYCQQSYSTPPWTFGQGTKVEIK,
C134,,GAGGTGCAGCTGTTGGAGTCTGGGGGAGGCTTGGTACAGCCTGGGGGGTCCCTGAGACTCTCCTGTGCAGCCTCTGGATTCACCTTTAGCAACTATGCCATGAGCTGGGTCCGCCAGGCTCCAGGGAAGGGGCTGGAGTGGGTCTCAGCTATTAGTGGTAGTGATGGTAGCACATACTACGCAGGCTCCGTGAAGGGCCGGTTCACCATCTCCAGAGACAATTCCAAGAACACACTGTATCTGCAAATGAACAGCCTGAGAGCCGAGGACACGGCCGTATATTACTGTGCGAAAGATCCCCTTATAACTGGACCTACCTATCAATACTTTCACTACTGGGGCCAGGGAACCCTGGTCACCGTCTCCTCAG,EVQLLESGGGLVQPGGSLRLSCAASGFTFSNYAMSWVRQAPGKGLEWVSAISGSDGSTYYAGSVKGRFTISRDNSKNTLYLQMNSLRAEDTAVYYCAKDPLITGPTYQYFHYWGQGTLVTVSS,,TCCTATGAGCTGACACAGCCACCCTCAGTGTCAGTGGCCCCAGGAAAGACGGCCAGGATTACCTGTGGGGGAAACAACATTGGAAGTAAAAGTGTGCACTGGTACCAGCAGAAGCCAGGCCAGGCCCCTGTGCTGGTCATCTATTATGATAGCGACCGGCCCTCAGGGATCCCTGAGCGATTCTCTGGCTCCAACTCTGGGAACACGGCCACCCTGACCATCAGCAGGGTCGAAGCCGGGGATGAGGCCGAATATCACTGTCAGGTGTGGGATAGTAGTAGTGATCGTCCGGGGGTGGTTTTCGGCGGAGGGACCAAGCTGACCGTCCTAG,SYELTQPPSVSVAPGKTARITCGGNNIGSKSVHWYQQKPGQAPVLVIYYDSDRPSGIPERFSGSNSGNTATLTISRVEAGDEAEYHCQVWDSSSDRPGVVFGGGTKLTVL,
C135,,CAGGTGCAGCTGGTGGAGTCTGGGGGAGGCGTGGTCCAGCCTGGGAGGTCCCTGAGACTCTCCTGTGCAGCCTCTGGATTCACCTTCAGTAGCTATGCTATGCACTGGGTCCGCCAGGCTCCAGGCAAGGGGCTGGAGTGGGTGGCAGTTATACCATTTGATGGAAGAAATAAGTACTACGCAGACTCCGTGACGGGCCGATTCACCATCTCCAGAGACAATTCCAAGAACACACTGTATCTGCAAATGAACAGCCTGAGAGCTGAGGACACGGCTGTGTATTACTGTGCGAGTAGTAGTGGTTATCTTTTCCACTCTGACTACTGGGGCCAGGGAACCCTGGTCACCGTCTCCTCAG,QVQLVESGGGVVQPGRSLRLSCAASGFTFSSYAMHWVRQAPGKGLEWVAVIPFDGRNKYYADSVTGRFTISRDNSKNTLYLQMNSLRAEDTAVYYCASSSGYLFHSDYWGQGTLVTVSS,,GACATCCAGATGACCCAGTCTCCTTCCACCCTGTCTGCATCTGTAGGAGACAGAGTCACCATCACTTGCCGGGCCAGTCAGAGTATTAGTAACTGGTTGGCCTGGTTTCAGCAGAAACCAGGGAAAGCCCCTAAGCTCCTGATCTATGAGGCGTCTAGTTTAGAAAGTGGGGTCCCATCAAGGTTCAGCGGCAGTGGATCTGGGACAGAATTCACTCTCACCATCAGCAGCCTGCAGCCTGATGATTTTGCAACTTATTACTGCCAACAGTATAATAGTTATCCGTGGACGTTCGGCCAAGGGACCAAGGTGGAGATCAAAC,DIQMTQSPSTLSASVGDRVTITCRASQSISNWLAWFQQKPGKAPKLLIYEASSLESGVPSRFSGSGSGTEFTLTISSLQPDDFATYYCQQYNSYPWTFGQGTKVEIK,
C138,,GAGGTGCAGCTGGTGGAGTCTGGGGGAGGCTTGGTCCAGCCTGGGGGGTCCCTGAGACTCTCCTGTGCAGCCTCTGGATTCACCTTTAGTACCTATTGGATGAGCTGGGTCCGCCAGCCTCCAGGGAAGGGGCTGGAGTGGGTGGCCAACATAAAGCAAGATGGAAGTGAGAAATACTATGTGGATTCTGTGAAGGGCCGATTCACCATCTCCAGAGACAACGCCAAGAACTCACTGTATCTGCAAATGAACAGCCTGAGAGCCGACGACACGGCCGTGTATTACTGTGCCGGGGGGACATGGCTACGATCCTCTTTTGACTACTGGGGCCAGGGAACCCTGGTCACCGTCTCCTCAG,EVQLVESGGGLVQPGGSLRLSCAASGFTFSTYWMSWVRQPPGKGLEWVANIKQDGSEKYYVDSVKGRFTISRDNAKNSLYLQMNSLRADDTAVYYCAGGTWLRSSFDYWGQGTLVTVSS,,AATTTTATGCTGACTCAGCCCCACTCTGTGTCGGAGTCTCCGGGGAAGACGGTAACCATCTCCTGCACCGGCAGCAGTGGCAGCATTGCCAGCAACTATGTGCAGTGGTACCAGCAGCGCCCGGGCAGTGCCCCCACCACTGTGATCTATGAGGATAACCAAAGACCCTCTGGGGTCCCTGATCGGTTCTCTGGCTCCATCGACAGCTCCTCCAACTCTGCCTCCCTCACCATCTCTGGACTGAAGACTGAGGACGAGGCTGACTACTACTGTCAGTCTTATGATAGCAGCAATTGGGTGTTCGGCGGAGGGACCAAGCTGACCGTCCTA,NFMLTQPHSVSESPGKTVTISCTGSSGSIASNYVQWYQQRPGSAPTTVIYEDNQRPSGVPDRFSGSIDSSSNSASLTISGLKTEDEADYYCQSYDSSNWVFGGGTKLTVL,
C139,,GAGGTGCAGCTGGTGGAGTCTGGGGGAGGCGTGGTCCAGCCTGGGAGGTCCCTGAGACTCTCCTGTGCAGCCTCTGGATTCACCTTCAGTAGCTATGCCATGCACTGGGTCCGCCAGGCTCCAGGCAAGGGGCTGGAGTGGGTGGCAGTTATATCATATGATGGAAGTAATAAATACTCTGCAGACTCCGTGAAGGGCCGATTCACCATCTCCAGAGACAATTCCAAGAACACGCTGTATCTGCAAATGAACAGCCTGAGAGCTGAGGACACGGCTGTGTATTACTGTGCGAAAGGGGGGGCCTACAGCTACTACTACTACATGGACGTCTGGGGCAAAGGGACCACGGTCACCGTCTCCTCA,EVQLVESGGGVVQPGRSLRLSCAASGFTFSSYAMHWVRQAPGKGLEWVAVISYDGSNKYSADSVKGRFTISRDNSKNTLYLQMNSLRAEDTAVYYCAKGGAYSYYYYMDVWGKGTTVTVSS,,GACATCCAGATGACCCAGTCTCCATCCTCCCTGTCTGCATCTGTAGGAGACAGAGTCACCATCACTTGCCAGGCGAGTCAGGACATTAGCAACTATTTAAATTGGTATCAGCAGAAACCAGGGAAAGCCCCTAAGCTCCTGATCTACGATGCATCCAATTTGGAAACAGGGGTCCCATCAAGGTTCAGTGGAAGTGGATCTGGGACAGATTTTACTTTCACCATCAGCAGCCTGCAGCCTGAAGATATTGCAACATATTACTGTCAACAGTATGATAATCTCCCGCTCACTTTCGGCGGAGGGACCAAGGTGGAAATCAAAC,DIQMTQSPSSLSASVGDRVTITCQASQDISNYLNWYQQKPGKAPKLLIYDASNLETGVPSRFSGSGSGTDFTFTISSLQPEDIATYYCQQYDNLPLTFGGGTKVEIK,
C140,,GAGGTGCAGCTGGTGGAGTCTGGGGGAGGCTTGGTCCAGCCTGGGGGGTCCCTGAGACTCTCCTGTGCAGCCTCTGGAGTCACCGTCAGTAGCAACTACATGAGCTGGGTCCGCCAGGCTCCAGGGAAGGGGCTGGAGTGGGTCTCACTTATTTATAGCGGTGGTAGCACATTCTACGCAGACTCCGTGAAGGGCAGATTCACCATCTCCAGAGACAATTCCGAGAACACGCTGTATCTTCAAATGAACACCCTGAGAGCCGAGGACACGGCTGTGTATTACTGTGCGAGAGATCTGTATTACTACGGTATGGACGTCTGGGGCCAAGGGACCACGGTCACCGTCTCCTCA,EVQLVESGGGLVQPGGSLRLSCAASGVTVSSNYMSWVRQAPGKGLEWVSLIYSGGSTFYADSVKGRFTISRDNSENTLYLQMNTLRAEDTAVYYCARDLYYYGMDVWGQGTTVTVSS,,GACATCCAGTTGACCCAGTCTCCATCCTTCCTGTCTGCATCTGTAGGAGACAGAGTCACCATCACTTGCCGGGCCAGTCAGGGCATTAGCAGTTATTTAGCCTGGTATCAGCAAAAACCAGGGAAAGCCCCTAAGCTCCTGATCTATGCTGCATCCACTTTGCAAAGTGGGGTCCCATCAAGGTTCAGCGGCAGTGGATCTGGGACAGAATTCACTCTCACAATCAGCAGCCTGCAGCCTGAAGATTTTGCAACTTATTACTGTCAACAGCTTAATAGTTACTCTTACACTTTTGGCCAGGGGACCAAGCTGGAGATCAAAC,DIQLTQSPSFLSASVGDRVTITCRASQGISSYLAWYQQKPGKAPKLLIYAASTLQSGVPSRFSGSGSGTEFTLTISSLQPEDFATYYCQQLNSYSYTFGQGTKLEIK,
C141,,GAGGTGCAGCTGGTGGAGTCTGGGGGAGGCGTGGTCCAGCCTGGGAGGTCCCTGAGACTCTCCTGTGCAGCCTCTGGATTCACCTTCAGTAGCTATGCTATGTTCTGGGTCCGCCAGGCTCCGGGCAAGGGGCTGGAGTGGGTGGCAGTTATATCATATGATGGAAGCAATAAATACTACGCAGACTCCGTGAAGGGCCGATTCACCATCTCCAGAGACAATTCCAAGAACACGCTGTATCTGCAAATGAACAGCCTGAGAGCTGAGGACACGGCTGTGTATTACTGTGCGAGGGCGGATTTAGGATATTGTACTAATGGTGTATGCTATGTTGACTACTGGGGCCAGGGAACCCTGGTCACCGTCTCCTCA,EVQLVESGGGVVQPGRSLRLSCAASGFTFSSYAMFWVRQAPGKGLEWVAVISYDGSNKYYADSVKGRFTISRDNSKNTLYLQMNSLRAEDTAVYYCARADLGYCTNGVCYVDYWGQGTLVTVSS,,AATTTTATGCTGACTCAGCCCCACTCTGTGTCGGAGTCTCCGGGGAAGACGGTAACCATCTCCTGCACCGGCAGCAGTGGCAGCATTGCCAGCAACTATGTGCAGTGGTACCAGCAGCGCCCGGGCAGTGCCCCCACCACTGTGATCTATGAGGATAACCAAAGACCCTCTGGGGTCCCTGATCGGTTCTCTGGCTCCATCGACAGCTCCTCCAACTCTGCCTCCCTCACCATCTCTGGACTGAAGACTGAGGACGAGGCTGACTACTACTGTCAGTCTTATGATAGCAGCAATTGGGTGTTCGGCGGAGGGACCAAGCTGACCGTCCTAG,NFMLTQPHSVSESPGKTVTISCTGSSGSIASNYVQWYQQRPGSAPTTVIYEDNQRPSGVPDRFSGSIDSSSNSASLTISGLKTEDEADYYCQSYDSSNWVFGGGTKLTVL,
C143,,GAGGTGCAGCTGGTGGAGTCTGGGGGAGGCTTGGTCCAGCCGGGGGGGTCCCTGAGACTCTCCTGTGCAGCCTCTGGATTCAGTGTCAGCACCAAGTACATGACATGGGTCCGTCAGGCTCCAGGGAAGGGGCTGGAGTGGGTCTCAGTTCTTTACAGCGGTGGTAGTGATTACTACGCAGACTCCGTGAAGGGCAGATTCACCATCTCCAGAGACAATTCCAAGAACGCTTTATATCTTCAAATGAACAGCTTGAGAGTCGAGGACACGGGTGTTTATTACTGTGCCAGAGACTCGTCGGAAGTCCGTGACCACCCCGGGCACCCAGGGCGCTCGGTGGGGGCTTTTGATATCTGGGGCCAAGGGACAATGGTCACCGTCTCTTCAG,EVQLVESGGGLVQPGGSLRLSCAASGFSVSTKYMTWVRQAPGKGLEWVSVLYSGGSDYYADSVKGRFTISRDNSKNALYLQMNSLRVEDTGVYYCARDSSEVRDHPGHPGRSVGAFDIWGQGTMVTVSS,,CAGTCTGCCCTGACTCAGCCTGCCTCCGTGTCTGGGTCTCCTGGACAGTCGATCACCATCTCCTGCACTGGAACCAGCAATGATGTTGGGAGTTATACCCTTGTCTCCTGGTACCAACAGTACCCAGGCAAAGCCCCCAAACTCTTAATTTTTGAGGGCACTAAGCGGTCCTCAGGGATTTCTAATCGCTTCTCTGGTTCCAAGTCTGGCAACACGGCCTCCCTGACAATCTCTGGGCTCCAGGGTGAAGACGAGGCTGATTATTATTGCTGCTCATATGCAGGTGCTAGCACTTTCGTGTTCGGCGGAGGGACCAAGCTGACCGTCCTAG,QSALTQPASVSGSPGQSITISCTGTSNDVGSYTLVSWYQQYPGKAPKLLIFEGTKRSSGISNRFSGSKSGNTASLTISGLQGEDEADYYCCSYAGASTFVFGGGTKLTVL,
C144,,GAGGTGCAGCTGGTGGAGTCTGGAGGAGGCTTGATCCAGCCTGGGGGGTCCCTGAGACTCTCCTGTGCAGCCTCTGGGTTCACCGTCAGTAACAACTACATGAGCTGGGTCCGCCAGGCTCCAGGGAAGGGGCTGGAGTGGGTCTCAGTTATTTATAGCGGTGGTAGCACATACTACGCAGACTCCGTGAAGGGCCGATTCACCATCTCCAGAGACAAATCCAAGAACACGCTGTATCTTCAAATGAACAGGCTGAGAGCCGAGGACACGGCCGTGTATTATTGTGCGAGAGAAGGGGAGGTAGAAGGGTATAACGATTTTTGGAGTGGTTATTCTAGAGACCGTTACTACTTTGACTACTGGGGCCAGGGAACCCTGGTCACCGTCTCCTCAG,EVQLVESGGGLIQPGGSLRLSCAASGFTVSNNYMSWVRQAPGKGLEWVSVIYSGGSTYYADSVKGRFTISRDKSKNTLYLQMNRLRAEDTAVYYCAREGEVEGYNDFWSGYSRDRYYFDYWGQGTLVTVSS,,CAGTCTGCCCTGACTCAGCCTGCCTCCGTGTCTGGGTCTCCTGGACAGTCGATCACCATCTCCTGCACTGGAACCAGCAGTGACGTTGGTGGTTATAACTATGTCTCCTGGTACCAACAACACCCAGGCAAAGCCCCCAAACTCATGATTTATGATGTCAGTAATCGGCCCTCAGGGGTTTCTAATCGCTTCTCTGGCTCCAAGTCTGGCAACACGGCCTCCCTGACCATCTCTGGGCTCCAGGCTGAGGACGAGGCTGATTATTACTGCAGCTCATATACAAGCAGCAGCACTCGAGTCTTCGGAACTGGGACCAAGGTCACCGTCCTAG,QSALTQPASVSGSPGQSITISCTGTSSDVGGYNYVSWYQQHPGKAPKLMIYDVSNRPSGVSNRFSGSKSGNTASLTISGLQAEDEADYYCSSYTSSSTRVFGTGTKVTVL,
C145,,GAGGTGCAGCTGGTGGAGTCTGGAGGAGGCTTGATCCAGCCTGGGGGGTCCCTGAGACTCTCCTGTGCAGCCTCTGGGTTCAGCGTCAGTAGCAACTACATGAGCTGGGTCCGCCAGGCTCCAGGGAAGGGGCTGGAGTGGGTCTCAGTTATTTATAGCGGTGGTAGTACATACTACGCAGACTCCGTGAAGGGCCGATTCACCATCTCCAGAGACAATTCCAAGAACACGCTGTATCTTCAAATGAACAGCCTGAGAGCCGAGGACACGGCCGTGTATTACTGTGCGAGAGAAGGGGAGGTAGAAGGGTATTACGATTTTTGGAGTGGTTATTCTAGAGACCGTTACTACTTTGACTACTGGGGCCAGGGAACCCTGGTCACCGTCTCCTCAG,EVQLVESGGGLIQPGGSLRLSCAASGFSVSSNYMSWVRQAPGKGLEWVSVIYSGGSTYYADSVKGRFTISRDNSKNTLYLQMNSLRAEDTAVYYCAREGEVEGYYDFWSGYSRDRYYFDYWGQGTLVTVSS,,CAGTCTGCCCTGACTCAGCCTGCCTCCGTGTCTGGGTCTCCTGGACAGTCGATCACCATCTCCTGCACTGGAACCAGCAGTGACGTTGGTGGTTATAACTATGTCTCCTGGTACCAACAACACCCAGGCAAAGCCCCCAAACTCATGATTTATGATGTCAGTAATCGGCCCTCAGGGGTTTCTAATCGCTTCTCTGGCTCCAAGTCTGGCAACACGGCCTCCCTGACCATCTCTGGGCTCCAGGCTGAGGACGAGGCTGATTATTACTGCAGCTCATATACAAGCAGCACCACTCGAGTCTTCGGAACTGGGACCAGGGTCACCGTCCTAG,QSALTQPASVSGSPGQSITISCTGTSSDVGGYNYVSWYQQHPGKAPKLMIYDVSNRPSGVSNRFSGSKSGNTASLTISGLQAEDEADYYCSSYTSSTTRVFGTGTRVTVL,
C146,,GAGGTGCAGCTGGTGGAGTCTGGGGGAGGCCTGGTCAAGCCTGGGGGGTCCCTGAGACTCTCCTGTGCAGCCTCTGGACTCACCTTCACTGCCTATAGAATGAATTGGGTCCGCCAGGCTCCAGGGAAGGGGCTGGAGTGGCTCTCATCAATTAGTAATACAAATGGCGACATATACTATGCAGACTCAGTGAAGGGCCGATTCACCATCTCCAGAGACAACGCCAAGAATTCTCTGTATCTGCAAATGAACAGCCTGAGGGCCGACGACACGGCTGTATATTACTGTGCGAGAGATGTTGCATCTAACTACGCTTACTTTGACCTTTGGGGCCAGGGAACCCTGGTCACCGTCTCCTCAG,EVQLVESGGGLVKPGGSLRLSCAASGLTFTAYRMNWVRQAPGKGLEWLSSISNTNGDIYYADSVKGRFTISRDNAKNSLYLQMNSLRADDTAVYYCARDVASNYAYFDLWGQGTLVTVSS,,CAGTCTGCCCTGACTCAGCCTGCCTCCGTGTCTGGGTCTCCTGGACAGTCGATCACCATCTCCTGCACTGGAACCAGCAGTGACATTGGTGTTTATAACTATATCTCCTGGAGCCAACAACACCCAGGCAAAGCCCCCAAAGTCATGATTTATGATGTCACTAATCGGCCCTCAGGGGTTTCTAATCGCTTCTCTGGCTCCAAGTCTGGCAACACGGCCTCCCTGACCATCTCTGGGCTCCAGGCTGAGGACGAGGCTGATTATTATTGCAGCTCATATAGAGGCAGCAGCACTCCCTATGTCTTCGGAACTGGGACCAAGGTCACCGTCCTAG,QSALTQPASVSGSPGQSITISCTGTSSDIGVYNYISWSQQHPGKAPKVMIYDVTNRPSGVSNRFSGSKSGNTASLTISGLQAEDEADYYCSSYRGSSTPYVFGTGTKVTVL,
C147,,GAGGTGCAGCTGGTGCAGTCTGGAGCAGAGGTGAAAAAGCCCGGGGAGTCTCTGAAGATCTCCTGTAAGGGTTCTGGATACAGATTTACCAACTACTGGATCGGCTGGGTGCGCCAGATGCCCGGGAAAGGCCTGGAGTGGATGGGGATCATCTATCCTGGTGACTCTGATACCAGATACAGCCCGTCCTTCCAAGGCCAGGTCACCATCTCAGCCGACAAGTCCATCACCACCGCCTACCTGCAGTGGAGCAGCCTGAAGGCCTCGGACACCGCCATGTATTACTGTGCGAGACTCAGTGACCGCTGGTACAGTCCGTTCGACCCCTGGGGCCAGGGAACCCTGGTCACCGTCTCCTCAG,EVQLVQSGAEVKKPGESLKISCKGSGYRFTNYWIGWVRQMPGKGLEWMGIIYPGDSDTRYSPSFQGQVTISADKSITTAYLQWSSLKASDTAMYYCARLSDRWYSPFDPWGQGTLVTVSS,,CAGGCTGTGGTGACCCAGGAGCCCTCACTGACTGTGTCCCCAGGAGGGACAGTCACTCTCACCTGTGGCTCCAGCACTGGAGCTGTCACCAGTGGTCATTATCCCTACTGGTTCCAGCAGAAGTCTGGCCAAGCCCCCAGGACACTGATTTATGAAACAAGCATCAAACACTCCTGGACCCCTGCCCGGTTCTCAGGCTCCCTCCTTGGGGGCAAAGCTGCCCTGACCCTTTCGGGTGCGCAGCCTGAGGATGAGGCTGATTATTACTGCTTGCTCTCCTATAGTGGTGCTCGGCCGGTGTTCGGCGGAGGGACCAAGCTGACCGTCCTAG,QAVVTQEPSLTVSPGGTVTLTCGSSTGAVTSGHYPYWFQQKSGQAPRTLIYETSIKHSWTPARFSGSLLGGKAALTLSGAQPEDEADYYCLLSYSGARPVFGGGTKLTVL,
C148,,GAGGTGCAGCTGGTGGAGTCTGGGGGAGGCTTGGTCCAGCCTGGGGGGTCCCAGAGACTCTCCTGTGCAGCCTCTGGATTCACCGTCAGTAGCAATTACATGAGCTGGATCCGCCAGGCTCCAGGGAAGGGGCTGGAGTGGGTCTCAGTTATTTATAGCGGTGGTAGCGCATACTACGTAGACTCCGTGAAGGGCAGATTCACCATCTCCAGAGACAATTCCAAGAACACCCTGTATCTTCAAATGAACAGCCTGAGACCCGAGGACACGGCTGTGTATTACTGTGCGAGAATCGCAAACTACATGGACGTCTGGGGCAAAGGGACCACGGTCACCGTCTCCTCA,EVQLVESGGGLVQPGGSQRLSCAASGFTVSSNYMSWIRQAPGKGLEWVSVIYSGGSAYYVDSVKGRFTISRDNSKNTLYLQMNSLRPEDTAVYYCARIANYMDVWGKGTTVTVSS,,GAAATAGTGATGACGCAGTCTCCAGCCACCCTGTCTGTGTCTCCAGGGGAAAGAGCCACCCTCTCCTGCAGGGCCAGTCAGAGTGTTAGCAGCCACTTAGCCTGGTACCAGCAGAAACCTGGCCAGGCTCCCAGGCTCCTCATCTATGGTGCATCCACCAGGGCCACTGGTATCCCAACCAGGTTCAGTGGCAGTGGGTCTGGGACAGAGTTCACTCTCACCATCAGCAGCCTGCAGTCTGAAGATTTTGCAGTTTATTACTGCCAGCAGTATAATAACTGGCCTCCGCTCACTTTCGGCGGAGGGACCAAGGTGGAGATCAAAC,EIVMTQSPATLSVSPGERATLSCRASQSVSSHLAWYQQKPGQAPRLLIYGASTRATGIPTRFSGSGSGTEFTLTISSLQSEDFAVYYCQQYNNWPPLTFGGGTKVEIK,
C149,,CAGGTGCAGCTGGTGGAGTCTGGGGGAGGCGTGGTCCAGCCTGGGAGGTCCCTGAGACTCTCCTGTGCAGCCTCTGGATTCACCTTCAGTACCTATGGCATGCACTGGGTCCGCCAGGCTCCAGGCAAGGGGCTGGAGTGGGTGGCCGTTATATCATATGATGGAAGTAATAAATACTTTGCAGACTCCGTGAAGGGCCGATTCACCATCTCCAGAGACAATTCCAAGAACACGCTTTATCTGCAAATGAACAGCCTGAGACCTGAGGACACGGCTGTATATTACTGTGCGAAAGTGGGGATGGAGTACAGCAGTGGCTGGTACGGGGAAGAAATTGACTTCTGGGGCCAGGGAACCCTGGTCACCGTCTCCTCAG,QVQLVESGGGVVQPGRSLRLSCAASGFTFSTYGMHWVRQAPGKGLEWVAVISYDGSNKYFADSVKGRFTISRDNSKNTLYLQMNSLRPEDTAVYYCAKVGMEYSSGWYGEEIDFWGQGTLVTVSS,,GACATCCAGATGACCCAGTCTCCATCCTCCCTGTCTGCATCTGTAGGAGACAGAGTCACCATCACTTGCCGGGCAAGTCAGAGCATTAGCAGTTATTTAAATTGGTATCAGCAGAAACCAGGGAAAGTCCCTAAGCTCCTGATCTATGCTGCATCCAGTTTGCAAAGTGGGGTCCCATCAAGGTTCAGTGGCAGTGGATCTGGGACAGACTTCACTCTCACCATCAGCAGTCTGCAACCTGAAGATTTTGCAACTTACTACTGTCAACAGAGTTACAGAACCCCGCTCACTTTCGGCGGAGGGACCAAGGTGGAGATCAAAC,DIQMTQSPSSLSASVGDRVTITCRASQSISSYLNWYQQKPGKVPKLLIYAASSLQSGVPSRFSGSGSGTDFTLTISSLQPEDFATYYCQQSYRTPLTFGGGTKVEIK,
C150,,GAGGTGCAGCTGGTGGAGTCCGGGGGAGGCTTAGTTCAGCCTGGGGGGTCCCTGAGACTCTCCTGTGTAGCCTCTGGATTCACCTTCAGTAGCTACTGGATGCACTGGGTCCGCCAAGTCCCAGGGAAGGGGCCGGTGTGGGTCTCACATATTAACAGTGAAGGGAGTAGCACAAACTACGCGGACTCCGTGAGGGGCCGATTCACCATCTCCAGAGACAACGCCAAGGACACGCTATATCTTCAAATGAACAATCTGAGAGCCGAGGACACGGCTGTATATTACTGTGCAAGACCGACGGCTGTAGCAGCAGCTGGCAATTACTTCTACTACTACGGTATGGACGTCTGGGGCCAAGGGACCACGGTCACCGTCTCCTCA,EVQLVESGGGLVQPGGSLRLSCVASGFTFSSYWMHWVRQVPGKGPVWVSHINSEGSSTNYADSVRGRFTISRDNAKDTLYLQMNNLRAEDTAVYYCARPTAVAAAGNYFYYYGMDVWGQGTTVTVSS,,CAGTCTGCCCTGACTCAGCCTGCCTCCGTGTCTGGGTCTCCTGGACAGTCGATCACCATCTCCTGCACTGGAACCAGCAGTGACGTTGGTTATTATAACTTTGTCTCCTGGTACCAACAACACCCAGGCAAAGCCCCCAAACTCATGATTTATGAGGTCAGTAATCGGCCCTCTGGGGTTTCTAATCGCTTCTCTGGCTCCAAGTCTGGCAACACGGCCTCCCTGATCATCTCTGGGCTCCAGGCTGAGGACGAGGCTGATTATTACTGCAGCTCATATAGAAGCAGCAGCACTCTGGTGTTCGGCGGGGGGACCAAGCTGACCGTCCTAG,QSALTQPASVSGSPGQSITISCTGTSSDVGYYNFVSWYQQHPGKAPKLMIYEVSNRPSGVSNRFSGSKSGNTASLIISGLQAEDEADYYCSSYRSSSTLVFGGGTKLTVL,
C151,,GAGGTGCAGCTGGTGGAGTCTGGGGGAGGCCTGGTCAAGCCTGGGGGGTCCCTGAGACTCTCCTGTGCAGCCTCTGGATTCACCTTCAGTAGCTATAACATGAACTGGGTCCGCCAGGCTCCAGGGAAGGGGCTGGAGTGGGTCTCATGCATTAGTAGTAGTAGTAGTTACATATACTACGCAGACTCAGTGAAGGGCCGATTCACCATCTCCAGAGACAACGCCAAGAACTCACTGTATCTGCAAATGAACAGCCTGAGAGCCGAGGACACGGCTGTGTATTACTGTGCGAGAGAGAGGGGGTATGACGGTGGTAAAACCCCCCCATTTCTTGGGGGCCAGGGAACCCTGGTCACCGTCTCCTCAG,EVQLVESGGGLVKPGGSLRLSCAASGFTFSSYNMNWVRQAPGKGLEWVSCISSSSSYIYYADSVKGRFTISRDNAKNSLYLQMNSLRAEDTAVYYCARERGYDGGKTPPFLGGQGTLVTVSS,,AATTTTATGCTGACTCAGCCCCACTCTGTGTCGGAGTCTCCGGGGAAGACGGTAACCATCTCCTGCACCGGCAGCAGTGGCAGCATTGCCAGCAACTATGTGCAGTGGTACCAGCAGCGCCCGGGCAGTGCCCCCACCACTGTGATCTATGAGGATAACCAAAGACCCTCTGGGGTCCCTGATCGGTTCTCTGGCTCCATCGACAGCTCCTCCAACTCTGCCTCCCTCACCATCTCTGGACTGAAGACTGAGGACGAGGCTGACTACTACTGTCAGTCTTATGATAGCAGCAATTATTGGGTGTTCGGCGGAGGGACCAAGCTGACCGTCCTAG,NFMLTQPHSVSESPGKTVTISCTGSSGSIASNYVQWYQQRPGSAPTTVIYEDNQRPSGVPDRFSGSIDSSSNSASLTISGLKTEDEADYYCQSYDSSNYWVFGGGTKLTVL,
C152,,CAGGTTCAGCTGGTGCAGTCTGGAGCTGAGGTGAAGAAGCCTGGGGCCTCAGTGAAGGTCTCCTGCAAGGCTTCTGGTTACACCTTTACCAGCTACGGTATCAGCTGGGTGCGACAGGCCCCTGGACAAGGGCTTGAGTGGATGGGATGGATCAGCGCTTACAATGGTAACACAAACTATGCACAGAAGCTCCAGGGCAGAGTCACCATGACCACAGACACATCCACGAGCACAGCCTACATGGAGCTGAGGAGCCTGAGATCTGACGACACGGCCGTGTTTTACTGTGCGAGAGATCGGGGGGGGCACGATTTTTGGAGTGGTTATGGGTTCTACTACTACTACGGTATGGACGTCTGGGGCCAAGGGACCACGGTCACCGTCTCCTCA,QVQLVQSGAEVKKPGASVKVSCKASGYTFTSYGISWVRQAPGQGLEWMGWISAYNGNTNYAQKLQGRVTMTTDTSTSTAYMELRSLRSDDTAVFYCARDRGGHDFWSGYGFYYYYGMDVWGQGTTVTVSS,,GACATCCAGATGACCCAGTCTCCATCCTCCCTGTCTGCATCTGTAGGAGACAGAGTCACCATCACTTGCCGGGCGAGTCAGGGCATAAGCAATTACTTAGCCTGGTATCAGCAGAGACCAGGGAAAGTTCCTAAGCTCCTGATCTTTGCTGCATCCACTTTGCAATCAGGGGTCCCATCTCGGTTCAGTGGCAGTGGATCTGGGACAGATTTCACTCTCACCATCAGCAGCCTGCAGCCTGAAGATGTTGCAACTTATTACTGTCAAAAGTATAACAGTGCCCCTCGGACGTTCGGCCAAGGGACCAAGGTGGAAATCAAAC,DIQMTQSPSSLSASVGDRVTITCRASQGISNYLAWYQQRPGKVPKLLIFAASTLQSGVPSRFSGSGSGTDFTLTISSLQPEDVATYYCQKYNSAPRTFGQGTKVEIK,
C153,,GAGGTGCAGCTGGTGGAGTCTGGAGGAGGCTTGATCCAGCCTGGGGGGTCCCTGAGACTCTCCTGTGCAGCCTCTGGGTTCACCGTCAGTAGCAACTACATGAGCTGGGTCCGCCAGGCTCCAGGGAAGGGGCTGGAGTGGGTCTCAGTTATTTATAGCGGTTATAGCACATACTACGTAGACTCCGTGAAGGGCCGATTCACCATCTCCAGAGACAATTCCAAGAACACGCTGTATCTTCAAATGAACAGCCTGAGAGCCGAGGACACGGCCGTGTATTACTGTGCGAGAGTGGGGGGAGCACATAGTGGCTACGACGGATCCTTTGACTACTGGGGCCAGGGAACCCTGGTCACCGTCTCCTCAG,EVQLVESGGGLIQPGGSLRLSCAASGFTVSSNYMSWVRQAPGKGLEWVSVIYSGYSTYYVDSVKGRFTISRDNSKNTLYLQMNSLRAEDTAVYYCARVGGAHSGYDGSFDYWGQGTLVTVSS,,CAGTCTGCCCTGACTCAGCCTGCCTCCGTGTCTGGGTCTCCTGGACAGTCGATCACCATCTCCTGCACTGGAACCAGCAGTGATGTTGGGAGTTATAACCTTGTCTCCTGGTACCAACAGCACCCAGGCAAAGCCCCCAAACTCATGATTTATGAGGGCAGTAAGCGGCCCTCAGGGGTTTCTAATCGCTTCTCTGGCTCCAAGTCTGGCAACACGGCCTCCCTGACAATCTCTGGGCTCCAGGCTGAGGACGAGGCTGATTATTACTGCTGCTCATATGCAGGTAGTAGCACTTGGGTGTTCGGCGGAGGGACCAAGCTGACCGTCCTAG,QSALTQPASVSGSPGQSITISCTGTSSDVGSYNLVSWYQQHPGKAPKLMIYEGSKRPSGVSNRFSGSKSGNTASLTISGLQAEDEADYYCCSYAGSSTWVFGGGTKLTVL,
C154,,CAGGTGCAGCTGGTGGAGTCTGGGGGAGGCGTGGTCCAGCCTGGGAGGTCCCTGAGACTCTCCTGTGCAGCCTCTGGATTCACCTTCAGTCGCTATGGCATGCACTGGGTCCGCCAGGCTCCAGGCAAGGGGCTGGAGTGGGTGGCAGTTATGTCATATGATGGAAGTAGTAAATACTATGCAGACTCCGTGAAGGGCCGATTCACCATCTCCAGAGACAATTCCAAGAACACGCTGTGTCTGCAAATGAACAGCCTGAGAGCTGAGGACACGGCTGTGTATTACTGTGCGAAACAGGCGGGCCCATATTGTAGTGGTGGTAGCTGCTACTCCGCGCCCTTTGACTACTGGGGCCAGGGAACCCTGGTCACCGTCTCCTCAG,QVQLVESGGGVVQPGRSLRLSCAASGFTFSRYGMHWVRQAPGKGLEWVAVMSYDGSSKYYADSVKGRFTISRDNSKNTLCLQMNSLRAEDTAVYYCAKQAGPYCSGGSCYSAPFDYWGQGTLVTVSS,,GACATCCAGATGACCCAGTCTCCATCCTCCCTGTCTGCATCTGTAGGAGACAGAGTCACCATCACTTGCCAGGCGAGTCAGGGCATTAGCAACTATTTAAATTGGTATCAGCAGAAACCAGGGAAAGCCCCTAAGCTCCTGATCTACGATGCATCCAATTTGGAAACAGGGGTCCCATCAAGGTTCAGTGGAAGTGGATCTGGGACAGATTTTACTTTCACCATCAGCAGCCTGCAGCCTGAAGATATTGCAACATATTACTGTCAACAGTATGATAATCTCCCGATCACCTTCGGCCAAGGGACACGACTGGAGATTAAAC,DIQMTQSPSSLSASVGDRVTITCQASQGISNYLNWYQQKPGKAPKLLIYDASNLETGVPSRFSGSGSGTDFTFTISSLQPEDIATYYCQQYDNLPITFGQGTRLEIK,
C155,,GAGGTGCAGCTGGTGGAGTCTGGAGGAGGCTTGATCCAGCCTGGGGGGTCCCTGAGACTCTCCTGTGCAGCCTCTGGGTTCATCGTCAGTAGCAACTACATGAGCTGGGTCCGCCAGGCTCCAGGGAAGGGCCTGGAGTGGGTCTCAGTTATTTATAGCGGTGGTAGCACATTCTACGCAGACTCCGTGAAGGGCCGATTCACCATCTCCAGAGACAATTCCAAGAACACGCTGTATCTTCAAATGAACAGCCTGAGAGCCGAGGACACGGCCGTGTATTACTGTGCGAGAGATTTTGGAGAGTTCTACTTTGACTACTGGGGCCAGGGAACCCTGGTCACCGTCTCCTCAG,EVQLVESGGGLIQPGGSLRLSCAASGFIVSSNYMSWVRQAPGKGLEWVSVIYSGGSTFYADSVKGRFTISRDNSKNTLYLQMNSLRAEDTAVYYCARDFGEFYFDYWGQGTLVTVSS,,GAAATAGTGATGACGCAGTCTCCAGCCACCCTGTCTGTGTCTCCAGGGGAAAGAGCCACCCTCTCCTGCAGGGCCAGTCAGAGTGTTAGCAGCAACTTAGCCTGGTACCAGCAGAAACCTGGCCAGGCTCCCAGGCTCCTCATCTATGGTGCATCCACCAGGGCCACTGCTATCCCAGCCAGGTTCAGTGGCAGTGGGTCTGGGACAGAGTTCACTCTCACCATCAGCAGCCTGCAGTCTGAAGATTTTGCAGTTTATTACTGTCAGCAGTATAATAACTGGCCTCGGACGTTCGGCCAAGGGACCAAGGTGGAGATCAAAC,EIVMTQSPATLSVSPGERATLSCRASQSVSSNLAWYQQKPGQAPRLLIYGASTRATAIPARFSGSGSGTEFTLTISSLQSEDFAVYYCQQYNNWPRTFGQGTKVEIK,
C156,,CAGGTGCAGCTGGTGGAGTCTGGGGGAGGCGTGGTCCAGCCTGGGAGGTCCCTGAGACTCTCCTGTGCAGCCTCTGGATTCACCTTCAGTAACTATGGCATGCACTGGGTCCGCCAGGCTCCAGGCAAGGGGCTGGAGTGGGTGGCAGTTATATCATATGATGGAAATAATAAATACTATGCAGACTCCGTGAAGGGCCGATTCACCATCTCCAGAGACAATTCCAAGAACACGCTGTATCTGCAAATGAACAGCCTGAGAGCTGAGGACACGGCTGTGTATTACTGTGCGAAAGATCCTTTCCCCTTAGCAGTGGCTGGGACGGGCTACTTTGACTACTGGGGCCAGGGAACCCTGGTCACCGTCTCCTCAG,QVQLVESGGGVVQPGRSLRLSCAASGFTFSNYGMHWVRQAPGKGLEWVAVISYDGNNKYYADSVKGRFTISRDNSKNTLYLQMNSLRAEDTAVYYCAKDPFPLAVAGTGYFDYWGQGTLVTVSS,,TCCTATGAGCTGACTCAGCCACCCTCGGTGTCAGTGGCCCCAGGACAGACGGCCAGGATTTCCTGTGGGGGAAACAACATTGGAAGTAAAAATGTGCACTGGTACCAGCAGAAGCCAGGCCAGGCCCCTGTGCTGGTCGTCTATGATGATAGCGACCGGCCCTCAGGGATCCCTGAGCGATTCTCTGGCTCCAACTCTGGGAACACGGCCACCCTGACCATCAGCAGGGTCGAAGCCGGGGATGAGGCCGACTATTACTGTCAGGTGTGGGATAGTAGTAGTGATCCTTGGGTGTTCGGCGGAGGGACCAAGCTGACCGTCCTAG,SYELTQPPSVSVAPGQTARISCGGNNIGSKNVHWYQQKPGQAPVLVVYDDSDRPSGIPERFSGSNSGNTATLTISRVEAGDEADYYCQVWDSSSDPWVFGGGTKLTVL,
C160,,CAGGTTCAGCTGGTGCAGTCTGGAGCTGAGGTGAAGAAGCCTGGGGCCTCAGTGAAGGTCTCCTGCAAGGCTTCTGGTTACACCTTTACCAGCTACGGTATCAGCTGGGTGCGACAGGCCCCTGGACAAGGGCTTGAGTGGATGGGATGGATCAGCGCTTACAATGGTAACACAAACTATGCACAGAAGCTCCAGGGCAGAGTCACCATGACCACAGACACATCCACGAGCACAGCCTACATGGAGCTGAGGAGCCTGAGATCTGACGACACGGCCGTGTATTACTGTGCGAGAGTTCCCGCCTCGTACGGTGACGACGATTACTACTACTACTACGGTATGGACGTCTGGGGCCAAGGGACCACGGTCACCGTCTCCTCA,QVQLVQSGAEVKKPGASVKVSCKASGYTFTSYGISWVRQAPGQGLEWMGWISAYNGNTNYAQKLQGRVTMTTDTSTSTAYMELRSLRSDDTAVYYCARVPASYGDDDYYYYYGMDVWGQGTTVTVSS,,TCCTATGAGCTGACACAGCCACCCTCGGTGTCAGTGTCCCCAGGACAGACGGCCAGGATCACCTGCTCTGGAGATGCATTGCCAAAGCAATATGCTTATTGGTACCAGCAGAAGCCAGGCCAGGCCCCTGTGCTGGTGATATATAAAGACAGTGAGAGGCCCTCAGGGATCCCTGAGCGATTCTCTGGCTCCAGCTCAGGGACAACAGTCACGTTGACCATCAGTGGAGTCCAGGCAGAAGACGAGGCTGACTATTACTGTCAATCAGCAGACAGCAGTGGTACTCTTTGGGTGTTCGGCGGAGGGACCAAGCTGACCGTCCTAG,SYELTQPPSVSVSPGQTARITCSGDALPKQYAYWYQQKPGQAPVLVIYKDSERPSGIPERFSGSSSGTTVTLTISGVQAEDEADYYCQSADSSGTLWVFGGGTKLTVL,
C161,,CAGGTGCAGCTACAGCAGTGGGGCGCAGGACTGTTGAAGCCTTCGGAGACCCTGTCTCTCACCTGCGCTGTCTCTGGTGGGTCACTCAGTGGTTTCTACTGGACCTGGATCCGCCAGCCCCCCGGAAAGGGGCTGGAGTGGATTGGGGAAACCAATCATTTTGGAAGCACCGACTACAAGCCGTCCCTCAAGAGTCGAGTCACCATATCAGTAGACATGTCCAGGAACCAATTTTCCCTGATTATGACCTCTGTGACCGCCGCGGACACGGCTGTGTATTACTGTGCGAGAAAGACCCTCCTCTTCAGTGACTTTTCTCCTGGTGCTTTTGATATCTGGGGCCAAGGGACAATGGTCACCGTCTCTTCAG,QVQLQQWGAGLLKPSETLSLTCAVSGGSLSGFYWTWIRQPPGKGLEWIGETNHFGSTDYKPSLKSRVTISVDMSRNQFSLIMTSVTAADTAVYYCARKTLLFSDFSPGAFDIWGQGTMVTVSS,,GAAATTGTGTTGACGCAGTCTCCAGGCACCCTGTCTTTGTCTCCAGGGGAAAGAGCCACCCTCTCCTGCAGGGCCAGTCAGACTCTTACCGCCAACTACTTAGCCTGGTACCAGCAGAAACCTGGCCAGGCTCCCAGACTCCTCATCTATGGTGCATCCAAGAGGGCCACTGGCATCCCAGACAGGTTCAGTGGCAGTGGGTCTGGGACAGACTTCACTCTCAGCATCAGCAGACTGGAGCCTGAAGATTTTGCAGTGTATTACTGTCAGCAGTATGGTACTACACCTCGGACTTTCGGCGGAGGGACCAAGGTGGAAATCAA,EIVLTQSPGTLSLSPGERATLSCRASQTLTANYLAWYQQKPGQAPRLLIYGASKRATGIPDRFSGSGSGTDFTLSISRLEPEDFAVYYCQQYGTTPRTFGGGTKVEI,
C162,,CAGGTGCAGCTACAGCAGTGGGGCGCAGGACTGTTGAAGCCTTCGGAGACCCTGTCCCTCACCTGCGCTGTCTCTGGTGGGTCACTCAGTGGTTTCTACTGGACCTGGATCCGCCAGCCCCCAGGAAAGGGGCTGGAGTGGATTGGGGAAACCAATCATTTTGGAAGCACCGACTACAAGGCGTCCCTCAAGAGTCGAGTCACCATATCAGTAGGCATGTCCAGGAACCAATTTTCCCTGAAGGTGACTTCTCTGACCGCCGCGGACACGGCTGTGTATTACTGCGCGAGAAAGCCCCTCCTCTACAGTGACTTTTCTCCTGGTGCTTTTGATGTCTGGGGCCAAGGGACAATGGTCACCGTCTCTTCAG,QVQLQQWGAGLLKPSETLSLTCAVSGGSLSGFYWTWIRQPPGKGLEWIGETNHFGSTDYKASLKSRVTISVGMSRNQFSLKVTSLTAADTAVYYCARKPLLYSDFSPGAFDVWGQGTMVTVSS,,GAAATTGTGTTGACGCAGTCTCCAGGCACCCTGTCTTTGTCTCCAGGGGAAAGAGCCACCCTCTCCTGCAGGGCCAGTCAGACTCTTACCGCCAACTACTTAGCCTGGTACCAGCAGAAACCTGGCCAGGCTCCCAGACTCCTCATCTATGGTGCATCCAAGAGGGCCGCTGGCATCCCAGACAGGTTCAGTGGCAGTGGGTCTGGGACAGACTTCACTCTCAGCATCACCAGACTGGAGCCTGAAGATTTTGCAGTGTATTACTGTCAGCAGTATCATACTACACCTCGGACTTTCGGCGGAGGGACCAAGGTGGAGATCAA,EIVLTQSPGTLSLSPGERATLSCRASQTLTANYLAWYQQKPGQAPRLLIYGASKRAAGIPDRFSGSGSGTDFTLSITRLEPEDFAVYYCQQYHTTPRTFGGGTKVEI,
C163,,CAGGTGCAGCTACAGCAGTGGGGCGCAGGACTGTTGAAGCCTTCGGAGACCCTGTCCCTCACCTGCGCTGTCTCTGGTGGGTCACTCAGTGGTTTCTACTGGACCTGGATCCGCCAGCCCCCAGGAAAGGGGCTGGAGTGGATTGGGGAAACCAATCATTTTGGAAGCACCGACTACAAGCCGTCCCTCAAGAGTCGAGTCACCATATCAGTAGACATGTCCAGGAACCAGTTCTCCCTGAAGGTGACCTCTGTGACCGCCGCGGACACGGCTGTTTATTACTGTGCGAGAAAGCCCCTCCTCCACAGTGACTTATCTCCTGGTGCTTTTGATATCTGGGGCCAAGGGACAATGGTCACCGTCTCTTCAG,QVQLQQWGAGLLKPSETLSLTCAVSGGSLSGFYWTWIRQPPGKGLEWIGETNHFGSTDYKPSLKSRVTISVDMSRNQFSLKVTSVTAADTAVYYCARKPLLHSDLSPGAFDIWGQGTMVTVSS,,GAAATTGTGTTGACGCAGTCTCCAGGCACCCTGTCTTTGTCTCCAGGGGAAAGAGCCACCCTCTCCTGCAGGGCCAGTCAGACTGTTTCCGCCAACTACTTAGCCTGGTACCAGCAGAAAGCTGGCCAGGCTCCCAGACTCCTCATCTATGGTGCATCCAAGAGGGCCACTGGCATCCCAGACAGGTTCAGTGGCAGTGGGTCTGGGACAGACTTCACTCTCAGCATCAGCAGACTGGAGCCTGAAGATTTTGCTGTGTATTACTGTCAGCAGTATGTTACTACACCTCGGACTTTCGGCGGAGGGACCAAGGTGGAAATCAA,EIVLTQSPGTLSLSPGERATLSCRASQTVSANYLAWYQQKAGQAPRLLIYGASKRATGIPDRFSGSGSGTDFTLSISRLEPEDFAVYYCQQYVTTPRTFGGGTKVEI,
C164,,GAGGTGCAGCTGGTGGAGTCTGGGGGAGGCTTGGTCCAGCCGGGGGGGTCCCTGAGACTCTCCTGTGCAGCCTCTGGATTCAGTGTCAGCACCAAGTACATGACATGGGTCCGTCAGGCTCCAGGGAAGGGGCTGGAGTGGGTCTCAGTTCTTTACAGCGGTGGTAGTGATTACTACGCAGACTCCGTGAAGGGCAGATTCACCATCTCCAGAGACAATTCCAAGAACGCTTTATATCTTCAAATGAACAGCTTGAGAGTCGAGGACACGGGTGTTTATTACTGTGCCAGAGACTCGTCGGAAGTCCGTGACCACCCCGGGCACCCAGGGCGCTCGGTGGGGGCTTTTGATATCTGGGGCCAAGGGACAATGGTCACCGTCTCTTCAG,EVQLVESGGGLVQPGGSLRLSCAASGFSVSTKYMTWVRQAPGKGLEWVSVLYSGGSDYYADSVKGRFTISRDNSKNALYLQMNSLRVEDTGVYYCARDSSEVRDHPGHPGRSVGAFDIWGQGTMVTVSS,,CAGTCTGCCCTGACTCAGCCTGCCTCCGTGTCTGGGTCTCCTGGACAGTCGATCACCATCTCCTGCACTGGAACCAGCAATGATGTTGGGAGTTATACCCTTGTCTCCTGGTACCAACAGTACCCAGGCAAAGCCCCCAAGCTCTTAATTTTTGAGGTCACTAAGCGGTCCTCAGGGATTTCTAATCGCTTCTCTGGTTCCAAGTCTGGCAACACGGCCTCCCTGACAATCTCTGGGCTCCAGGGTGAAGACGAGGCTGATTATTATTGCTGCTCATATGCAGGTGCTAGCACTTTCGTGTTCGGCGGAGGGACCAAGCTGACCGTCCTAG,QSALTQPASVSGSPGQSITISCTGTSNDVGSYTLVSWYQQYPGKAPKLLIFEVTKRSSGISNRFSGSKSGNTASLTISGLQGEDEADYYCCSYAGASTFVFGGGTKLTVL,
C165,,CAGGTGCAGCTGGTGCAGTCTGGGGCTGAGGTGAAGAAGCCTGGGTCGTCGGTGAAGGTCTCCTGCAAGGCTTCTGGAGGCACCTTCAGTAGCTATGCTATCAACTGGGTGCGACAGGCCCCTGGACAAGGGCTTGAGTGGATGGGAAGGATCATCCCTATCGTTGGTATAGCAAACTACGCACAGAAGTTCCAGGGCAGAGTCACGATTACGGCGGACAAATCCTCGAGCACAGCCTACATGGAGCTGAGCAGCCTGAGATCTGAGGACACGGCCGTGTATTACTGTGCGAGAGATCTCCTGGACCCCCAGCTAGATGATGCTTTTGATATCTGGGGCCAAGGGACAATGGTCACCGTCTCTTCAG,QVQLVQSGAEVKKPGSSVKVSCKASGGTFSSYAINWVRQAPGQGLEWMGRIIPIVGIANYAQKFQGRVTITADKSSSTAYMELSSLRSEDTAVYYCARDLLDPQLDDAFDIWGQGTMVTVSS,,GAAATTGTGTTGACGCAGTCTCCAGGCACCCTGTCTTTGTCTCCAGGGGAAAGAGCCACCCTCTCCTGCAGGGCCAGTCAGAGTGTTAGCAGCACCTACTTAGCCTGGTACCAGCAGAAACCTGGCCAGGCTCCCAGGCTCCTCATCTATGGTGCATCCAGCAGGGCCACTGGCATCCCAGACAGGTTCAGTGGCAGTGGGTCTGGGACAGACTTCACTCTCACCATCAGCAGACTGGAGCCTGAAGATTTTGCAGTGTATTACTGTCAGCAGTATGGTAGCTCACCGTGGACGTTCGGCCAAGGGACCAAGGTGGAAATCAAAC,EIVLTQSPGTLSLSPGERATLSCRASQSVSSTYLAWYQQKPGQAPRLLIYGASSRATGIPDRFSGSGSGTDFTLTISRLEPEDFAVYYCQQYGSSPWTFGQGTKVEIK,
C201,,GAAGTGCAGCTGGTGGAGTCTGGGGGAGGCTTGGTACAGCCTGGCAGGTCCCTGAGACTCTCCTGTGCAGCCTCTGGATTCACCTTTGATGATTATGCCATGCACTGGGTCCGGCAAGCTCCAGGGAAGGGCCTGGAGTGGGTCTCAGGTATTAGTTGGAATAGTGGTAGTATAGGCTATGCGGACTCTGTGAAGGGCCGATTCACCATCTCCAGAGACAACGCCAAGAACTCCCTGTATCTGCAAATGAACAGTCTGAGAGCTGAGGAC ACGGCCTTGTATTACTGTGTAAAAGGGGTCGAGTATAGCAGCTCGAGCAACTTTGACTACTGGGGCCAGGGAACCCTGGTCACCGTCTCCTCAG,EVQLVESGGGLVQPGRSLRLSCAASGFTFDDYAMHWVRQAPGKGLEWVSGISWNSGSIGYADSVKGRFTISRDNAKNSLYLQMNSLRAEDTALYYCVKGVEYSSSSNFDYWGQGTLVTVSS,,CATCCGGATGACCCAGTCTCCATCTTCTGTGTCTGCATCTGTAGGAGACAGAGTCACCATCACTTGTCGGGCGAGTCAGGGTATTAGCAGCTGGTTAGCCTGGTATCAGCAGAAACCAGGGAAAGCCCCTAAGCTCCTGATCTATGTTGAATCCAGTTTGCAAAGTGGGGTCCCATCAAGGTTCAGCGGCAGTGGATCTGGGACAGATTTCACTCTCACTATCAGCAGCCTGCAGCCTGAAGATTTTGCAACCTACTATTGTCAACAGGCTAACAGTTTCCCTCTCACTTTCGGCGGAGGGACCAAGGTGGAAATCAAAC,IRMTQSPSSVSASVGDRVTITCRASQGISSWLAWYQQKPGKAPKLLIYVESSLQSGVPSRFSGSGSGTDFTLTISSLQPEDFATYYCQQANSFPLTFGGGTKVEIK,
C202,,GAGGTGCAGCTGGTGGAGTCTGGGGGAGGCTTGGTCCAGCCTGGGGGGTCCCTAAGACTCTCCTGTGCAGCCTCTGGATTCACCGTCAGTAGCAACTACATGAGCTGGGTCCGCCAGGCTCCAGGGAAGGGGCTGGAGTGGGTCTCACTTATTTATAGCGGTGGTAGCACATACTACGCAGACTCCGTGAAGGGCCGATTCACCATCTCCAGAGACAATTCCAAGAACACGCTGTATCTTCAAATGAACAGCCTGAGAGCTGAGGACACGGCTGTGTATTACTGTGCGAGAGATACCCTTGGTAGGGGGGGCGACTACTGGGGCCAGGGAACCCTGGTCACCGTCTCCTCAG,EVQLVESGGGLVQPGGSLRLSCAASGFTVSSNYMSWVRQAPGKGLEWVSLIYSGGSTYYADSVKGRFTISRDNSKNTLYLQMNSLRAEDTAVYYCARDTLGRGGDYWGQGTLVTVSS,,GACATCCAGTTGACCCAGTCTCCATCCTCCCTGTCTGCATCTGTAGGAGACAGAGTCACCATCACTTGCCAGGCGAGTCAGGACATTAGCAACTATTTAAATTGGTATCAGCAGAAACCAGGGAAAGCCCCTAAGCTCCTGATCTACGATGCATCCAATTTGGAAACAGGGGTCCCATCAAGGTTCAGTGGAAGTGGATCTGGGACAGATTTTACTTTCACCATCAGCAGCCTGCAGCCTGAAGATATTGCAACATATTACTGTCAACAGTATGATAATCTCCCTCGGAGTTTTGGCCAGGGGACCAAGCTGGAGATCAAAC,DIQLTQSPSSLSASVGDRVTITCQASQDISNYLNWYQQKPGKAPKLLIYDASNLETGVPSRFSGSGSGTDFTFTISSLQPEDIATYYCQQYDNLPRSFGQGTKLEIK,
C204,,GAGGTGCAGCTGTTGGAGTCTGGGGGAGGCTTGGAACAGCCTGGGGGGTCCCTGAGACTCTCCTGTGCAGCCTCTGGATTCACTTTTAGCACCTATGCCATGAGCTGGGTCCGCCAGGCTCCAGGGAAGGGGCTGGAGTGGGTCTCAGCTATTAGTGGTAGTGGTGCTGGCACATTCTACGCAGACTCCGTGAAGGGCCGGTTCACCATCTCCAGAGACAATTCCAAGAACACGCTGTATCTGCAAATGAACAGCCTGAGAGCCGAGGACACGGCCGTATATTACTGTGCGAGAGAGAGCGATTGTGGTAGTACCAGCTGCTATCAAGTCGGGTGGTTCGACCCCTGGGGCCAGGGAACCCTGGTCACCGTCTCCTCAG,EVQLLESGGGLEQPGGSLRLSCAASGFTFSTYAMSWVRQAPGKGLEWVSAISGSGAGTFYADSVKGRFTISRDNSKNTLYLQMNSLRAEDTAVYYCARESDCGSTSCYQVGWFDPWGQGTLVTVSS,,GACATCCAGTTGACCCAGTCTCCATCCTCCCTGTCTGCATCTGTAGGAGACAGAGTCACCATCACTTGCCGGGCAAGTCAGAGCATTAGCAGCTATTTAAATTGGTATCAGCAGAAACCAGGGAAAGCCCCTAAGCTCCTGATCTATGCTGCATCCAGTTTGCAAAGTGGGGTCCCATCAAGGTTCAGTGGCAGTGGATCTGGGACAGATTTCACTCTCACCATCAGCAGTCTGCAACCTGAAGATTTTGCAACTTACTACTGTCAACAGAGTTACAGTACCCCTCCGTGGACGTTCGGCCAGGGGACCAAGGTGGAAATCAAAC,DIQLTQSPSSLSASVGDRVTITCRASQSISSYLNWYQQKPGKAPKLLIYAASSLQSGVPSRFSGSGSGTDFTLTISSLQPEDFATYYCQQSYSTPPWTFGQGTKVEIK,
C205,,CAGGTGCAGCTGGTGCAGTCTGGGGCTGAGGTGAAGAAGCCTGGGGCCTCAGTGAAGGTTTCCTGCAAGGCATCTGGACACACCTTCACCAGCTACTATATGCACTGGGTGCGACAGGCCCCTGGACAAGGGCTTGAGTGGATGGGAATCATCAACCCTAGTGGTGGTAGCACAAGCTACGCACAGAAGTTCCAGGGCAGAGTCACCATGACCAGGGACACGTCCACGAGCACAGTCTACATGGAGCTGAGCAGCCTGAGATCTGAGGACACGGCTGTGTATTACTGTGCTAGGGGGCCGGAACGGGGTATAGTGGGAGCTACTGACTACTTTGACTACTGGGGCCAGGGAACCCTGGTCACCGTCTCCTCAG,QVQLVQSGAEVKKPGASVKVSCKASGHTFTSYYMHWVRQAPGQGLEWMGIINPSGGSTSYAQKFQGRVTMTRDTSTSTVYMELSSLRSEDTAVYYCARGPERGIVGATDYFDYWGQGTLVTVSS,,GAAATTGTGTTGACGCAGTCTCCAGGCACCCTGTCTTTGTCTCCAGGGGAAAGAGCCACCCTCTCCTGCAGGGCCAGTCAGAGTGTTAGCAGCAGCTACTTAGCCTGGTACCAGCAGAAACCTGGCCAGGCTCCCAGGCTCCTCATCTATGGTGCATCCAGCAGGGCCACTGGCATCCCAGACAGGTTCAGTGGCAGTGGGTCTGGGACAGACTTCACTCTCACCATCAGCAGACTGGAGCCTGAAGATTTTGCAGTGTATTACTGTCAGCAGTATGTTAGCTCACCGTGGACGTTCGGCCAAGGGACCAAGGTGGAGATCAAAC,EIVLTQSPGTLSLSPGERATLSCRASQSVSSSYLAWYQQKPGQAPRLLIYGASSRATGIPDRFSGSGSGTDFTLTISRLEPEDFAVYYCQQYVSSPWTFGQGTKVEIK, 
C207,,GAGGTGCAGCTGTTGGAGTCTGGGGGAGGCTTGGTACAGCCTGGGGGGTCCCTGAGACTCTCCTGTGCAGCCTCTGGATTCACCTTTAGCAGCTATGCCATGAGCTGGGTCCGCCAGGCTCCAGGGAAGGGGCTGGAGTGGGTCTCAGCTATTAGTGGTAGTGGTGGTAGCACATACTACGCAGACTCCGTGAAGGGCCGGTTCACCATCTCCAGAGACAATTCCAAGAACACGCTGTATCTGCAAATGAACAGCCTGAGAGCCGAGGACACGGCCGTATATTACTGTGCGAAAGAACCCATCGGCCAGCCACTGCTATGGTGGGACTACTGGGGCCAGGGAACCCTGGTCACCGTCTCCTCAG,EVQLLESGGGLVQPGGSLRLSCAASGFTFSSYAMSWVRQAPGKGLEWVSAISGSGGSTYYADSVKGRFTISRDNSKNTLYLQMNSLRAEDTAVYYCAKEPIGQPLLWWDYWGQGTLVTVSS, ,GAAATTGTGTTGACACAGTCTCCAGCCACCCTGTCTTTGTCTCCAGGGGAAAGAGCCACCCTCTCCTGCAGGGCCAGTCAGAGTGTTAGCAGCTACTTAGCCTGGTACCAACAGAAACCTGGCCAGGCTCCCAGGCTCCTCATCTATGATGCATCCAACAGGGCCACTGGCATCCCAGCCAGGTTCAGTGGCAGTGGGTCTGGGACAGACTTCACTCTCACCATCAGCAGCCTAGAGCCTGAAGATTTTGCAGTTTATTACTGTCAGCAGCGTAGCAACTGGCCCCGGGGGTTCGGCCAAGGGACCAAGGTGGAGATCAAAC,EIVLTQSPATLSLSPGERATLSCRASQSVSSYLAWYQQKPGQAPRLLIYDASNRATGIPARFSGSGSGTDFTLTISSLEPEDFAVYYCQQRSNWPRGFGQGTKVEIK, 
C208,,GAGGTGCAGCTGGTGCAGTCTGGAGCAGAGGTGAAAAAGCCCGGGGAGTCTCTGAAGATCTCCTGTAAGGGTTCTGGATACAGCTTTACCAGCTACTGGATCGGCTGGGTGCGCCAGATGCCCGGGAAAGGCCTGGAGTGGATGGGGATCATCTATCCTGGTGACTCTGATACCAGATACAGCCCGTCCTTCCAAGGCCAGGTCACCATCTCAGCCGACAAGTCCATCAGCACCGCCTACCTGAAGTGGAGCAGCCTGAAGGCCTCGGACAGCGCCATGTATTACTGTGCGAGGGGGCCCAACCTCCAGAACTGGTTCGACCCCTGGGGCCAGGGAACCCTGGTCACCGTCTCCTCAG,EVQLVQSGAEVKKPGESLKISCKGSGYSFTSYWIGWVRQMPGKGLEWMGIIYPGDSDTRYSPSFQGQVTISADKSISTAYLKWSSLKASDSAMYYCARGPNLQNWFDPWGQGTLVTVSS, ,GAAATTGTGTTGACGCAGTCTCCAGGCACCCTGTCTTTGTCTCCAGGGGAAAGAGCCACCCTCTCCTGCAGGGCCAGTCAGAGTGTTAGCGGCAGCTACTTAGCCTGGTACCAGCAGAGACCTGGCCAGGCTCCCAGGCTCCTCATCTATGGTGCTTCCAGCAGGGCCACTGGCATCCCAGACAGGTTCAGTGGCAGTGGGTCTGGGACAGACTTCACTCTCACCATCAGCAGACTGGAGCCTGAAGATTTTGCAGTGTATTACTGTCAGCAGTATGGTAGCTCGCTCACTTTCGGCGGGGGGACCAAGGTGGAGATCAAAC,EIVLTQSPGTLSLSPGERATLSCRASQSVSGSYLAWYQQRPGQAPRLLIYGASSRATGIPDRFSGSGSGTDFTLTISRLEPEDFAVYYCQQYGSSLTFGGGTKVEIK, 
C209,,CAGGTGCAGCTGGTGCAGTCTGGGGCTGAGGTGAAGAAGTCTGGGGCCTCAGTGAAGGTCTCCTGCAAGGCTTCTGGATACACCTTCACCAGTTATGATATCAACTGGGTGCGACAGGCCACTGGACAAGGGCTTGAGTGGATGGGATGGATGAACCCTAACAGTGGTAACACAGGCTATGCACAGAAGTTCCAGGGCAGAGTCACCATGACCAGGAACACCTCCATAAGCACAGCCTACATGGANCTGAGCAGCCTGANATCTGANGANACGGCCGTGTATTACTGTGCGANAGGGTTCAGCCTGACTTGGTACTTCGATCTCTGGGGCCGTGGNNCCCTGGTCACCGNCTCCTCAG,QVQLVQSGAEVKKSGASVKVSCKASGYTFTSYDINWVRQATGQGLEWMGWMNPNSGNTGYAQKFQGRVTMTRNTSISTAYMXLSSLXSXXTAVYYCAXGFSLTWYFDLWGRGXLVTXSS, ,TCCTATGAGCTGACACAGCCACCCTCGGTGTCAGTGGCCCCAGGAAAGACGGCCAGGATTACCTGTGGGGGAAACAACATTGGAAGCAAAAGTGTGCACTGGTACCAGCAGAAGCCAGGCCATGCCCCTGTACTGGTCGTCTATGATGATAGCGACCGGCCCTCAGGGATCCCTGAGCGATTCTCTGGCTCCAACTCTGGGAACACGGCCACCCTGACCATCAGCAGGGTCGAAGCCGGGGATGAGGCCGACTATTACTGTCAGGTGTGGGATAGTACTGGTGGTCATCCCGATGTGGTGTTCGGCGGAGGGACCAAGCTGACCGTCCTAG,SYELTQPPSVSVAPGKTARITCGGNNIGSKSVHWYQQKPGHAPVLVVYDDSDRPSGIPERFSGSNSGNTATLTISRVEAGDEADYYCQVWDSTGGHPDVVFGGGTKLTVL, 
C210,,GAGGTGCAGCTGGTGGAGTCTGGAGGAGGCTTGATCCAGCCTGGGGGGTCCCTGAGACTCTCCTGTGCAGCCTCTGGGTTCACCGTCAGTAGCAACTACATGAGCTGGGTCCGCCAGGCTCCAGGGAAGGGGCTGGAGTGGGTCTCAGTTATTTATAGCGGTGGTAGTACATTCTACGCAGACTCCGTGAAGGGCCGATTCACCTTCTCCAGAGACAATTCCAAGAACACGCTGTATCTTCAAATGAACAGCCTGAGAGCCGAGGACACGGCCGTGTATTACTGTGCGAGAGATTTGATGGCCTACGGTATGGACGTCTGGGGCCAAGGGACCACGGTCACCGTCTCCTCAG,EVQLVESGGGLIQPGGSLRLSCAASGFTVSSNYMSWVRQAPGKGLEWVSVIYSGGSTFYADSVKGRFTFSRDNSKNTLYLQMNSLRAEDTAVYYCARDLMAYGMDVWGQGTTVTVSS, ,GACATCCAGTTGACCCAGTCTCCATCCTTCCTGTCTGCATCTGTAGGAGACAGAGTCACCATCACTTGCCGGGCCAGTCAGGGCATTAGCAGTTATTTAGCCTGGTATCAGCAAAAACCAGGGAAAGCCCCTAAGCTCCTGATCTATGCTGCATCCACTTTGCAAAGTGGGGTCCCATCAAGGTTCAGCGGCAGTGGATCTGGGACAGAATTCACTCTCACAATCAGCAGCCTGCAGCCTGAAGATTTTGCAACTTATTACTGTCAACAGCTTAATAGTTACCCTCAGGGCACTTTCGGCGGAGGGACCAAGGTGGAAATCAAAC,DIQLTQSPSFLSASVGDRVTITCRASQGISSYLAWYQQKPGKAPKLLIYAASTLQSGVPSRFSGSGSGTEFTLTISSLQPEDFATYYCQQLNSYPQGTFGGGTKVEIK, 
C211,,GAGGTGCAGCTGGTGGAGTCTGGGGGAGGCTTGGTCCAGCCTGGGGGGTCCCTGAGACTCTCCTGTGCAGCCTCTGAATTCACCGTCAGTAGCAACTACATGAGCTGGGTCCGCCAGGCTCCAGGGAAGGGGCTGGAGTGGGTCTCAGTTATTTATAGCGGTGGTAGCACATTCTACGCAGACTCCGTGAAGGGCCGATTCACCATCTCCAGAGACAATTCCAAGAACACGCTGTATCTTCAAATGAACAGCCTGAGACCTGAGGACACGGCTGTGTATTACTGTGCGAGAGACTACGGTGACTTCTACTTTGACTTCTGGGGCCAGGGAACCCTGGTCACCGTCTCCTCAG,EVQLVESGGGLVQPGGSLRLSCAASEFTVSSNYMSWVRQAPGKGLEWVSVIYSGGSTFYADSVKGRFTISRDNSKNTLYLQMNSLRPEDTAVYYCARDYGDFYFDFWGQGTLVTVSS, ,GAAATAGTGATGACGCAGTCTCCAGCCACCCTGTCTGTGTCTCCAGGGGAAAGAGCCACCCTCTCCTGCAGGGCCAGTCAGAGTGTTAGCAGCAACTTAGCCTGGTACCAGCAGAAACCTGGCCAGGGTCCCAGGCTCCTCATCTATGGTGCATCCACCAGGGCCACTGGTATCCCAGCCAGGTTCAGTGGCAGTGGGTCTGGGACAGAGTTCACTCTCACCATCAGCAGCCTGCAGTCTGAAGATTTTGCAGTTTATTACTGTCAGCAGTATAATAACTGGCCCCGGACGTTCGGCCAAGGGACCAAGGTGGAGATCAAAC,EIVMTQSPATLSVSPGERATLSCRASQSVSSNLAWYQQKPGQGPRLLIYGASTRATGIPARFSGSGSGTEFTLTISSLQSEDFAVYYCQQYNNWPRTFGQGTKVEIK, 
C212,,CAGGTGCAGCTGGTGCAGTCTGGGGCTGAGGTGAAGAAGCCTGGGGCCTCAGTGAAGGTCTCCTGCAAGGCTTCTGGATACACCGTCACCGGCTATTATATACACTGGGTGCGACAGGCCCCTGGACAAGGGCTTGAGTGGATGGGATGGATCAGCCCTAACAGTGGTGGCACAAACTATGCACAGAAGTTTCAGGGCTGGGTCACCATGACCAGGGACATGTCCATCACCACAGCCTACATGGAGCTGAGTAGACTGAGATCTGACGACACGGCCGTGTATTACTGTGCGAGGGAACGATATTTTGACTTGGGTGGTATGGACGTCTGGGGCCAAGGGACCACGGTCACCGTCTCCTCAG,QVQLVQSGAEVKKPGASVKVSCKASGYTVTGYYIHWVRQAPGQGLEWMGWISPNSGGTNYAQKFQGWVTMTRDMSITTAYMELSRLRSDDTAVYYCARERYFDLGGMDVWGQGTTVTVSS, ,CTGACTCAGCCTGCCTCCGTGTCTGGGTCTCCTGGACAGTCGATCACCATCTCCTGCACTGGAACCAGCAGTGATGTTGGGAGTTATAACCTTGTCTCCTGGTACCAACAGCACCCAGGCAAAGCCCCCAAACTCATGATTTATGAGGACAGTAAGCGGCCCTCAGGGGTTTCTAATCGCTTCTCTGGCTCCAAGTCTGGCAACACGGCCTCCCTGACAATCTCTGGGCTCCAGGCTGAGGACGAGGCTGATTATTACTGCTGCTCATATGCAGGTAGTAGCACTCGGCTATTCGGCGGAGGGACCAAGCTGACCGTCCTAG,LTQPASVSGSPGQSITISCTGTSSDVGSYNLVSWYQQHPGKAPKLMIYEDSKRPSGVSNRFSGSKSGNTASLTISGLQAEDEADYYCCSYAGSSTRLFGGGTKLTVL, 
C214,,CAGGTGCAGCTGGTGGAGTCTGGGGGAGGCGTGGTCCAGCCTGGGAGGTCCCTGAGACTCTCCTGTGCAGCGTCTGGATTCACCTTCAGTAGCTATGGCATGCACTGGGTCCGCCAGGCTCCAGGCAAGGGGCTGGAGTGGGTGGCAGCTATATGGTATGATGGAAGTAATAAACACTATGCAGACTCCGTGAAGGGCCGATTCACCATCTCCAGAGACAATTCCAAGAACACGCTGTATCTGCAAATGAACAGCCTGAGAGCCGAGGACACGGCTGTGTATTACTGTGCGAGAGATGTAGGGCGGGTGACGACCTGGTTCGACCCCTGGGGCCAGGGAACCCTGGTCACCGTCTCCTCAG,QVQLVESGGGVVQPGRSLRLSCAASGFTFSSYGMHWVRQAPGKGLEWVAAIWYDGSNKHYADSVKGRFTISRDNSKNTLYLQMNSLRAEDTAVYYCARDVGRVTTWFDPWGQGTLVTVSS, ,GACATCCAGTTGACCCAGTCTCCATCCTCCCTGTCTGCATCTGTAGGAGACAGAGTCACCATCACTTGCCGGGCAAGTCAGAGCATTAGCAGCTATTTAACTTGGTATCAGCAGAAACCAGGGAAAGCCCCTAAGCTCCTGATCTATGCTGCATCCAGTTTGCAAAGTGGGGTCCCATCAAGGTTCAGTGGCAGTGGATCTGGGACAGATTTCACTCTCACCATCAGCAGTCTGCAACCTGAAGATTTTGCAACTTACTACTGTCAACAGAGTTACAGTACCCCTCCGTGGACGTTCGGCCAAGGGACCAAGGTGGAGATCAAAC,DIQLTQSPSSLSASVGDRVTITCRASQSISSYLTWYQQKPGKAPKLLIYAASSLQSGVPSRFSGSGSGTDFTLTISSLQPEDFATYYCQQSYSTPPWTFGQGTKVEIK, 
C215,,GAGGTGCAGCTGTTGGAGTCTGGGGGAGGCTTGGTACAGCCTGGGGGGTCCCTGAGACTCTCCTGTGCAGCCTCTGGATTCACCTTTAGCAGCTATGCCATGAGCTGGGTCCGCCAGGCTCCAGGGAAGGGGCTGGAGTGGGTCTCAGCTATTACTGATAGTGGTGATGGCACATTCTACGCAGACTCCGTGAAGGGCCGGTTCACCATCTCCAGAGACAATTCCAAGAACACGCTGTATCTGCAAATGAACAGCCTGAGAGCCGAGGACACGGCCGTTTATTACTGTGCGTCCGAAGAGGACTACAGTAACTACGTGGGGTGGTTCGACCCCTGGGGCCAGGGAACCCTGGTCACCGTCTCCTCAG,EVQLLESGGGLVQPGGSLRLSCAASGFTFSSYAMSWVRQAPGKGLEWVSAITDSGDGTFYADSVKGRFTISRDNSKNTLYLQMNSLRAEDTAVYYCASEEDYSNYVGWFDPWGQGTLVTVSS, ,GACATCCAGTTGACCCAGTCTCCATCCTCCCTGTCTGCATCTGTAGGAGACAGAGTCACCATCACTTGCCGGGCAAGTCAGAGCATTAGCAGCTATTTAAATTGGTATCAGCAGAAACCAGGGAAAGCCCCTAAGCTCCTGATCTATGCTGCATCCAGTTTGCAAAGTGGGGTCCCATCAAGGTTCAGTGGCAGTGGATCTGGGACAGATTTCACTCTCACCATCAGCAGTCTACAACCTGAAGATTTTGCAACTTACTACTGTCAACAGAGTTACAGTACCCCTCCGTGGACGTTCGGCCAAGGGACCAAGGTGGAAATCAAAC,DIQLTQSPSSLSASVGDRVTITCRASQSISSYLNWYQQKPGKAPKLLIYAASSLQSGVPSRFSGSGSGTDFTLTISSLQPEDFATYYCQQSYSTPPWTFGQGTKVEIK, 
C216,,GAGGTGCAGCTGGTGGAGTCTGGGGGAGGCTTGGTACAGCCTGGGGGGTCCCTGAGACTCTCCTGTGCAGCCTCTGGATTCACCTTCAGTAGCTACGACATGCACTGGGTCCGCCAAGCTACAGGAAAAGGTCTGGAGTGGGTCTCAGCTATTGGTACTGCTGGTGACACATACTATCCAGACTCCGTGAAGGGCCGATTCACCATCTCCAGAGAAAATGCCAAGAACTCCTTGTATCTTCAAATGAACAGCCTGAGAGCCGGGGACACGGCTGTGTATTACTGTGCAAGAGATCGGGGAAGCAGTGGCTGGTACGGCTGGTACTTCGATCTCTGGGGCCGTGGCACCCTGGTCACCGTCTCCTCAG,EVQLVESGGGLVQPGGSLRLSCAASGFTFSSYDMHWVRQATGKGLEWVSAIGTAGDTYYPDSVKGRFTISRENAKNSLYLQMNSLRAGDTAVYYCARDRGSSGWYGWYFDLWGRGTLVTVSS, ,GACATCCAGTTGACCCAGTCTCCATCCTCCCTGTCTGCATCTGTAGGAGACAGAGTCACCATCACTTGCCGGGCAAGTCAGAGCATTAGCAGCTATTTAAATTGGTATCAGCAGAAACCAGGGAAAGCCCCTAAGCTCCTGATCTATGTTGCATCCAGTTTGCAAAGTGGGGTCCCATCAAGGTTCAGTGGCAGTGGATCTGGGACAGATTTCACTCTCACCATCAGCAGTCTGCAACCTGAAGATTTTGCAACTTACTACTGTCAACAGAGTTACAGTACCCCCCCGATCACCTTCGGCCAAGGGACACGACTGGAGATTAAAC,DIQLTQSPSSLSASVGDRVTITCRASQSISSYLNWYQQKPGKAPKLLIYVASSLQSGVPSRFSGSGSGTDFTLTISSLQPEDFATYYCQQSYSTPPITFGQGTRLEIK, 