pdb,pdb_location,fasta_location,aa,chain
6M0J,,0,R,E
6M0J,,1,V,E
6M0J,,2,Q,E
6M0J,,3,P,E
6M0J,,4,T,E
6M0J,,5,E,E
6M0J,,6,S,E
6M0J,,7,I,E
6M0J,,8,V,E
6M0J,,9,R,E
6M0J,,10,F,E
6M0J,,11,P,E
6M0J,,12,N,E
6M0J,,13,I,E
6M0J,333,14,T,E
6M0J,334,15,N,E
6M0J,335,16,L,E
6M0J,336,17,C,E
6M0J,337,18,P,E
6M0J,338,19,F,E
6M0J,339,20,G,E
6M0J,340,21,E,E
6M0J,341,22,V,E
6M0J,342,23,F,E
6M0J,343,24,N,E
6M0J,344,25,A,E
6M0J,345,26,T,E
6M0J,346,27,R,E
6M0J,347,28,F,E
6M0J,348,29,A,E
6M0J,349,30,S,E
6M0J,350,31,V,E
6M0J,351,32,Y,E
6M0J,352,33,A,E
6M0J,353,34,W,E
6M0J,354,35,N,E
6M0J,355,36,R,E
6M0J,356,37,K,E
6M0J,357,38,R,E
6M0J,358,39,I,E
6M0J,359,40,S,E
6M0J,360,41,N,E
6M0J,361,42,C,E
6M0J,362,43,V,E
6M0J,363,44,A,E
6M0J,364,45,D,E
6M0J,365,46,Y,E
6M0J,366,47,S,E
6M0J,367,48,V,E
6M0J,368,49,L,E
6M0J,369,50,Y,E
6M0J,370,51,N,E
6M0J,371,52,S,E
6M0J,372,53,A,E
6M0J,373,54,S,E
6M0J,374,55,F,E
6M0J,375,56,S,E
6M0J,376,57,T,E
6M0J,377,58,F,E
6M0J,378,59,K,E
6M0J,379,60,C,E
6M0J,380,61,Y,E
6M0J,381,62,G,E
6M0J,382,63,V,E
6M0J,383,64,S,E
6M0J,384,65,P,E
6M0J,385,66,T,E
6M0J,386,67,K,E
6M0J,387,68,L,E
6M0J,388,69,N,E
6M0J,389,70,D,E
6M0J,390,71,L,E
6M0J,391,72,C,E
6M0J,392,73,F,E
6M0J,393,74,T,E
6M0J,394,75,N,E
6M0J,395,76,V,E
6M0J,396,77,Y,E
6M0J,397,78,A,E
6M0J,398,79,D,E
6M0J,399,80,S,E
6M0J,400,81,F,E
6M0J,401,82,V,E
6M0J,402,83,I,E
6M0J,403,84,R,E
6M0J,404,85,G,E
6M0J,405,86,D,E
6M0J,406,87,E,E
6M0J,407,88,V,E
6M0J,408,89,R,E
6M0J,409,90,Q,E
6M0J,410,91,I,E
6M0J,411,92,A,E
6M0J,412,93,P,E
6M0J,413,94,G,E
6M0J,414,95,Q,E
6M0J,415,96,T,E
6M0J,416,97,G,E
6M0J,417,98,K,E
6M0J,418,99,I,E
6M0J,419,100,A,E
6M0J,420,101,D,E
6M0J,421,102,Y,E
6M0J,422,103,N,E
6M0J,423,104,Y,E
6M0J,424,105,K,E
6M0J,425,106,L,E
6M0J,426,107,P,E
6M0J,427,108,D,E
6M0J,428,109,D,E
6M0J,429,110,F,E
6M0J,430,111,T,E
6M0J,431,112,G,E
6M0J,432,113,C,E
6M0J,433,114,V,E
6M0J,434,115,I,E
6M0J,435,116,A,E
6M0J,436,117,W,E
6M0J,437,118,N,E
6M0J,438,119,S,E
6M0J,439,120,N,E
6M0J,440,121,N,E
6M0J,441,122,L,E
6M0J,442,123,D,E
6M0J,443,124,S,E
6M0J,444,125,K,E
6M0J,445,126,V,E
6M0J,446,127,G,E
6M0J,447,128,G,E
6M0J,448,129,N,E
6M0J,449,130,Y,E
6M0J,450,131,N,E
6M0J,451,132,Y,E
6M0J,452,133,L,E
6M0J,453,134,Y,E
6M0J,454,135,R,E
6M0J,455,136,L,E
6M0J,456,137,F,E
6M0J,457,138,R,E
6M0J,458,139,K,E
6M0J,459,140,S,E
6M0J,460,141,N,E
6M0J,461,142,L,E
6M0J,462,143,K,E
6M0J,463,144,P,E
6M0J,464,145,F,E
6M0J,465,146,E,E
6M0J,466,147,R,E
6M0J,467,148,D,E
6M0J,468,149,I,E
6M0J,469,150,S,E
6M0J,470,151,T,E
6M0J,471,152,E,E
6M0J,472,153,I,E
6M0J,473,154,Y,E
6M0J,474,155,Q,E
6M0J,475,156,A,E
6M0J,476,157,G,E
6M0J,477,158,S,E
6M0J,478,159,T,E
6M0J,479,160,P,E
6M0J,480,161,C,E
6M0J,481,162,N,E
6M0J,482,163,G,E
6M0J,483,164,V,E
6M0J,484,165,E,E
6M0J,485,166,G,E
6M0J,486,167,F,E
6M0J,487,168,N,E
6M0J,488,169,C,E
6M0J,489,170,Y,E
6M0J,490,171,F,E
6M0J,491,172,P,E
6M0J,492,173,L,E
6M0J,493,174,Q,E
6M0J,494,175,S,E
6M0J,495,176,Y,E
6M0J,496,177,G,E
6M0J,497,178,F,E
6M0J,498,179,Q,E
6M0J,499,180,P,E
6M0J,500,181,T,E
6M0J,501,182,N,E
6M0J,502,183,G,E
6M0J,503,184,V,E
6M0J,504,185,G,E
6M0J,505,186,Y,E
6M0J,506,187,Q,E
6M0J,507,188,P,E
6M0J,508,189,Y,E
6M0J,509,190,R,E
6M0J,510,191,V,E
6M0J,511,192,V,E
6M0J,512,193,V,E
6M0J,513,194,L,E
6M0J,514,195,S,E
6M0J,515,196,F,E
6M0J,516,197,E,E
6M0J,517,198,L,E
6M0J,518,199,L,E
6M0J,519,200,H,E
6M0J,520,201,A,E
6M0J,521,202,P,E
6M0J,522,203,A,E
6M0J,523,204,T,E
6M0J,524,205,V,E
6M0J,525,206,C,E
6M0J,526,207,G,E
6M0J,,208,P,E
6M0J,,209,K,E
6M0J,,210,K,E
6M0J,,211,S,E
6M0J,,212,T,E
6M0J,,213,N,E
6M0J,,214,L,E
6M0J,,215,V,E
6M0J,,216,K,E
6M0J,,217,N,E
6M0J,,218,K,E
6M0J,,219,C,E
6M0J,,220,V,E
6M0J,,221,N,E
6M0J,,222,F,E
6M0J,,223,H,E
6M0J,,224,H,E
6M0J,,225,H,E
6M0J,,226,H,E
6M0J,,227,H,E
6M0J,,228,H,E