6811_V7_C18,0.001,MKARGILRSC-QRW-W--------IW-------GI---LGLW----MLL---IC--SG-L--G--N--------------L--WVTVYYGVPVW-REANAT----LFCASDAKAYEREVHNVWATHACVPTDPDPQEIVL------NVTENFNMWKNYMVDQMHEDIISLWDQSLQP-CVKLTPLCVALNCTDTN--------------------------------------------------------NST--EIKNCSF-NIA-TELRD----KKQK--EGAL-FNSLDIVPLNS--------------------------------------------NNSQYRLISCNTSTLKQACPKVSFDPIPIHYCAPAG-FAILKC--NSKTFNGTGPCQNVSTVQCTHGI-KPVVSTQLLLNGS--LAEGE-IMIRSENLTNNVK-TIIVHLNESVE--IKCIRPNNNTRKSIR---IGPGQ--TFYATGD----IIGDIRQAHCNI-SESKWNTTLQRVS-KKLA--EHFP---------NK-TIKF--E--PPSGGDLEITMHSFNCRGEFFYCNTSILFNSTYCPNGTC-------YFNGTN-------T--------------SNSSIT-LLCRIKQIINMWQGIGKAIYAPPIAGNITCVSN--------------------ITGLLLTRDGG---------S-GNDT------------------------DPEIFRPAGGDMRDNWRSELYKYKVVEIKP---LGVAPTKAQRRVV-------KRERRAV-G------IGAVLFGFLGAAGSTMGAASITLTVQ-ARQLLSGIVQ---QQSNLLRAIEAQQHM-LQLTVWGIKQLQARVLAIERYLRDQQLLGIWGCSGKLICTTTVPWNNSW-----S---------NKTYDEIW-S--NLTWMQWDREINNYTNTIYKLLEDSQSQQE-INEKELLALDSWNNLWSWFDISNWLWYIKIFIMIVGGLIGLRIIFA-VLSIVNRV--RQGYSP-LSFQTLIPT--QRE---PDRPGRIEEEGGEHDRDRSRRLVSGFLALAWDDLRSLCLFSYHRLRDLLLIATRIVEILGR---------RGWEALKYL-WNLLQYWIQEL-KNSAISLLDSTAIAVAEGTDRIIEAVQRIYRA---IYNIPRRIRQGAETALL,CD
RHPA4259_7,0.001,MRVMGIRKNY-QHL-W--------KW-------GT---MLLW----LLM---IC--SA-A--D--Q--------------L--WVTVYYGVPVW-KEANTT----LFCASDAKAYDTEAHNVWATHACVPTDPNPQEVVL-E----NVTENFNMWKNHMVEQMHEDIISLWDQSLKP-CVKLTPLCVTLNCTDLVNSNIT-----------------------------------------RVD-----NTTEK--EMKNCSF-NVT-SGIRD----KVQK--EYAL-LYKLDIVQIDNDN--------------TSHR------------------------DNTSYRLISCNTSVITQACPKISFEPIPIHFCAPAG-FAILKC--NDKKFNGTGPCTNVSTVQCTHGI-RPVVSTQLLLNGS--LAEEE-VVIRSENFTNNVK-NIIVQLNESVQ--INCTRHNNNTRKSIN---IGPGR--AFYATGK----IIGDIRQAHCNI-SREKWQNTLKQIV-KKLR--EQFK---------NK-TIAF--A--PSSGGDPEIVMHSFNCNGEFFYCNTTKLFTSTWNSTWNS------TWNNTEG-------S--------------NSTVIT-LPCRIRQIINMWQEVGKAMYAPPIQGQIKCSSN--------------------ITGLLLTRDGG------------VDT------------------------TKETFRPGGGNMKDNWRSELYKYKVVRIEP---LGVAPTKAKRRVV-------QREKRAV-G------IGAMFLGFLGAAGSTMGAASITLTVQ-ARLLLSGIVQ---QQSNLLRAIEAQQHL-LQLTVWGIKQLQARVLAVERYLKDQQLLGIWGCSGKLICTTAVPWNASW-----S---------NKSQDTIW-G--NMTWMQWEREIDNYTDLIYNLLEESQNQQE-KNEQELLALDKWASLWSWFSITHWLWYIKMFIMIVGGLVGLRIVFA-VLSIVNRV--RQGYSP-LSFQTRFPA--PRG---PDRPEGIEEEGGERDRDRSGRSADGFLVLVWVDLRNLCLFSYHRLRDLLLIVTRTVELLGR---------RGWEALKYW-WNLLQYWSQEL-KKSAVSLLDAIAIAVAEGTDRIIELLQRIFRA---FLHIPTRIRQGLERALQ,B
WEAU_D15_410,0.001,MRVKGIRKNY-QHL-W--------KW-------GI---MLLG----ILM---IC--SA-A--E--N--------------L--WVTVYYGVPVW-KEATTT----LFCASDAKAYDTEVHNVWATHACVPTDPNPQEVVL-E----NVTENFNMWKNNMVEQMHEDIISLWDQSLKP-CVKLTPLCVTLNCTNVNVTNLKNETNT--------------NS------------------SSGGE-----KMEEG--EMKNCSF-NVT-TLIRN----KRKT--EYAL-FYKLDVMPIDH--------------------------------------------DNTSYTLINCNSSTITQACPKVSFEPIPIHYCAPAG-FAILKC--NDKKFNGKGPCKNVSTVQCTHGI-RPVVSTQLLLNGS--LAEED-IVIRSENFTDNAK-NIIVQLNVSIE--INCTRPNNNTRKKIT---LGPGR--VLYTTGE----IIGDIRRAHCNL-SRTSWNNTLKQIV-EKLREIKQFK---------NK-TIVF--K--QSSGGDPEIVMHSFNCGGEFFYCNSTQLFNSTWHANGT---------WKNTE-------G--------------ADNNIT-LPCRIKQIINRWQEVGKAMYAPPIEGQIRCLSN--------------------ITGLLLTRDGG---------S-SEEN------------------------QTEIFRPGGGNMKDNWRSELYKYKVVKIEP---LGVAPTKAKRRVV-------QREKRAV-GM-----LGAMFLGFLGAAGSTMGAASMTLTVQ-ARLLLSGIVQ---QQNNLLRAIEAQQHL-LQLTVWGIKQLQARVLAVERYLKDQQLLGIWGCSGKLICTTTVPWNASW-----S---------NRSQDYIW-N--NMTWMEWEREINNYTGLIYNLIEESQNQQE-KNEQELLELDKWASLWTWFDISNWLWYIKIFIMIVGGLIGLRIVFT-VLSIVNRV--RQGYSP-LSFQTHLPA--PRG---PDRPEGIEEEGGERDRDRSGRLVDGFLTLIWVDLRSLCLFLYHRLIDLLLIAKRIVELLGR---------RGWEALKYC-WNLLQYWSQEL-KNSAVSLLNATAIAVAEGTDRVIEIVQRTCRA---ILHIPRRIRQGLERALL,B
C3347_C11,0.001,MRVRETQMNW-PNL-W--------KL-------GT---LILG----LGI---IC--SA-S--D--K--------------L--WVTVYYGVPVW-RDAKTT----LFCASDAKAHEREVHNVWATHACVPTDPNPQEILM-K----NVTENFNMWTNNMVEQMQEDVISLWDQSLKP-CVKLTPLCVTLNCTKANLTSDTTNRTT--------------GN------------------RIDEV-----GNMTD--EVKNCTF-NMT-TELKD----KKQK--VHAL-FYKLDIVPIKGN-----------------EN------------------------SSGEYRLINCNTSVIKQACPKISFDPIPIHYCTPAG-YAILKC--NDKNFNGTGPCKNVSSVQCTHGI-KPVVSTQLLLNGS--LAEEE-IIIRAENLENNAK-TIIVHLNKSVE--INCTRPSNNTRTSIP---IGPGQ--VFYRTGD----IIGNIRKAYCEI-NGTKWHKVLKQVA-EKLR--EHFI---------NK-TIKF--R--PPLGGDLEITMHHFNCRGEFFYCNTTKLFNSTYREN------------ETRE-------G--------------NDSTII-IPCKIKQIINMWQGTGQAMYAPPISGNINCVSN--------------------ITGILLTRDGG-----------NNSA------------------------DNETFRPGGGNIKDNWRSELYKYKVVEIEP---LGIAPTRAKRRVV-------EREKRAV-G------IGAMIFGFLGAAGSTMGVASITLTVQ-ARQLLSGIVQ---QQSNLLRAIEAQQHM-LQLTVWGIKQLQARVLAVERYLKDQKFLGLWGCSGKIICTTAVPWNTTW-----S---------NKSYDEIW-E--NMTWTEWEREISNYTNQIYEILTKSQDQQD-RNEKDLLELDKWASLWSWFDITQWLWYIKIFIMIVGGLIGLRIIFA-VLSIVNRV--RQGYSP-LSFQTPTHH--QRE---PDRPERIEEEGGEQGRNRSVSLVSGFLALAWDDLRSLCLFSYHRLTDFILIAARTVELLGRSSLKGLR--LGWEGLKYL-GNLLLYWGQEL-KISAISLLDTTAIAAAGWTDRVIEVAQRAWRA---IIHIPRRIRQGLERSLL,CRF01_AE
T255_34,0.001,MRVMGTQRNY-PFL-W--------RW-------GI---IIFW----MII---IC--NA-N--K--S--------------L--WVTVYYGVPVW-RDAETT----LFCASDAKAYETEAHNVWATHACVPTDPSPQEIHL-E----NVTEKFNMWKNNMVEQMHIDIISLWDQSLKP-CVKLTPLCVTLNCVNSNFTNNSSNS------------------------------------SNNSN-----IDMQE--EIKNCSF-NMT-TELRD----KRRQ--IHSL-FYKLDVVQINE-------------------N------------------------NSQQYRPINCNTSAITQACPKMSFEPIPIHYCAPAG-FAILKC--NNKEFNGTGPCNNVSTVQCTHGI-KPVVSTQLLLNGS--LAEEK-VIIRSENITNNAK-TIIVQLAESVS--ITCTRPANNTIRGER---IGPGQ--TFYTRDT----IIGDIRQAHCNV-SK-DWNNTLQQVA-TQLG--KYFN---------NK-TIIF--A--NHSGGDIEITTHSFNCGGEFFYCNTSKLFDSIWNRTNGSN----YTRLGDDT-------E--------------TNDPIT-LQCRIKQIVRMWQTVGQAMYAPPIRGEIKCESN--------------------ITGLLLTRDGG-----------NNNS------------------------MNETFRPGGGDMRDNWRSELYKYKVVQIEP---LGVAPTFAKRRVV-------ERGKRAV-G------LGAVFLGFLGAAGSTMGAASITLTVQ-ARQLLSGIVQ---QQSNLLRAIEAQQHL-LKLTVWGIKQLQARVLALERYLRDQQLLGIWGCSGKLICTTAVQWNSSW-----S---------NKTYEDIW-N--NMTWMQWDREISNYTEIIYNLIEESQNQQE-KNEQDLLALDKWESLWNWFNITSWLWYIKIFIMIIGGLIGLRIVFA-VLNIINRV--RQGYSP-LSFQTLTHH--QRE---PGRPERIEEEGGEQDRDRSVRLVSGFLSLAWDDLRSLCLFSYHRLRDFVLIVVRGVELLGHSSLKGLR--LSWEALKHL-GNLLLYWGQEL-KNSAINLFDTIAIAVANWTDRVIEVGQRAGRA---ILNIPRRIRQGFERLLL,CRF02_AG
3415_V1_C1,0.001,MRVMGIQRNC-QHL-L--------RW-------GI---MILG----III---IS--ST-A--E--N--------------L--WVTVYYGVPVW-KDAETT----LFCASDAKAHDTEKHNVWATHACVPTDPNPQEIHL-E----NVTENFNMWKNNMVDQMHTDIISLWDQSLKP-CVQLTPLCVTLNCNHNVTTNNNT----------------------------------------NIT-----SEMRE--EIRNCSF-NVT-TVQRD----KKQK--VYSL-FYRLDIVQMNEGNN-------------SSNN------------------------SANEYRLINCNTSAITQACPKVSFQPIPIHYCAPAG-FAILKC--RDKEFNGTGVCKNVSTVQCTHGI-KPVVSTQLLLNGS--LAEEK-VMIRTENITDNAK-TIIVQLNKTVT--INCTRPGNNTRKSIH---IGPGQ--AFYATGD----IIGGIRQAHCNV-SRKDWNDTLQRVV-EQLG--NHF----------NK-TIIF--D--KPSGGDIEITTHSFNCGGEFFYCNTSGLFNSTWKFNGTW-------NSTDLE-------S--------------NNTVIT-LPCRIKQIINMWQRVGQAMYAPPIKGVIRCESS--------------------ITGLLLTRDGG------------ENN------------------------STEIFRPGGGDMRDNWRSELYKYKVVKIEP---LGVAPSKAKRRVV-------EREKRAI-G------MGAVFLGFLGAAGSTMGAASLTLTVQ-ARQLLSGIVQ---QQSNLLRAIEAQQQL-LRLTVWGIKQLQARVLAVERYLKDQQLLGIWGCSGKLICTTSVPWNSSW-----S---------NKSYDEIW-G--NMTWLQWDKEVSNYTQIIYSLIEESQNQQE-KNEQELLALDKWTTLWSWFDISNWLWYIRIFIIIVGGLIGLRIVFA-VLSVINRV--RQGYSP-LSFQTLIPQ--TGD---LDRPGRIEEEGGEQGRDRSIRLVSGFLALAWDDLRSLCLFSYHRLRDFILIVARTVELLGQGSLKGLR--LVWEGLKYL-WSLLLYWSQEL-KFSAINLLDTIAITVAGWTDRAIEIGIRIGRA---IIHIPRRIRQGAERALQ,A
CNE53,0.001,MRVKGTLRNY-QQW-W--------IW-------GV---LGFW----MLI---TC--KV-G--G--N--------------L--WVTVYYGVPVW-KEAKTT----LFCASDAKAHETEVHNVWATHACVPTDPSPQEIVM-E----NVTEDFNMWNNDMVNQMHEDVISLWDQSLKP-CVKLTPLCVTLECRNVSSNGT--------------------------------------------Y-----NETYN--EIKNCSF-NAT-TLLRD----KPKK--VYAL-FYRLDIVPLNG------------------EN------------------------SSGKYRLINCNTSAITQACPKVSFDPIPIHYCTPAG-YVILKC--NDKTFDGTGQCHNVSTVQCTHGI-KPVVSTQLLLNGS--LAEEE-IIIRSENLTNNAK-TIIVHLNESVE--IICTRPNNNTRKSIR---IGPGQ--TFYATGD----IIGDIRQAHCNI-SESRWSKTLYNVS-KKLA--EHFP---------KK-TINF--T--SSSGGDLEITTHSFNCRGEFFYCNTSRLFNSTYNGTYMFN-----GIYNTTD-------N--------------ASSIIT-IPCRIKQIINMWQEVGRAMYAPPIEGNITCNSS--------------------ITGLLLVRDGG-----------SQPN------------------------NTETFRPGGGDMRDNWRSELYKYKVVEVKP---LGVAPTEAKRRVV-------EREKRAV-G------LGAVFLGFLGAAGSTMGAASMTLTVQ-ARQLLSGIVQ---QQSKLLRAIEAQQHL-LQLTVWGIKQLQTRVLAIERYLKDQQLLGIWGCSGKLTCTTAVPWNSSW-----S---------NKSLSEIW-D--NMTWMQWDKEISNYTNTIYRLLEDSQSQQE-RNEKDLLALDSWKNLWSWFDITNWLWYIRIFIMIVGGLIGLRIIFA-VLSIVNRV--RQGYSP-LSFQTLTPN--PGG---PSRLRRIEEEGGEQDKIRSVRLVTGFLALAWDDLRNLCLFSYHRLRDLILLTARGVELLGRNSLRGLQ--RGWEALKYL-GSLVQYWGLEL-KKSAISLVDTIAIAVAEGTDRIINVVQRICRA---ICSIPRRIRQGFEAALQ,BC
0815_V3_C3,0.001,MRVMGIQMNW-QQW-W--------IW-------GI---LGFW----MLM---VC--NG-T--G--K-----------------WVTVYYGVPVW-KEATTT----LFCASDAKSYETEAHNVWATHACVPTDPNPQEIPL-V----NVTENFNMWKNNMVEQMQTDIISLWDQSLQP-CVKLTPLCVTLNCSDIDNNRNNSTV------------------------------------TNSTV-----TNSTA--DMKNCSF-RVP-TAIRD----RKQK--VYSL-FYRLDIVQIDKKKN------------DSNNS------------------------NITQYRLINCNTSAITQACPKISFEPIPIHYCAPAG-FAILKC--RDKEFNGTGPCKNVSTVQCTHGI-RPVVSTQLLLNGS--LAEGK-IMIRSENITNNGK-NIIVQFNETVK--INCTRLNNNTRKSIS---IGPGQ--AFYATGD----IIGDIRQAHCNV-SRAEWNETLRKVA-EELR--TYFK---------NK-TIHF--N--KSAGGDLEVTTHSFNCGGEFFYCNTSKLFDSSWPKTNS---------TVQES-------N--------------STDNIT-LQCRIKQIINMWQRVGQAMYAPPIAGVIRCESN--------------------ITGLILTRDGG-----------SNTN------------------------ASETFRPGGGDMRDNWRSELYKYKVVKIEP---LGVAPTRAKRRVV-------EREKRAV-G------IGAVFIGFLGAAGSTMGAASITLTVQ-TRQLLAGIVQ---QQSNLLRAIEAQQHL-LKLTVWGIKQLQARVLAVERYLKDQQLLGIWGCSGKLICTTTVPWNDSW-----S---------NKSLDEIW-N--NMTWLQWDKEINNYTQIIYGLIDKAQNQQE-KNEQELLALDKWASLWNWFDISRWLWYIKIFIMIVGGLIGLRIIFA-VLSIVNRV--RQGYSP-LSFQTLFPV--PRG---PDRPEGIEEEGGEQGRDRSIRLVNGFSALIWDDLRNQCLFSYHRLRDLILIVTRIVELLGR---------RGWEAVKYL-GSLLQYWIQEL-KNSAVSLFDTIAIAVAEGTDRVIEIVQRAV------LNIPR-----------,ACD
DU156_12,0.001,MRVRGIPRNW-PQW-W--------TW-------GI---LGFW----MII---MC--KV-A--G--N--------------S--WVTVYYGVPVW-TEAKTT----LFCASDAKAYEKEVHNVWATHACVPTDPNPQEIFL-K----NVTENFNMWKNDMVDQMHEDIISLWDQSLKP-CVKLTPLCVTLNCVTYNNSMNSS---------------------------------------ATYN-----NSMNG--EIKNCSF-NTT-TELRD----KKQK--VYAL-FYRTDVVPLNN------------------NN------------------------NNSEYILINCNTSTITQACPKVSFDPIPIHYCAPAG-YAILKC--TDKKFNGTGSCNNVSTVQCTHGI-KPVVSTQLLLNGS--LAEEE-IIIKSENLTDNIK-TIIVQLNQSIG--INCTRPNNNTRKSVR---IGPGQ--TFYATGD----IIGDIRQAHCNI-SRNQWNETLEQVK-KKLG--EHFH--------NQT-KIKF--E--PPSGGDLEITTHSFNCRGEFFYCNTADLFTNATKLV-------------NDT-------E--------------NKAVIT-IPCRIKQIINMWQGVGRAMYAPPIEGNITCNSN--------------------ITGLLLTRDGG-------GNV-TEIN------------------------RTEIFRPGGGNMKDNWRNELYKYKVVEIKP---LGVAPTGAKRKVV-------KREKRAV-G------LGAVLFGFLGAAGSTMGAASITLTAQ-ARQLLSGIVQ---QQSNLLRAIEAQQHM-LQLTVWGIKQLQARVLAIERYLKDQQLLGLWGCSGKLICTTNVPWNSSW-----S---------NKSQTDIW-N--NTTWMQWEREISNYTDTIYRLLEDSQNQQE-ENEKDLLALDRWQNLWNWFDITNWLWYIKIFIMIVGGLIGLRIIFG-VLSIVKRV--REGYSP-LSFQTLTPT--PRG---LDRLGRIEEEGGEQDKDRSIRLVNGFLALAWDDLRSLCLFSYHQLRDFILIAARAVELLGRSSLRGLQ--KGWEALKYL-GNLIQYWGLEL-KRRAINLLDISAIAVAEGTDRIIDIVLRTGRA---IRNIPRRIRQGFGATLL,C
X1193_C1,0.001,MKVRGTQRNW-QPL-W--------KW-------GT---LILG----LVI---MC--SA-S--N--D--------------L--WVTVYYGVPVW-EDADTT----LFCASDAKAYSTESHNVWATHACVPTDPNPQEIPL-K----NVTENFNMWKNNMVEQMHEDIISLWDESLKP-CVKLTPLCVTLICTNVTSNSTNSTNG----------------V------------------TNNST-----VDYRE--QLKNCSF-NIT-TEIRD----KQRK--EYAL-FYRLDIVPIND------------------NE------------------------KNDTYRLINCNVSTIKQACPKVTFDPIPIHYCAPAG-FAILKC--RDKKFNGTGPCKNVSTVQCTHGI-KPVISTQLLLNGS--LAEGD-IMIRSENITDNAK-TIIVQLKTAVN--ITCTRPSNNTRKSIR---FGPGQ--AFYATDE----IIGDIRQAHCNI-SKTEWEDMKRNVS-DKLK--ALFN---------NK-TIIF--K--SSSGGDLEITTHSFNCRGEFFYCNTSGLFNTSGLFN------------NNSN-------D--------------SSGNIT-LPCKIKQIVRMWQRVGQAMYAPPIAGNITCRSR--------------------ITGLLLVRDGG--------KS-NETN------------------------GTETFRPAGGDMRDNWRSELYKYKVVKIKP---LGVAPTRARRRVV-------GREKRAV-G------MGAVLLGFLGAAGSTMGAASITLTVQ-VRQLLSGIVQ---QQSNLLRAIEAQQHL-LQLTVWGIKQLQARVLAVERYLQDQQLLGIWGCSGRLICTTNVPWNASW-----S---------NKSYSEIW-D--NLTWVEWEREISNYTQHIYNLLQESQNQQE-KNEQDLLALDKWASLWNWFDITNWLWYIKIFIMIIGGLIGLRIVCT-ALSIINRV--RKGYSP-LSFQTLTHH--QRE---PDRPGRIEEEGGEQDKDKSIRLVSGFLALVWDDLRSLCLCSYHHLRDFILIAARTAQLLGRNSLKGLR--LGWEGLKYL-WNLLLYWGREL-KNSAISLLDTIAIAVANWTDSAIEGVQRIGRA---ILNIPVRIRQGLERALL,G
231965_C1,0.001,MRVREIQRNY-QYL-W--------RW-------GT---MLLG----MLM---TY--SV-A--E--Q--------------F--WVTVYYGVPVW-KEASTT----LFCASDAKAYEAEAHNIWATHACVPTDPNPQEIEI-K----NVTENFNMWKNDMVEQMHEDIISLWDQSLQP-CVKLTPLCVTLNCSDLDNSNKGNATNTTV----------ASEA------------------GMNTT-----VAPEA--GMKNCSF-NIT-TEVKD----KKKL--VYAH-FYNLDVVQLDG--------------------------------------------NTNSYRLIHCNTSAITRACPKITFEPIPIHYCAPAG-FAILRC--NNKMFNGTGPCNNVSTVQCTHGI-KPVVSTQLLLNGS--LAEEG-VIIRSENLTDNTK-TIIVQLNESVI--INCTRPNNNTRQGVH---IGPGQ--ALF-TNR----VIGNIRLAYCNI-SRKDWNKTLRQVA-EKLG--NLYN---------KT-KIIF--E--PSSGGDPEIVTHSFNCGGEFFYCSTSKLFNETIDLNNT---------YNASI-------E--------------NNTIIT-LPCRIKQIINMWQGVGKAIYAPPIEGLIKCTSN--------------------ITGILLTRDGG---------R-DNSS------------------------SNETFRPGGGDMRDNWRSELYKYKVVKIEP---IGLAPTKAKRRVV-------EREKRAI-G------LGAMFLGFLGAAGSTMGAASVTLTVQ-ARQLLSGIVQ---QQNNLLRAIEAQQHL-LQLTVWGIKQLQARVLAVERYLKDQQLLGIWGCSGKLICTTTVPWNTSW-----S---------NR-TQEIW-D--NLTWMEWEREIDNYTGLIYSLIEESQIQQE-QNEKDLLELDKWASLWNWFSITNWLWYIRLFIMIVGGLIGLRIIFA-VLSIVNRV--RQGYSP-LSFQTLLPA--PRG---PDRPEGIEEEGGEQGRGRSIRLVNGFSALIWDDLRNLCLFIYHRLRDLILIATRIVELLGR---------RGWEALKYL-WNLLQYWIQEL-KNSAISLLNTTAIAVAEGTDRAIEIIQTVVRA---ILNIPTRIRQGFERALL,D
Q259_17,0.001,-RVKGIQMNS-QNS-L--------RW-------GI---TILG----MII---IC--SA-A--E--N--------------L--WVTVYYGVPVW-KDAETT----LFCASNAKAYGTEVHNIWATHACVPTDPNPQEINL-E----NVTEEFNMWKNNMVEQMHTDIISLWDQGLKP-CVKLTPLCVTLDCYNVTKSDK-------------------------------------------IT-----KDMQE--EIKNCSF-NIT-TELRD----KKQK--VHSL-FYRLDVVPMGG-------------------K------------------------NDSQYRLINCNTSAITQACPKVTFEPIPIHYCAPAG-FAILKC--NDKEFSGTGPCKNVSSVQCTHGI-RPVVSTQLLLNGS--LAEEK-VRIRSEDITNNGK-NIIVQLKTPVN--ISCTRPNNNTRKSVR---IGPGQ--AFYATDD----IIGNIRQAYCTV-NRTQWDYTLQEVA-NQLR--IYF----------NK-TIIF--N--NSAGGDLEITTHSFNCGGEFFYCDTSGLFNSTWTWND-----------TVSW-------Q--------------GSDNIT-LQCRIKQIINMWQRAGQAIYAPPIQGVIRCDSN--------------------ITGLILTRDGG-----------NNSS------------------------PNEIFRPGGGDMRDNWRSELYKYKVVKIEP---LGVAPTRAKRRVV-------EREKRAV-G------IGAVFIGFLGAAGSTMGAASITLTAQ-ARKLLSGIVQ---QQSNLLRAIEAQQHL-LKLTVWGIKQLQARVLAVERYLKDQQLLGIWGCSGKLICTTNVPWNSSW-----S---------NKSQSEIW-E--NMTWLQWDKEINNYTQLIYSLIEKSQTQQE-INEQDLLALDKWANLWNWFDISNWLWYIRIFIMIVGGLIGLRIVFA-VLSIINRV--RQGYSP-LSFQTHTPS--PRE---LDRPGRIEEEGGEPDRGRSIRLVSGFLALAWDDLRSLCLFSYHRLRDFISIAARTVELLGHSSLKGLR--LGWEGLKYL-GNLLVYWGREL-RLSAINLLDTIAIATADWTDRVIELGQRLCRA---ILHIPRRIRQGFERALL,A
3301_V1_C24,0.001,MRVKGIQRNS-QHL-L--------KW-------GM---IILG----MMI---IC--SA-T--E--K--------------L--WVTVYYGVPVW-REAKAT----LFCASDAKAYDTEVHNVWATHACVPTDPNPQEIIL-E----NVTENFNMWKNNMVEQMHEDIISLWDQSLKP-CVKLTPLCVTLNCTDVTVNGT-------------------------------------------IV-----KVNST--GMKNCSF-NIT-TEIRD----KKKK--ESAL-FYRLDIVPLDESS--------------DSSS------------------------NYSEYRLISCNTSTITQACPKVTFDPIPIHYCAPAG-YAILKC--NNKTFNGLGPCNNVSTVQCTHGI-KPVVSTQLLLNGS--LAEEE-IIIRSENLTDNVK-TIIVHLNDSVP--ITCTRPNNNTRKSMR---IGPGQ--TFYATGE----IIGDIRQAHCNI-TRNKWNETLERIK-RKLR--EHFP---------NK-TIEF--K--PSSGGDPEITTHSFNCNGEFFYCNTSGLFNAEE--------------------------A--------------NITDIT-LPCRIRQIINMWQGVGRAIYAPPIAGNITCTSD--------------------ITGLLLTRDGG---------S-DGNS------------------------TKETFRPGGGDMRDNWRSELYKYKVVEIKP---LGVAPTKAKRRVV-------EREKRAV-G------IGAVFFGFLGAAGSTMGAASITLTVQ-ARQLLSGIVQ---QQSNLLRAIEAQQHM-LQLTVWGIKQLQTRVLAIERYLKDQQLLGIWGCSGKLICTTTVPWNSSW-----S---------NKTQNDIW-D--NMTWMQWDREINNYTNTIYRLLEESQNQQE-KNEQDLLALDKWDNLWSWFSITKWLWYIKIFIMIVGGLIGLRIIFA-VLSIVNRV--RQGYSP-LSFQTLIPS--PRE---PDRPGRIEEEGGEQDRNRSTRLVSGFLALAWDDLRSLCLFSYHLLRDFILIAARTVELLGRSSLRGLQ--RGWETLKYL-GSLVQYWGLEL-KKSAISLFDTIAIHVAEGTDRIIELVQGICRA---IYNIPVRIRQGFEAALQ,AC
1006_11_C3_1601,0.001,MRVMGIRRNY-QHL-W--------RW-------GI---MLLG----ILM---IC--SA-A--E--K-----------------WVTVYYGVPVW-KEATTT----LFCASDAKAYDTEVHNVWATHACVPTDPNPQEIVL-G----NVTENFNMWKNDMVEQMHEDIISLWDQSLKP-CVKLTPLCVTLNCTDDLGNNST-----------------------------------------NNS-----SWDKG--EMKKCSF-NIT-TSIRG----KMQK--EYAL-FYKLDIVPIDNGK---------------NDS------------------------TNTSYRLINCNTSVITQACPKITFEPIPIHYCAPAG-FAILKC--NNKTFNGTGPCTNVSTVQCTHGI-KPVVSTQLLLNGS--LAEED-IVIRSENFTNNAK-TIIVQLKESVQ--INCTRPNNNTRKGIH---IGPGR--AFYATGQ----IIGDIKRAYCNI-SRTKWNNTLIQVV-RKLR--EQFG---------NK-TIVF--N--QSSGGDPEIVMHSFNCGGEFFYCNTTQLFNSTWNANV----------TANST-------E--------------GNDTLI-LPCKIKQIINMWQEVGKAMYAPPIQGIISCSSN--------------------ITGLLLTRDGG-----------SENR------------------------PNETFRPGGGDMRDNWRSELYKYKVVQIEP---LGVAPTKAKRRVV-------QREKRAI-G------MGALFLGFLGAAGSTMGAASVTLTVQ-ARQLLSGIVQ---QQNNLLKAIEAQQHL-LQLTVWGIKQLQARVLALERYLKDQQLLGMWGCSGKLICTTTVPWNDSW-----S---------NKSLSDIW-D--NMTWMEWEREINNYTSLIYTLIQESQSQQE-KNELELLALDKWASLWNWFDISKWLWYIKIFIMIVGGLIGLRIVFT-VLSIVNRV--RQGYSP-LSFQTHLPA--PRG---PDRPEGIEEEGGERDRDTSRQLAAGFLALLWVDLRSLCLFLYHRLRDLLLIVARIVELLGR---------RGWEALKYW-WNLLQYWSQEL-KNSAVSLFNATAIAVAEGTDRIIEAVQRTLRA---IRHIPTRIRQGFERALL,B
Q769_D22,0.001,MRAMGIQRNW-QNL-W--------RW-------GT---MILG----MIL---ICC-SA-A--G--N--------------L--WVTVYYGVPVW-RDAETT----LFCASDAKAYDREAHNVWATHACVPTDPSPQEVPL-G----NVTEEFNMWKNNMVEQMHTDIISLWDQSLQP-CVKLTPLCVTLNCSNSNNIPSVS----------------------------------------NIT-----DDMKE--EIKNCSF-NMT-TELKD----KKQN--VYSL-FYRLDVVPLETKT--------------NQNS------------------------SHSRYRLINCNTSAITQACPKVSFEPIPIHYCAPAG-FAILKC--NDKGFNGTGLCKNVSTVQCTHGI-KPVVSTQLLLNGS--LAEGK-VMVRSENITNNAK-NIIIQFNNSVQ--INCTRPGNNTRKSIH---LGPGK--VFYATD-----IIGDIRKAHCNV-NRQQWNKTLQDVA-TQLR--THFR---------NR-TIIF--N--NSLGGDLEITTHSFNCRGEFFYCNTSGLFNGIWNGTQ----------EPNRT-------E--------------SNDTIT-LQCRIKQIINMWQRVGQAIYAPPIQGEIRCESN--------------------ITGLILTRDGG-----------IINS------------------------TEETFRPGGGDMRDNWRSELYKYKVVKIEP---LGVAPTKAKRRVV-------EREKRAV-G------FGAFFLGFLGAAGSTMGAASITLTVQ-ARQLLSGIVQ---QQNNLLRAIEAQQHL-LKLTVWGIKQLQARVLAVERYLKDQQLLGIWGCSGKFICTTTVPWNSSW-----S---------NKSQSEIW-D--NMTWMQWDKEINNYTQIIYDLIEESQRQQE-KNEQDLLALDKWANLWNWFDISNWLWYIKIFIMIVGGLIGLRIAFA-VLSVINRV--RQGYSP-LSFQTHTPN--PRD---LDRPGRIEEEGGEQDRDRSIRLVSGFLALAWDDLRSLCLFSYHRLRDFILVAARTVELLGHISLKGLR--RGWEGLKYL-GNLLSYWGREL-KISAINLLDTIAIVVAEWTDRIIEIGQRLCRA---IINIPRRIRQGFERALL,A
ZM109_4,0.002,MRVKGILRNC-QQW-W--------IW-------GI---LGFW----MLM---IC--NV-V--G--N--------------L--WVTVYYGVPVW-KEAKTT----LFCASDAKSYEREVHNVWATHACVPTDPDPQELVM-A----NVTENFNMWKNDMVDQMHEDIISLWDQSLKP-CVKLTPLCVTLNCTSPAAH----------------------------------------------------NESET--RVKHCSF-NIT-TDVKD----RKQK--VNAT-FYDLDIVPLSSSD---------------NSS------------------------NSSLYRLISCNTSTITQACPKVSFDPIPIHYCAPAG-YAILKC--NNKTFSGKGPCSNVSTVQCTHGI-RPVVSTQLLLNGS--LAEEE-IVIRSENLTDNAK-TIIVHLNKSVE--IECIRPGNNTRKSIR---LGPGQ--TFYATGD----VIGDIRKAYCKI-NGSEWNETLTKVS-EKLK--EYF----------NK-TIRF--A--QHSGGDLEVTTHSFNCRGEFFYCNTSELFNSN---------------------------A--------------TESNIT-LPCRIKQIINMWQGVGRAMYAPPIRGEIKCTSN--------------------ITGLLLTRDGG---------N-NNNS------------------------TEEIFRPEGGNMRDNWRSELYKYKVVEIKP---LGIAPTEAKRRVV-------QREKRAV-G------IGAVFLGFLGAAGSTMGAASITLTVQ-ARQLLSGIVQ---QQSNLLRAIEAQQHL-LQLTVWGIKQLQARVLAIERYLQDQQLLGIWGCSGKLICTTAVPWNSSW-----S---------NKSKEEIW-G--NMTWMQWDKEVSNYTFTIYQLLEESQYQQE-QNEKELLALNKWNDLWSWFNITNWLWYIKIFIMIVGGLIGLRIIFA-VLSIVNRV--RQGYSP-LSFQTLTPN--PGG---PDRLGRIEGEGGEQDKNRSIRLVNGFLALIWDDLWSLCRFSYHLLRDFILIVARAVELLGRSSLKGLQ--RGWEALKYL-GNLMQYWGLEL-KRSAINLLDTTAVAVAEGTDRIIELAQGIYRA---ICNIPRRIRQGFEAALQ,C
X1254_C3,0.002,MKARGTQTNW-QPL-W--------KW-------GI---LILG----LVI---IC--NA-S--D--N--------------L--WVTVYYGVPVW-EDANTT----LFCASDAKAYSTESHNVWATHACVPTDPNPQEIPL-E----NVTENFNMWKNNMVEQMHEDIISLWDESLKP-CVKLTPLCVTLTCTNVTNNNNATN--------------------------------------SSTV-----ESNRE--ELRNCSF-NTT-TAIQD----KKKQ--EYAL-FYKLDIVPITGS----------------GNS------------------------SAGNYRLINCNVSTIKQACPKVTFDPIPIHYCAPAG-FAILKC--RDKKFNGTGPCKNVSTVQCTHGI-KPVISTQLLLNGS--LAEEE-IIIRSENITDNTK-NIIVQLKEAIN--IICTRPSNNTRKSIS---LGPGQ--AFFATGD----IIGDIRQAHCNI-SGTDWNNMIQNVS-EKLK--GIFN---------KS-SITF--N--PPSGGDLEIITHSFNCRGEFFYCNTSKLFNSSLFNS-------------STN-------S--------------NNETIT-IPCKIKQIVRMWQRVGQAMYAPPIAGNITCSSN--------------------ITGLILVRDGG-----------TNNN------------------------TNETVRPAGGDMRDNWRSELYKYKIVKIKP---LGIAPTRARRRVV-------EREKRAV-G------LGAFLLGFLGTAGSTMGAASLTLTVQ-VRQLLSGIVQ---QQSNLLRAIEAQQHL-LQLTVWGIKQLQARVLAVERYLKDQQLLGIWGCSGRLICTTNVPWNASW-----S---------NKSYNDIW-D--NLTWVQWGREISNYTQQIYNLLEESQNQQE-KNEQDLLALDKWASLWTWFDISNWLWYIRIFIMIVGGLIGLRIVFA-VLSIINRV--RKGYSP-LSFQTLTHH--QRE---PDRPGGIEEEGGGKDKDKSIRLVSGFFALAWDDPRSLCLFSYHRLRDLLLIVTRTVELLGH---------RGWEILKYL-GNLLLYWGQEL-KNSAISLFDTVAIAVANWTDSAIEVLQRAFRA---ILHIPTRIRQGLERALL,G
ZM249_1,0.002,MRVMGILRNC-QPW-W--------IW-------SI---LGFW----MLM---NC--SG-------N--------------L--WVTVYYGVPVW-REAKTT----LFCASDAKAYEKEVHNVWVTHACVPTDPNPQEMNL-E----NVTENFNMWKNDMVDQMHEDIISLWDQSLKP-CVKLTPLCVTLNCNNVNVTHNS-----------------------------------------TYN-----NTEGE--QIKNCSF-NIT-TELRD----KKQK--VYAL-FYKLDILPLNG------------------NN------------------------DSNEYRLINCNTSAITQACPKVSFDPIPIHYCAPAG-YAILKC--NNKTFNGKGPCNNVSTVQCTHGI-KPVVSTQLLLNGS--LAEKE-IIIRSENITDNVK-IIIVHLNESVE--INCTRPNNNTRKSIR---IGPGQ--TFYATGE----IIGKIREAHCNI-SKEKWNKTLLRVA-KKLR--EHFP---------GK-AIKF--E--PSSGGDLEITTHSFNCRGEFFYCTTSKLFNSTYNPNDT---------ESNSN-------N--------------SNETLT-LTCKIKQIINMWQGVGRAMYAPPIEGSITCNST--------------------ITGLLLTRDGG-----------SKNN------------------------TEEIFRPGGGNMKDNWRSELYKYKVVEIKP---LGVAPTEAKRRVV-------EREKRAV-G------LGAVFLGFLGAAGSTMGAASITLTVQ-ARQLLSGIVQ---QQNNLLRAIEAQQHM-LQLTVWGIKQLQARVLAIERYLKDQQLLGIWGCSGKLICTTSVPWNTSW-----S---------NKSKAEIW-D--NMTWMQWDKEISNYTQTIYNLLEESQSQQE-KNEKDLLELDSWNNLWNWFDISKWLWYIKIFIMIVGGLIGLRIIFA-VLSIVNRV--RQGYSP-LSFQILTPN--PRG---PDRLGRIEEEGGEQDRDRSVRLANGFLALAWEDLRNLCLFFYHRLRDFILIAARTVELLRQISFKGLQ--RGWEALKYL-GSLVQYWSQEL-KESAINLLNTIAIAVAEGTDRIIEVVQRGFRA---ILNVPTRIRQGLERALL,C
REJO4541_67,0.002,MKVKGIRRNY-QHL-W--------RW-------GI---MLLG----ILM---IC--SA-T--E--K--------------L--WVTVYYGVPVW-KEATTT----LFCASDAKAYDQEIHNIWATHACVPTDPNPQEVEL-K----NVTENFNMWKSNMVEQMHEDIISLWDQSLKP-CVKLTPLCVTLKCTDLNVTNSNSTD-----------------H------------------STNSS-----LEAKG--EIKNCSF-NIT-TTPRD----KIQK--EYAI-FYKQDVVPIKN--------------------------------------------DNISYRLISCNTSVITQACPKVTFEPIPIHYCAPAG-FAILKC--NDKGFNGTGPCTNVSTVQCTHGI-RPAISTQLLLNGS--LAEDK-VVIRSENFTDNAK-IIIVHLNETVK--INCTRPNNNTRKSIH---IAPGR--AFYATGE----IIGDIRKAYCTI-NESEWNNTLQKIV-VTLR--EQFR---------NK-TIVF--N--QSSGGDPEVTMHTFNCGGEFFYCNTAQLFNSSWDTNTNG-------NDTQGP-------S--------------ENNTII-LPCRIKQIINMWQRVGKAIYAPPISGQIRCLSN--------------------ITGLILTRDGG---------N-SSLS------------------------SPEIFRPGGGDMRDNWRSELYKYKVVQIEP---LGIAPTRAKRRAV-------QREKRAV-G------IGALFLGFLGAAGSTMGAASVTLTVQ-ARQLLSGIVQ---QQSNLLRAIEAQQHL-LQLTVWGIKQLQARVLAMESYLKDQQLLGIWGCSGKLICTTTVPWNTSW-----S---------NKSLDQIW-N--NMTWREWEKEIDNYTDLIYTLIEKSQNQQE-KNEQELLELDKWASLWNWFDITNWLWYIKIFIMVVGGLVGLRIVFA-VLSIINRV--RQGYSP-LSFQTHLPA--PRG---PDRPEGIGEEGGERDSDRSGRSVDGFLPLIWVDLRSLFLFSYHRLTDLLLIVTRIVELLGR---------RGWGILKYW-WSLLQYWSQEL-KNSAVSLLNATAIAVAERTDRIIEIVQRVFRA---LLHIPRRIRQGFERALL,B
P0402_C2_11,0.003,MKVKGTQRNC-QLL-W--------KW-------GT---LILG----LVI---MC--NA-S--N--N--------------L--WVTVYYGVPVW-EDADTP----LFCASDAKAYSTESHNVWATHACVPTDPSPQEISL-D----NVTENFNMWKNNMVEQMHEDIISLWDESLKP-CVKLTPLCVTLNCTNVNNSSATN----------------------------------------NSM-----VDDRE--GLKNCSF-NIT-TELRD----KKKQ--EHAL-FYRLDIVPINGNS--------------NSNS------------------------SVGDYRLINCNVSTIKQACPKMSFDPIPIHYCAPAG-FAILKC--RDKKFNGTGSCKNVSTVQCTHGI-KPVISTQLLLNGS--VAEEE-IMIRSENFTNNAK-NIIVQFNKTID--IMCTRPNNNTRKSIS---LGPGQ--AIYATGD----IIGNIRQAHCNI-SGADWGNMIRNVS-EKLK--EIFN---------KT-TITF--K--ASAGGDLEITTHSFNCRGEFFYCDTSDLFNSSRFNN-------------SSN-------D--------------TNDTIT-LPCKIKQIVRMWQRVGQAMYAPPIAGNITCRSN--------------------ITGLLLTRDGG---------G-NNTN------------------------ETETFRPAGGDMRDNWRSELYKYKVVKINP---LGVAPTRARRRVV-------GREKRAI-G------MGAVLLGFLGTAGSTMGAASITLTVQ-VRQLLSGIVQ---QQSNLLRAIEAQQHL-LQLTVWGIKQLQARILAVERYLKDQQLLGIWGCSGKLICTTNVPWNASW-----S---------NRSYNDIW-E--NLTWVEWEREISNYTQQIYSLLEESQNQQE-KNEQDLLALDKWASLWSWFDISNWLWYIRIFIMIVGGLIGLRIVFA-VLSIINRV--RKGYSP-LSFQTLPHH--QRE---PDRPGRIEEGDGEQGRDKSIRLVSGFLALAWDDLRSLCLFSYHHLRDFILIAARAVELLGRSSLKGLS--LGWEGLKYL-WNLLLYWGREI-KNSAINLLDTVAIAVANWTDRAIEIVQRIGRA---ILNIPVRIRQGLERLLL,G
6480_V4_C25,0.004,MRVMGIQRNC-QQW-W--------IW-------GI---LGFW----MLM---IY--NV-R--G--N--------------L--WVTVYYGVPVW-KEAKTT----LFCASDAKGYEKEVHNIWASHACVPTDPNPQELVL-E----NVTENFNMWKNDMVGQMHEDIISLWDQSLKP-CVKLTPLCVAMNCTDVNNTNS-------------------------------------------NN-----DTSYK--ELTKCSF-VVN-TGIKG----KKKN--ESAL-FYTLDIVKIDG----------------------------------------------NQSRLISCNTSTITQACPKVSFDPIPIHYCTPAG-YAILKC--NDKTFNGTGPCNNVSTVQCTHGI-KPVVSTQLLLNGS--LAEGE-IIIRSENLTNNVK-TIIVHLNESVQ--INCTRPNNNTRQSIR---IGPGQ--TFYATKD----IIGDIRKAHCNI-SKDVWSKTLQGVV-KKLG--EHFP---------NK-TIEF--K--PPSGGDLEITMHSFNCRGEFFYCNTSGLFDNSLFNNSL---------ETANS-------T--------------ERANIT-LPCRIKQIINMWQGVGKAIYAPPMAGLISCSSS--------------------ITGLLLTRDGGGDSKSNTSN--DTTS------------------------KTETFRPGGGDMRDNWRSELYRYKVVRIEP---IGLAPTTAKRRVV-------EREKRAI-G------LGALFLGFLGAAGSTMGAASLTLTVQ-ARQLLSGIVQ---QQNNLLRAIEAQQHL-LQLTVWGIKQLQARVLAVERYLRDQQLLGIWGCSGRHICTTNVPWNSSW-----S---------NRSVNEIW-N--NMTWMEWEREIDNYTDLIYSLIQESQTQQE-KNEQELLQLDKWASLWNWFSITQWLWYIKIFIMIVGGLIGLRIIFA-VLSIVNRV--RQGYSP-LSFQTLTPN--PRG---PDRLGGIEEEGGERDRDRSVRLVSGFLALAWDDLRSLCLFCYHRLRDLLLIAARVVELLGSNILRGLQ--RGWETLKYL-GSLVQYWGLEL-KKSAISLFDATAVAVADWTDRIIKLGQRFGRA---ILHIPRRIRQGFEAALL,CD
CE2060_G9,0.005,MRVMGILRNC-QHW-W--------IW-------GI---LGFW----MIM---VC--NV-V--G--N--------------L--WVTVYYGVPVW-KEAKTT----LFCASDAKAYEKEVHNVWATHACVPTDPNPQEQVL-G----NVTENFNMWKNDMVDQMHEDIISLWDQSLKP-CVKLTPLCVTLNCSDVDASKVKMTNNSA------------DTL------------------INTTL-----SNRTE--EMKNCSF-NIT-TEIRD----KKKN--EYAL-FYRLDIVPLDE------------------QN------------------------NSTKYRLINCNTSTVTQACPKVTFDPIPIHYCAPAG-YAILKC--NNKTFNGTGPCNNVSTVQCTHGI-KPVVSTQLLLNGS--LAEGE-IIIRSENLTNNAK-NIIVQFNDSVE--IECTRPGNNTRRSVR---IGPGQ--TFYATGE----IIGNIRQAYCNI-TKGKWETALKEVK-EKLK--TCFP---------GK-NISF--A--PSSGGDLEITTHSFNCRGEFFYCNTTKLFNSTDNS--------------TGT-------N--------------NSTEII-LPCRIKQIINMWQEVGRAMYAPPIAGNITCKSN--------------------ITGLILTRDGG---------D-NNNN------------------------DIETFRPGGGDMRDNWRSELYKYKVVEIKP---LGIAPTEAKRRVV-------QREKRAV-G------IGAMFLGFLGFAGSTMGAASITLTVQ-ARLLLSGIVQ---QQNNLLRAIEAQQHM-LQLTVWGIKQLQARVLAIERYLRDQQLLGMWGCSGKLICTTAVPWNSSW-----S---------NKSKTEIW-E--NMTWMQWDKEINNYTNTIYRLLEESQNQQE-QNEKDLLALDSWNNLWNWFDITNWLWYIKIFIMIVGGLIGLRIVFA-VLSIVNRV--RQGYSP-LSLQTPIPN--QRG---LDRLGRIEEEGGEQDRDRSIRLVSGFLALAWDDLRSLCLFCYHRLRDFILVTARAAELLERSSLRGIQ--RGWEALKYL-GSLVQYWVLEL-KKSAISLLDTTAITVAEGTDRIIEIVQRICRA---IRNVPVRIRQGLEAALL,C
R2184_C4,0.005,MRVKETQMNW-PNL-W--------KW-------GT---LILG----LVI---IC--SA-S--D--N--------------L--WVTVYYGVPVW-RDADTT----LFCASDAKAHETEAHNVWATHACVPTDPSPQEIHL-E----NVTENFNMWKNNMVEQMQEDVISLWDQSLKP-CVKLTPLCVTLNCTNAKLTKVSNTTD----------------D------------------VPSIV-----GNVTD--EIKNCSF-NMT-TELRD----KKQS--VHAL-FYKLDIVPMKDP----------------DSS------------------------NSTKYRLINCNTSVIKQACPKISFDPIPIHYCTPAG-YAILKC--NEKNFTGTGPCKNVSSVQCTHGI-KPVVSTQLLLNGS--LAEDE-IIIRSENLTDNTK-TIIVHLNKSVE--INCTRPSNNTRTSMT---IGPGQ--VFYRTGD----IVGNIRKAYCVI-NGTIWNKVLKQVA-DKLK--EHF----------NK-TTVF--Q--PPSGGDLEITMHHFNCRGEFFYCNTTKLFNNTCINDTR--------NNETEE-------E--------------CKNNII-LPCKIKQIINMWQRVGQAMYAPPIRGSINCVSN--------------------ITGILLTRDGG---------T-NTSK------------------------NNETFRPGGGNIKDNWRSELYKYKVVQIEP---LGIAPTRARRRVV-------EREKRAV-G------IGAMIFGFLGAAGSTMGAASITLTVQ-ARQLLSGIVQ---QQSNLLRAIEAQQHL-LQLTVWGIKQLQARVLAVERYLKDQKFLGLWGCSGKIICTTAVPWNSTW-----S---------NKSYEEIW-N--NMTWIEWEREISNYTNQIYEILTKSQDQQD-RNEKDLLELDKWASLWNWFDITNWLWYIKIFIMIVGGLIGLRIIFA-VLSIVNRV--RQGYSP-LSFQTPTHH--QRE---PDRPERIEEGGGEQGRDRSVRLVSGFLALAWDDLRSLCLFSYHRLRDFILIAARTVELLGHSSLKGLR--RGWEGLKYL-GNLLFYWGREL-KISAISLLDTTAIAVAGWTDRVIEAAQRAWRA---ILHIPRRIRQGLERALL,AE
Q842_D12,0.005,MRAMGIQMNC-QNL-W--------RW-------GT---MILG----MII---FC--SA-V--D--N--------------L--WVTVYYGVPVW-KEAETT----LFCASDAKAYETEKHNVWATHACVPTDPNPQEIHL-E----NVTEEFNMWKNNMVEQMHTDIISLWDQSLKP-CVKLTPLCVTLDCNNVTNNG---------------------------------------------T-----SDMRE--EIKNCSF-NMT-TELRD----KRQK--VYSL-FYKLDIVQINEDQ---------------GNS------------------------SNNKYRLITCNTSAITQACPKVTFEPIPIHYCAPAG-FAILKC--KDEEFNGIGPCKNVSTVQCTHGI-KPVVSTQLLLNGS--LAEKE-VKIRCENITNNAK-TIIVQLVNPVK--INCTRPNNNTRKSIH---IGPGQ--AFYATGD----IIGDIRQAHCNV-NRTEWNNTLHQVV-EQLR--KHF----------NK-TINF--A--NSTGGDLEITTHSFNCGGEFFYCNTTNLFNSTWNHTA----------SMNST-------E--------------SNDTII-LPCRIKQIINMWQRVGQAMYAPPIRGVIRCESN--------------------ITGLILTRDGG-----------NTNS------------------------TRETFRPGGGDMRDNWRSELYKYKVVKIEP---LGVAPTKAKRRVV-------EREKRAV-G------IGAVFIGFLGAAGSTMGAASITLTVQ-ARQLLSGIVQ---QQSNLLRAIEAQQHL-LKLTVWGIKQLQARVLAVERYLKDQQLLGIWGCSGKLICTTSVPWNSSW-----S---------NKSQNEIW-D--NMTWLQWDKEISNYTQIIYDLLEESQNQQE-KNEQDLLALDKWANLWNWFDISNWLWYIKIFIMIVGGLIGLRIVFA-VLSVINRV--RQGYSP-LSFQTHTPN--PRG---LDRPERIEEEGGEQDKNRSIRLVSGFLALAWDDLRSLCLFSYHRLRDFILIVARTVELLGHSSLKGLR--LGWEGLKYL-GNLLSYWGREL-RISATNLLDTIAIVIAGWTDRVIEIGQRLCRA---FLNIPRRIRQGFERALL,A
Q461_E2,0.009,MRVMGIQRNY-QHL-W--------RW-------GT---MLLG----MLM---TC--SV-T--G--Q-----------------WVTVYYGVPVW-KDAETT----LFCASDAKAYETEKHNVWATHACVPTDPNPQEIRL-E----NVTEDFNMWKNSMVEQMNEDIISLWDQSLKP-CVKLTPLCVTLNCTDWTNNATSTN-------------------------------------QTTPA-----TSEET--GVKNCSF-NIT-TELRD----KKQK--VYSL-FYKLDVVQISENNS-------------SNSS------------------------NFTQYRLINCNTSAITQACPKVSFEPIPIHYCAPAG-FAILKC--NDSVFNGTGPCKNVSTVQCTHGI-KPVVSTQLLLNGS--LAERK-VMIRSENITNNAK-NIIVQFTKPVN--ITCIRPGNNTRKSVR---IGPGQ--AFYATGD----ITGDIRNAHCVV-NRTEWNNTLQKVV-EQLR--EYFP---------NK-TIIF--T--NSSGGDIEITTHSFNCGGEFFYCNTSKLFNSRWENNGTAN-----MLKNDTG-------S--------------NETTLI-LRCRIKQIINMWQRVGQAMYAPPIQGVINCTSN--------------------ITGLILTRDGG------------GEN------------------------DTETFRPGGGDMRDNWRSELYKYKVVKLEP---LGVAPTMAKRRVV-------EREKRAV-G------MAAVFLGFLGTAGSTMGAASLTLTVQ-ARQLLSGIVQ---QQSNLLKAIEAQQHL-LRLTVWGIKQLQARVLAVERYLKDQQLLGIWGCSGKLICTTSVPWNSSW-----S---------NKTQQEIW-N--NTTWLQWDKEISNYTGTIYRLLEESQNQQE-KNEQDLLALDKWANLWNWFDISKWLWYIKIFIMVVGGLIGLRIVFA-IISVVNRV--RQGYSP-LSFQIPTPN--PEG---LDRPGRIEEGGGEQDRTRSIRLVSGFLALAWDDLRSLCLFSYHRLRDFILIVARTVELLGHSSLKGLR--LGWEGLKYL-GNLLSYWGQEL-KNSATNLLDTTAIAVAGWTDRAIEIVQRIVRA---ILHIPRRIRQGFERALL,A
Q23_17,0.010,MRVMGIQRNC-QHL-L--------TW-------GI---MILG----TII---FC--SA-V--E--N--------------L--WVTVYYGVPVW-RDADTT----LFCASDAKAYETEKHNVWATHACVPTDPNPQEIHL-D----NVTEKFNMWKNNMVEQMHTDIISLWDQSLKP-CVKLTPLCVTLHCTNVTSVN---------------------------------------------T-----TGDRE--GLKNCSF-NMT-TELRD----KRQK--VYSL-FYRLDIVPINE-------------------N------------------------QGSEYRLINCNTSAITQACPKVSFEPIPIHYCTPAG-FAILKC--KDEGFNGTGLCKNVSTVQCTHGI-KPVVSTQLLLNGS--LAEKN-ITIRSENITNNAK-IIIVQLVQPVT--IKCIRPNNNTRKSIR---IGPGQ--AFYATGD----IIGDIRQAHCNV-TRSRWNKTLQEVA-EKLR--TYFG---------NK-TIIF--A--NSSGGDLEITTHSFNCGGEFFYCNTSGLFNSTWYVNSTW------NDTDSTQ-------E--------------SNDTIT-LPCRIKQIINMWQRAGQAMYAPPIPGVIKCESN--------------------ITGLLLTRDGG-----------KDNN------------------------VNETFRPGGGDMRDNWRSELYKYKVVEIEP---LGVAPTRAKRRVV-------EREKRAV-G------IGAVFLGFLGAAGSTMGAASITLTVQ-ARQLLSGIVQ---QQNNLLRAIEAQQHL-LKLTVWGIKQLQARVLAVERYLRDQQLLGIWGCSGKLICTTNVPWNSSW-----S---------NKSLDEIW-N--NMTWLQWDKEINNYTQLIYRLIEESQNQQE-KNEKELLELDKWANLWSWFDISNWLWYIKIFIIIVGGLIGLRIVFA-VLSVINRV--RQGYSP-LSFQTHTPN--PRG---LDRPERIEEEDGEQGRGRSIRLVSGFLALAWDDLRSLCLFSYHRLRDFILIAARTVELLGHSSLKGLR--LGWEGIKYL-WNLLSYWGREL-KISAINLVDTIAIAVAGWTDRVIEIAQRIGRA---ILHIPVRIRQGLERALL,A
3718_3_11,0.010,MKVKGIQRNY-QHL-L--------TW-------GT---MILG----MLI---IC--SA-A--E--N--------------L--WVTVYYGVPVW-KDAETT----LFCASDARAYEKEAHNIWATHACVPTDPDPQELYL-E----NVTEEFNMWKNNMVEQMHTDIISLWDQSLKP-CVQLTPLCVTLNCNDVTNNGTNV---------------------------------------ANIS-----IDMKG--EIKNCSF-NMT-TELRD----KKQK--VYSL-FYKLDVVQMNS----------------------------------------------SQYRLINCNTSAIKQACPKVSFEPIPIHYCAPAG-FAILKC--RDEEFDGTGPCTNVSTVQCTHGI-KPVVSTQLLLNGS--LAEKR-VMVRSENITNNVK-NIIVQFNETVN--ITCIRPNNNTRKSVH---IGPGQ--AFYATGD----IIGNIRKAHCHV-NKTEWNRMLAKAA-QQLI--NHF----------NK-TITF--K--NSSGGDLEITSHSFNCGGEFFYCDTSSLFNITWDRSNVT-------QELNNT-------K--------------LNDTII-LQCRIKQIINMWQRAGQAMYAPPIPGIIKCESN--------------------ITGLILTRDG-------------SEN------------------------ETETFRPGGGDMRDNWRSELYKYKVVKIEP---LGVAPTKARRRVV-------EREKRAV-G------LGAVFLGFLGAAGSTMGAASITLTVQ-VRQLLSGIVQ---QQNNLLRAIEAQQHL-LKLTVWGIKQLQARVLAVERYLKDQQLLGIWGCSGKLICTTNVPWNNSW-----S---------NKSLEDIW-E--NMTWMQWDKEINNYTHLIYNLIEESQYQQE-KNEKELLELDKWANLWNWFDISNWLWYIRIFIMIVGGLMGLRIVFA-VLSVINRV--RQGYSP-VSFQIHHPN--PGD---LDRPGRIEEEGGEQGRGRSIRLVSGFLALAWDDLRSLCLFSYHRLRDFILIATRTVKLLGHNSLKGLR--LGWEGLKYL-WNLLAYWVREL-KISAVNLFDTIAIAVAGWTDRIIELGQRLCRA---FLNIPRRIRQGFERALL,A
TRJO4551_58,0.010,MRVMGIRKNY-QHL-W--------RW-------GTMGMMLLG----ILM---IC--NA-T--E--K--------------L--WVTVYYGVPVW-KEATTT----LFCASDAKAYETEVHNVWATHACVPTDPNPQELVL-E----NVTEYFDMWKNNMVEQMHEDIISLWDQSLKP-CVKLTPLCVTLNCTDWTNGTDWNTTNSN------------NTT------------------ISKEE-----TIEGG--EMKNCSF-NIT-TATGD----KK-K--ERAF-FYKLDVAPIDN--------------------------------------------SNTSYRLISCNTSVITQACPKISFEPIPIHYCAPAG-FAILKC--NDKKFNGTGSCTNVSTVQCTHGI-RPVVSTQLLLNGS--LAEEE-VVIRSKNFSDNAK-IIIVQLNESVP--INCTRPHNNTRKSIH---IGPGR--AWYATGD----IIGDIRKAYCNI-SEAKWNNTLKQIT-EKLK--EQFN---------KT-IIVF--N--QPSGGDPEVTMHSFNCGGEFFYCNTSKLFNGTWNST------------KRAN-------N--------------TEGIII-LQCRIKQIINRWQEVGKAMYAPPIEGQIKCSSN--------------------ITGLLLTRDGG---------K-TANN------------------------TTEFFRPGGGNMKDNWRSELYKYKVVRIEP---LGVAPTKAKRRVV-------QREKRAI-G------IGAVFLGFLGAAGSTMGAASITLTVQ-ARKLLSGIVQ---QQNNLLRAIEAQQHL-LQLTVWGIKQLQARVLAVERYLRDQQLLGIWGCSGKLICTTAVPWNSSW-----S---------NKSLDTIW-N--NMTWMQWEKEIDNYTGLIYTLIEESQIQQE-KNELDLLKLDQWASLWNWFDITNWLWYIKIFIMIVGGLVGLRIVFA-VLSIVNRV--RQGYSP-LSFQTHLPN--SRG---PDRPGGIEEEGGERDNGRSRPLVDGFLAIIWVDLRSLCLFSYHHLRGLLLIAARIVELLGR---------RGWEALKYW-WNLLQYWGQEL-RNSAVSLLNATAIAVAEGTDRIIEVVQRIGRA---ILNIPRRIRQGAERALQ,B
WITO4160_33,0.010,MKVMGTKKNY-QHL-W--------RW-------GI---MLLG----MLM---MS--SA-A--E--Q--------------L--WVTVYYGVPVW-REANTT----LFCASDAKAYDTEVHNVWATHACVPTDPNPQEVVM-G----NVTEDFNMWKNNMVEQMHEDIISLWDQSLKP-CVKLTPLCVTLHCTNVTISSTNG---------------------------------------STAN-----VTMRE--EMKNCSF-NTT-TVIRD----KIQK--EYAL-FYKLDIVPIEG------------------KN------------------------TNTGYRLINCNTSVITQACPKVSFEPIPIHYCAPAG-FAILKC--NNKTFNGKGPCRNVSTVQCTHGI-KPVVSTQLLLNGS--LAEED-IIIRSENFTNNGK-NIIVQLKEPVK--INCTRPGNNTRRSIN---IGPGR--AFYATGA----IIGDIRKAHCNI-STEQWNNTLTQIV-DKLR--EQFG---------NK-TIIF--N--QSSGGDPEVVMHTFNCGGEFFYCNSTQLFNSTWFNNG----------TSTWN-------S--------------TADNIT-LPCRIKQVINMWQEVGKAMYAPPIRGQIDCSSN--------------------ITGLILTRDGG-----------SNSS------------------------QNETFRPGGGNMKDNWRSELYKYKVVKIEP---LGIAPTRAKRRVV-------QREKRAV-T------LGAVFLGFLGAAGSTMGAASLTLTVQ-ARLLLSGIVQ---QQSNLLRAIEAQQHM-LQLTVWGIKQLQARVLAIERYLKDQQLLGIWGCSGKLICTTTVPWNTSW-----S---------NKSYDYIW-N--NMTWMQWEREIDNYTGFIYTLIEESQNQQE-KNELELLELDKWASLWNWFNITNWLWYIKLFIMIIGGLVGLRIVCA-VLSIVNRV--RQGYSP-LSFQTRLPN--PRG---PDRPEETEGEGGERDRDRSARLVNGFLAIIWDDLRSLCLFSYHRLRDLLLIVARVVEILGR---------RGWEILKYW-WNLLKYWSQEL-KNSAVSLLNVTAIAVAEGTDRVIEIVQRAVRA---ILHIPTRIRQGFERALL,B
CE0682_E4,0.010,MRVTGIQRNY-PQW-W--------IW-------GI---LGFW----MLM---IC--SV-G--G--N--------------M--WVTVYYGVPVW-KEAKTT----LFCASDAKAYEREVHNVWATHACVPTDPDPRELVL-E----NVTENFNMWKNDMVDQMHEDIISLWDQSLKP-CVKLTPLCVTLNCSNVNVAKCNYTT-----------------E------------------GNDTI-----NTMDK--EMKNCSF-NIT-TELRD----KRRN--EYAL-FYRSDIVELDK------------------ND------------------------NASEYRLINCNTSSVTQACPKVNFDPIPIHYCAPAG-YAILKC--NDEAFNGTGPCSNVSTVQCTHGI-KPVVSTQLLLNGS--LAEKE-IVIRSENLTNNVK-TIIVQLNESVE--IVCTRPNNNTRKSVR---IGPGQ--TFYATGE----ITGDIRQAHCNI-SDELWNKTLQNVI-TKLQ--EHFP---------NK-TIHF--A--PSAGGDLEITTHSFNCRGEFFYCDTSKLFNSTH------------------R-------A--------------DDSPIT-LQCRIKQIINMWQGVGRAMYAPPIAGNIVCNSS--------------------ITGLLLTRDGG-------------GN------------------------GTETFRPGGGDMRDNWRSELYKYKVVEIKP---LGIAPTKAKRRVV-------EREKRAA--------LGAMFLGFLGMAGSTMGAASITLTVQ-ARQLLSGIVQ---QQNNLLRAIEAQQHM-LQLTVWGIKQLQARVLAIERYLRDQQLLGIWGCSAKLICTTNVPWNSSW-----S---------NKSQEDIW-D--NMTWMQWDREISNYTEEIYKLLEKSQMQQE-QNEKDLLELDRWNNLWNWFDITKWLWYIKIFIMIVGGLIGLRIIFA-VLSIVNRV--RQGYSP-LSFQTLIPA--PRG---PDRPGGIEEEGGEQDRDRSVRLVTGFLSIVWDDLRSLCLFSYHQLRDFILVTARAVELLGRSSLRGIQ--RGWEALKYL-GSLIQYWGLEL-KKSAISLLDTTAIVVAEGTDRIIEVVQRFCRA---IIHIPRRIRQGFEAALQ,C
CE0393_C3,0.013,MRVRGILRNY-QQW-W--------IW-------GI---LGFW----MLM---IC--SV-G--G--N--------------L--WVTVYYGVPVW-REAKTT----LFCASDAKAYEREVHNVWATHACVPTDPNPQELFL-E----NVTENFNMWKNDMVDQMHEDIISLWDQSLKP-CVKLTPLCVTLNCSNANITRNSTDGNTT------------RNS------------------TATPS-----DTING--EIKNCSF-NIT-TELKD----KKKK--EYAL-FYRLDIVPLNEE-----------------NS------------------------NFNEYRLINCNTSAVTQACPKVSFDPIPIHYCAPAG-YAILKC--NNKTFNGTGPCNNVSTVQCTHGI-KPVVSTQLLLNGS--LAEEE-IIIRSENLTNNAK-TIIVHLKEPVE--IVCTRPNNNTRKSMR---IGPGQ--TFYATD-----IIGDIRQASCNI-DEKTWNNTLNKVG-EKLQ--EHFP---------NK-TLNF--A--PSSGGDLEITTHSFNCRGEFFYCNTSKLFYKTEF----------------NS-------T--------------TNSTIT-LQCRIKQIINMWQGVGRAMYAPPIEGNITCKSN--------------------ITGLLLTRDGG-----------TNDS------------------------MTETFRPGGGDMRDNWRSELYKYKVVEIKP---LGVAPTEAKRRVV-------EREKRAL-T------LGALFLGFLGTAGSTMGAASITLTVQ-ARQLLSGIVQ---QQSNLLKAIEAQQHL-LQLTVWGIKQLQTRVLAIERYLQDQQLLGLWGCSGKLICTTAVPWNSSW-----S---------NKSQGEIW-G--NMTWMQWDREISNYTNTIYRLLEDSQIQQE-KNEKDLLALDSWKNLWSWFSITNWLWYIKIFIMIVGGLIGLRIIFA-VLSIVNRV--RQGYSP-LPFQTLIPN--PRG---PDRLGRIEEEGGEQDRDRSIRLVNGFLAIAWDDLRSLCLFSYHRLRDFILIAARAAELLGRSSLRGLQ--RGWEALKYL-GSLVQYWGLEL-KKSAISLLDTVAITVAEGTDRIIEVVQRICRA---ICNIPRRIRQGFEAALQ,C
ZM233_6,0.020,MRVRGIMRNW-QQW-W--------IW-------GS---LGFW----MLI---IC--NV-M--G--S--------------L--WVTVYYGVPVW-REAKTT----LFCASDAKAYETEAHSVWATHACVPTDPNPQEMVL-E----NVTENFNMWKNDMVDQMHEDVISIWDQSLKP-CVKLTPLCVTLDCSTYNNT----------------------------------------------------HNISK--EMKICSF-NMT-TELRD----KKRK--VNVL-FYKLDLVPLTN------------------SS------------------------NTTNYRLISCNTSTITQACPKVSFDPIPIHYCAPAG-YAILKC--NNKTFNGTGPCNNVSTVQCTHGI-KPVVSTQLLLNGS--LAEEE-IIIRFENLTDNVK-IIIVQLNETIN--ITCTRPNNNTRKSIR---IGPGQ--SFYATGE----IVGNIREAHCNI-SASKWNKTLERVR-TKLK--EHFP---------NK-TIEF--E--PSSGGDLEITTHSFNCGGEFFYCNTSGLFNSAIN-----------------G-------T--------------LTSNVT-LPCRIKQIINMWQEVGRAMYAPPIAGNITCKSN--------------------ITGLLLTRDGG---------E-NSSS------------------------TTETFRPTGGDMKNNWRSELYKYKVVEIKP---LGIAPTEAKRRVV-------EREKRAV-G------IGAVFLGFLGAAGSTMGAASMTLTVQ-ARQLLSGIVQ---QQSNLLKAIEAQQHM-LQLTVWGIKQLQARVLAIERYLKDQQLLGLWGCSGKLICTTNVPWNASW-----S---------NKSKNDIW-D--NMTWMQWDREISNHTDTIYRLLEDSQNQQE-KNEKDLLALDSWKNLWNWFSITKWLWYIKIFIMIVGGLIGLRIIFA-VLSIVNRV--RQGYSP-LSFQTLTPN--PRG---PDRLGGIEEEGGEQDKNKSRRLVTGFLPVVWDDLRSLCLFSYHLLRDFILIVARTVELLGR---------RGWEALKYL-GGLVQYWGLEL-KKSTISLLDTIAIVVAEGTDRIIEVLQRIGRA---IYNIPRRIRQGFETALL,C
P1981_C5_3,0.020,MRAMGTQMNW-QTL-W--------RW-------GI---LILG----LGI---IC--SA-S--K--D--------------L--WVTVYYGVPVW-EDADTP----LFCASDAKAYSTESHNVWATHACVPTDPSPQEILL-E----NVTENFNMWKNNMVDQMHEDIISLWDESLKP-CVKLTPLCVTLNCTNVTNVIN-------------------------------------------SS-----NGYDT--GLKNCSF-NTT-TEIRD----KKKQ--EYAL-FYKLDIVPINDN-----------------RN------------------------NRTDYRLVNCNVSTIKQACPKVTFEPIPIHYCAPAG-FAILKC--RDSNFNGTGPCGNVSTVQCTHGI-KPVISTQLLLNGS--LAEGD-IMIRSENITDNAK-NIIVQLKRAIN--IICTRPNNNTRKSIS---LGPGQ--AIYATGA----IIGDIRQAHCNI-SKSEWTEMIQNVT-NKLN--ETF----------KK-DIIF--N--ISSGGDVEITTHSFNCKGEFFYCNTSNLFSNLSN-----------------S-------S--------------NDDTIT-LPCKIKQIVRMWQRVGQAMYAPPIEGNITCRSN--------------------ITGLILVRDGG------------NTN------------------------GTEIFRPAGGDMKDNWRSELYKYKVVKIKP---LGVAPTKARRRVV-------GREKRAV-G------LGAVILGFLGTAGSTMGAASITLTVQ-VRQLLSGIVQ---QQSNLLRAIEAQQHL-LQLTVWGIKQLQARVLALERYLQDQQLLGIWGCSGKLICTTNVPWNTSW-----S---------NKSYNDIW-N--NLTWVQWEREISNYTQDIYRLLETSQNQQE-KNEQDLLALDEWTSLWSWFDITNWLWYIKIFIMIVGGLIGLRIIFA-VLSIINRV--RKGYSP-LSFQTLTHH--QRE---PDRPGRIEEEGGEQDKDRSIRLVSGFLALVWDDLRSLCLCSYHRLRDFILIAARTVELLGRSSLKGLR--LGWESLKYL-GNLLLYWGREL-KNSAINLYDTIAIAVANWTDRVIEVGQRIGRA---FLNIPRRIRQGLERALL,G
62357_14_D3_4589,0.020,MRVREIRRNY-QHL-W--------KW-------GI---MLLG----ILM---IC--SA-T--E--K--------------L--WVTVYYGVPVW-KEATTT----LFCASDAKAYDTEVHNVWATHACVPTDPNPQEVDL-E----NVTENFNMWKNNMVEQMHEDIISLWDESLKP-CVKLTPLCVTLNCTNATSTNF--------------------------------------------T-----AKNEG--GIKNCSF-NIT-TERRG----RKKT--EYAT-FYETDLVLIND-------------------D------------------------NTTSYRLISCNTSVIKQACPKVTFEPIPIHYCAPAG-FAILKC--KDKKFNGTGACTNVSTVQCTHGI-RPVVSTQLLLNGS--LAEEE-VVVRSEKFANNAK-IIIVQLNESVE--INCTRPNNNTRKSIH---IGPGQ--AFYTTGA----IIGDIRQAYCNI-SRAKWNDTLKQIA-IKLR--EKFG--------NNK-TIVF--N--QSSGGDPEVVMHISNCGGEFFYCNTTKLFNNTWNSNDT--------WTNTEE-------S--------------NETEIR-LPCRIKQIINMWQEVGKAMYAPPIQGQIRCSSN--------------------ITGLLLTRDGG-----------NNTN------------------------NTEVFRPGGGDMRDNWRSELYKYKVVKIEP---LGVAPTKAKRRVV-------QREKRAV-G------LGALFLGFLGAAGSTMGAASVTLTVQ-ARQLLSGIVQ---QQSNLLRAIEAQQHL-LQLTVWGIKQLQARVLAVERYLKDQQLLGIWGCSGKLICTTAVPWNASW-----S---------NKSLNDIW-N--NMTWMEWEREINNYTSLIYNLIEESQNQQE-KNELELLELDKWASLWNWFDITNWLWYIKIFIMIVGGLIGLRIVFT-VFSIVNRV--RQGYSP-LSLQTRFPA--PRE---PDRPEGIEEEGGERDRDRSGRSVNGLLALIWDDLRNLCLFSYHRLRDLLLIVTRIVEILGR---------RGWEVLKYW-WNLLQYWSQEL-KNSAVSLLNVTAIAVAEGTDRIIEVLQRTYRA---ILHIPVRIRQGLERALL,B
CNE58,0.020,MRVRGTLRNC-QQW-W--------IW-------GV---LGFW----MLM---IC--NV-G--G--N--------------M--WVTVYYGVPVW-KEAKTT----LFCASDAKAYETEVHNVWATHACVPTDPNPQEMVL-E----NVTENFNMWKNEMATQMHEDVISLWDQSLKP-CVKLTPLCVTLDCKNVTLNCGNDTSGNDTL-------ECEKGT------------------NNETY-----DESVK--ELRNCSF-NAT-TEVRD----KKQK--KYAL-FYSLDIVPLKN--------------------------------------------SSEQYRLISCDTSAITQACPKVTFDPIPIHYCTPAG-YAILKC--NNKTFNGTGPCNNVSTVQCTHGI-KPVVSTQLLLNGS--LAEEE-IIVRSENITNNVK-TIIVHLNQSVE--IVCTRPNNNTRKSIR---IGPGQ--TFYATGE----IIGDIRQAHCNI-TKSNWHKTLQEVS-KKLA--GYFP---------NK-TIIF--N--SSSGGDLEITTHSFNCRGEFFYCNTSSLFNSTYMSNGTYMF--NDMSNGTER-------N--------------SSSIIA-IPCRIKQVINMWQEVGRAMYAPPIAGKLTCRSN--------------------ITGLLLVRDGG-----------TNNA------------------------TTETFRPGGGDMRNNWRSELYKYKVVEIKP---LGVAPTEAKRRVV-------EREKRAV-G------IGAVFLGFLGAAGSTMGAASITLTVQ-ARQLLSGIVQ---QQSNLLRAIEAQQHM-LQLTVWGIKQLQTRVLAIERYLKDQQLLGIWGCSGKLICTTAVPWNSSW-----S---------NKSHEEIW-N--NMTWMQWDREISNYTNIIYNLLEESQNQQE-RNEKDLLALDSWKNLWNWFNITNWLWYIKLFIMIVGGLIGLRIIFA-VLSIVNRV--RQGYSP-LPFQIRTPN--PGG---PDRLGRIEEDGGEQDKDRSIRLVSGFLALAWDDLRSLCLFSYHRLRDFILVTARVVELLGRSSLRGLQ--KGWEALKYL-GSLVQYWGLEL-KKSATSLFDTIAIAVAEGTDRIIELGLSICRA---IRHIPRRIRQGFEAALQ,BC
SC422661_8,0.020,MRVRETRRNW-QHW-W--------KW-------GT---MLLG----MLM---IC--SA-T--E--K--------------L--WVTVYYGVPVW-KEATTT----LFCASDAKAYETEKHNVWATHACVPTDPDPQEVVL-G----NVTENFNMWKNNMVEQMHEDIISLWDQSLKP-CVKLTPLCVTLNCTDELRNGTYA----------------------------------------NVT-----VTEKG--EIKNCSF-NIT-TAIRD----KVQK--TYAL-FYRLDVVPIDNNHG-------------NSSS------------------------NYSNYRLINCNTSVITQACPKVSFEPIPIHYCAPAG-FAILKC--NNKKFNGTGPCKNVSTVQCTHGI-RPVVSTQLLLNGS--LAEEE-VVIRSENFTDNAK-TIIVQLNDSVI--INCTRPNNNTRKGIT---IGPGR--VFY-TGE----IVGDIRQVHCNL-SSAKWNSTLKQVV-TKLR--EQFG---------NK-TIVF--N--QSSGGDPEIVMHSFNCGGEFFFCNTTQLFNSTWNINGT---------WHGTT-------V--------------SNKTII-LPCRIKQIINMWQEVGKAMYAPPIRGQIRCSSN--------------------ITGLLLTRDGG-----------NNNS------------------------TTEIFRPGGGDMRDNWRSELYKYKVVKIEP---LGIAPTKARRRVV-------QREKRAV-GT-----IGAMFLGFLGAAGSTMGAASVTLTVQ-ARLLLSGIVQ---QQNNLLRAIEAQQHL-LQLTVWGIKQLQARVLAVERYLRDQQLLGIWGCSGRLICTTNVPWNTSW-----S---------NKSLNDIW-D--NMTWMEWDREINNYTSLIYNLLEDAQNQQE-KNEQELLELDKWASLWNWFDITHWLWYIKIFIMIIGGLIGLRIVFA-VLSIVNRV--RQGYSP-LSFQTHLPA--RRE---PDRPEGTEGEGGEKDRDRSVRLVHGFLALIWDDLRSLCLFSYHRLTDLLLIVTRIVGLLGR---------RGWEALKYW-WNLLQYWSQEL-KNSAVSLLDTIAIAVAEGTDRVIEAVRRIFIG---VLHIPRRIRQGFERALL,B
231966_C2,0.020,MRVMETERNY-RHL-W--------RW-------GI---MLLG----MLM---TC--RV-T--G--E--------------L--WVTVYYGVPVW-KEATTT----LFCASDAKSYKAEAHNIWATHACVPTDPNPREIVL-E----NVTENFNMWKNNMVEQMHEDIISLWDQGLKP-CVKLTPFCVTLNCTEWKNATTGNATTG--------------NA------------------TAENA-----TIGDI--GLKNCSF-NIT-TEVRD----KKKQ--VYAL-FYKLDIVQMDN------------------DK------------------------ASTSYRLINCNTSAITQACPKVTFEPIPIHYCAPAG-FAILKC--NDKKFNGTGPCKNVSTVQCTHGI-RPVVSTQLLLNGS--LAEEE-IIVRSENLTNNAK-IIIVQLNKPVT--IHCTRPYNNTRQSVH---IGPGR--AYYTTN-----IIGDIRQAYCNI-SETEWNTTLQQVA-NKLG--NLLK---------LN-TIIF--R--PSSGGDPEITTHSFNCGGEFFYCNTTRLFNSTWNTTT----------SNSTE-------Q--------------NDTRIL-FPCRIKQIINMWQGVGKAMYAPPIEGLIRCTSN--------------------ITGLLLARDGG---------A-SNNS------------------------QTETFRPGGGDMRDNWRSELYKYKVVRIEP---LGLAPTRAKRRVV-------EREKRAI-G------LGAMFLGFLGAAGSTMGAASLTLTVQ-ARQLLSGIVQ---QQNNLLRAIEAQQHL-LQLTVWGIKQLQARVLAVESYLRDQQLLGIWGCSGKHICTTAVPWNSSW-----S---------NKSLEEIW-N--NMTWMEWEKEIDNYTGLIYSLIEESQNQQE-KNEQDLLQLDKWASLWNWFSITNWLWYIRIFIMIVGGLIGLRIVFA-VLSLVKRV--RQGYSP-LSFQTLIPA--SRG---PDRPEGIEEEGGEQGRGRSIRLVSGFSALIWDDLRNLCLFSYHRLRDLLLIATRIVELLGR---------RGWEAIKYL-WNLLQHWIQEL-KNSAISLLDTAAIVVAEGTDRVIEIVRRAVRA---VLHIPTRIRQGLERALL,D
1056_10_TA11_1826,0.024,---MEIRKNY-QHL-W--------RW-------GI---MLLW----LLM---SC--SA-E--E--E--------------A--WVTVYYGVPVW-KEAVTT----LFCASDAKAYDTEVHNVWTTHACVPTDPDPQEVHM-E----NVTEDFNMWKNNMADQMHEDIISLWDQSLKP-CVKLTPLCVTLNCADWKNNTDTNT-------------------------------------NSSVR-----IMEKG--EIKNCSF-NIT-TNIRD----KYQK--AYAL-FYKLDVVPIDDDNA-------------TGNN------------------------DTRNYRLISCNTSVITQACPKVSFEPIPIHYCAPAG-FAILRC--NNKTFSGKGQCTNVSTVQCTHGI-KPVVSTQLLLNGS--LAEEE-VIIRSDNFSDNAK-TIIVHLNSSVD--INCTRPGNNTRKSIT---IGPGR--AFYATGD----IIGDIRQAHCNI-SGEKWNNTLKQVV-KKLR--EQFG---------NK-TIVF--N--QSSGGDPEITMHTFNCGGEFFYCNTAQLFNSTWEANSTWE-----NDNERVG-------H--------------SNKTII-LQCRIKQIINMWQEVGKAMYAPPISGQIRCSSN--------------------ITGLLLTRDGG--------NG-NETN------------------------RTEVFRPGGGNMKDNWRSELYKYKVVKIEP---LGVAPTRAKRRVV-------QREKRAV-G------MGALFIGFLSAAGSTMGAASMTLTVQ-ARQLLSGIVQ---QQSNLLRAIEAQQHL-LQLTVWGIKQLQARVLAVERYLKDQQLLGIWGCSGKLICTTTVPWNYSW-----SP--------NKTMDDIW-G--NMTWMQWEREIDNYTGIIYRLIEISQNQQE-KNEQELLELDKWASLWNWFDITKWLWYIKIFIMIIGGLVGLRIVFT-VLSIVNRV--RQGYSP-LSFQTRFPA--PGG---PDRPEGTEEEGGERDRDRSSRSADGFLAIIWVDLRSLCLFIYHSLRDLLLIVARIVGLLGR---------RGWELLKYW-WNLLQYWSQEL-KNSAVSLLNATAIAVAEGTDRVIDIVQRICRA---ILHIPRRIRQGFERALL,B
CE703010054_2A2,0.027,MRVREILRNW-LQW-W--------IW-------GV---LGFW----LLM---IC--SG-------N--------------M--WVTVYYGVPVW-KEAKTT----LFCASDAKAYEREVHNIWATHACVPTDPNPQEMIL-E----NVTENFNMWKNDMVDQMHEDIISLWDESLKP-CVRLTPLCVTLNCTNVIND----------------------------------------------------TYDMN--DMKNCSF-NAT-TEIKD----KRRK--VDAL-FYKLDIVPLSSGN---------------SSS------------------------NSSKYRLINCNTSAITQACPKINFDPIPIHYCAPAG-YAILKC--NNKTFNGTGPCNNVSTVQCTHGI-KPVVSTQLLLNGS--LAEEE-IIIRSENLTDNVK-TIIVHLNESVE--IVCVRPNNNIRKSIR---IGPGQ--VFY-TNK----IIGDIRQAHCDI-NGTQWNKTLQQVG-KKLK--EYFH---------NK-TIIF--N--ASSGGDLEITTHSFNCGGEFFYCNTSKLFNGTYNPNY----------NDTGG-------N--------------SSSNIR-LSCRIKQFINMWQKVGRAMYAPPIEGNITCRSN--------------------ITGLLLVRDGG------------ISS------------------------TTETFRPGGGNMKDNWRSELYKYKVVEIKP---LGIAPTKAKRRVV-------EREKRAV-G------IGAVFLGFLGAAGSTMGAASITLTVQ-ARQLLSGIVQ---QQSNLLRAIEAQQHM-LQLTVWGIKQLQARVLAIERYLQDQQLLGIWGCSGKLICTTAVPWNQSW-----S---------NKSHEDIW-N--NMTWMQWDREISNYTGIIYHLLEDSQIQQE-KNEKDLLALDSWANLWNWFDITRWLWYIKIFIMIVGGLIGLRIIFA-VLSIVNRV--RQGYSP-LSFQTLTPS--PRE---PDRLGRIEEEGGEQDRDRSIRLVNGFLALAWDDLRSLCLFCYHRLRDFILVAARIVELLGRSSLRGLQ--RGWEALKYL-GNIVQYWGSEI-KKSAIDLIDTIAIAVAEGTDRIIEVILRICRA---IRNIPVRIRQGFEAALI,C
0330_V4_C3,0.030,MRVMGMQRNS-RHLLL--------RW-------GI---RILG----MIM---IC--RT-A--G--Q--------------L--WVTVYYGVPVW-KDAETT----LFCATDAKAYKTEMHNVWATHACVPTDPNPQEIMM-E----NVTEDFNMWKNNMVEQMHTDIISLWDQSLKP-CVKLTPLCVTLNCGKVKN------------------------------------------------------DTRD--ELRNCSY-NMT-TELRD----RRQK--VFSL-FYRLDIVEIENNRT-------------NNRT------------------------NNTEYRLINCNTSAITQACPKVTFEPIPIHYCAPAG-YAILKC--NNESFNGTGPCKNVSTVQCTHGI-KPVVSTQLLLNGS--LAKDQ-VMIRSENITNNAK-NIIVQFKGSVQ--INCTRPNNNTRKSVH---IGPGQ--AFYAT-D----IIGDIRQAHCNV-SGTEWNKTLGEVV-KQLR--TYW----------NR-TIIF--T--NSSGGDLEITTHSFNCAGEFFYCNTSGLFNSTWYTNG-----------STQG-------V--------------TNDTIQ-LQCRIKQIINMWQRVGQAIYAPPIPGVINCSSS--------------------ITGMILTRDGG-------NNN-NGAN------------------------GNETFRPGGGDMRDNWRSELYKYKVVRIEP---LGVAPTKARRRVV-------QREKRAV-G------MGAVFLGFLGAAGSTMGAASITLTVQ-ARQLLSGIVQ---QQSNLLRAIEAQQHL-LKLTVWGIKQLQARVLAVERYLRDQQLLGIWGCSGKLICTTNVPWNSSW-----SN--------NKTQSEIW-D--NMTWLQWDKEISNYTELIYKLIEESQIQQE-KNEQDLLALDKWASLWNWFDISNWLWYIKIFIMIVGGLIGLRIVFA-VLSVINRV--RQGYSP-LSFQTHTPS--PGE---LDRPGEIKEEGGEQGRGRSIRLVSGFLALAWDDLRSLCLFSYHRLRDFILIAARTVELLGHSSLKGLR--LGWEGLKYL-WNLLAYWGREL-KISATNVLDTVAIAVAGWTDRVIEIGQRLCRA---FLNLPRRI#--------,A
CNE21,0.030,MKVTGIRKNY-RHL-W--------RW-------GI---MLLG----MLM---IC--RA-V--E--N--------------L--WVTAYYGVPVW-KEATTT----LFCASDAKAYDTEVHNVWATHACVPTDPNPQEVFL-K----NVTENFNMWKNGMVDQMHEDVISLWDQSLKP-CVKLTPLCVTLECKNVSSNSNGTN--------------------------------------NKTY-----HDSKE--EMKNCSF-NAT-TELRD----KKQT--VYAL-FYKLDIVPLKKNS---------------SKN------------------------SSEYYRLINCNTSAITQACPKATFDPIPIHYCTPAG-YAILKC--NDKRFNGTGPCNNVSTVQCTHGI-KPVVSTQLLLNGS--LAEGE-IIIRSENLTNNVK-TIIVHLNQSVE--IVCTRPGNNTRKSIR---IGPGQ--TFYATGD----IIGDIRQAHCNI-SETEWNNTLQRVS-KKLA--EHFP---------NK-TIQF--E--SSSGGDLEITTHSFNCRGEFFYCNTSGLFNGTYMYHN-----------NTQS-------N--------------SSKIIT-IPCRIKQIINMWQEVGRAMYAPPIEGNITCNSS--------------------ITGLLLERDGG--------MT-NETN------------------------KTETFRPGGGDMRNNWRSELYKYKVVEIKP---LGVAPTAAKRRVV-------EREKRAV-G------IGAVFFGFLGVAGSTMGAASMTLTVQ-ARQLLSGIVQ---QQSNLLRAIEAQQHL-LQLTVWGIKQLQTRVLAIERYLKEQQLLGIWGCSGKLICTTTVPWNSSW-----S---------NKSQEEIW-N--NMTWMQWEKEIGNYTNTIYELLEESQNQQE-RNEKDLLALDSWKNLWNWFDITNWLWYIKIFIMIIGGLIGLRIIFA-VLSIVNRV--RQGYSP-LSFQTLTPN--PGG---LDRLGRIEEEGGEQGNNRSIRLVNGFLALAWDDLRNLCLFSYHRLRDFISVTARAVELLGSSILRELQ--RGWEALKYL-GSLVQYWGQEL-KKRTINLIDIIAIAVAEGTDRVIEIVQGFCRA---ICHIPRRIRQGFEAALQ,BC
6535_3,0.030,MKVKGTRKNY-QRL-W--------RW-------GNMLTMLLG----MLM---IC--SA-T--E--K--------------L--WVTVYYGVPVW-KEATTT----LFCASEAKAYDTEVHNVWATHACVPTDPNPQEVEL-G----NVTENFNMWKNDMVEQMHEDIISLWDQSLKP-CVRLTPLCVTLDCTDLNNTTNTNNT-----------------T------------------NTNSS-----KIEGG--EMKNCSF-NIT-TNRGD----KRQK--EYAL-LYRTDIVSIEN--------------------------------------------TSSSYRLISCNTSVITQACPKVTFEPIPIHYCAPAG-FAILKC--NEDKFNGTGPCKNVSTVQCTHGI-RPTVSTQLLLNGS--LAKEE-VIIRSANLSDNAK-IIIVQLKDPVE--INCTRPNNNTRKSIN---LGPGR--AFYATGD----IIGDIRQAHCNI-SRAKWNDTLREIA-KKLA--EQFN---------NR-TIVF--N--QSSGGDPEIVMHSFNCAGEFFYCDTSQLFNSTWNSNSTW-------NDTNNN-------N--------------STEKII-LSCRIRQIINRWQEVGKAMYAPPISGPIKCSSN--------------------ITGLLLARDGG-----------NETN------------------------VTETFRPAGGDMRDNWRSELYKYKVVQIEP---LGIAPTKAKRRVV-------QREKRAV-GM-----LGAMFLGFLGAAGSTIGAASMTLTVQ-ARQLLSGIVQ---QQNNLLRAIEAQQHM-LQLTVWGIKQLQARVLAVERYLKDQQLLGIWGCSGKLICTTAVPWNTSW-----S---------NKSLNYIW-D--NMTWMEWEREIDNYTSLIYTLIEESQNQQE-KNELELLELDKWGSLWNWFSISNWLWYIRIFIIIVGGLVGLRIVFT-VLSIVNRV--RQGYSP-LSFQTRLPA-TQRGQ--PDRPEGIEEEGGERDRARSIRLVDGFLALFWDDLRSLCLFSYHRLRDLLLIVARIVELLGH---------RGWEILKYW-WNLLQYWRQEL-KKSAVSLLNTTAIVVAEGTDRIIEVVQRAYRA---FLHIPRRIRQGLERALL,B
ZM214_15,0.030,MRVRGMLRNC-QQW-W--------IW-------GI---LGFW----MLM---IC--NG-V--G--N--------------L--WVTVYYGVPVW-REAKTT----LFCASDAKAYEKEVHNVWATHACVPTDPNPQELVL-E----NVTENFNMWKNDMVNQMHEDIISLWDQSLKP-CVKLTPLCVTLNCSNVNINETSIDF------------------------------------NVTSN-----ISMKE--EMKNCSF-KVN-SELRD----KNRR--EHAL-FYKLDIVQLNDE-----------------GN------------------------DSYSYRLINCNTSTIKQACPKVSFEPIPIHYCAPAG-YAILKC--NNETFNGSGPCNNVSTVQCTHGI-KPVVSTQLLLNGS--LAEKE-IMIRSENLTNNAK-TIIVQLTEAVN--ITCMRPGNNTRRSVR---IGPGQ--TFYATGE----IIGDIRQAHCNI-SKDKWNQILQNVR-AKLG--EHFH---------DK-TIKF--E--PSSGGDLEITTHSFNCGGEFFYCNTTNLFSRTYTNGS----------NSNVN-------I--------------TSATIT-LPCRIKQIINMWQEVGRAMYAPPIAGNITCISN--------------------ITGLLLTRDGG--------NG-NDTN------------------------DTETFRPAGGDMRDNWRSELYKYKVVEIKP---LGIAPTKAKRRVV-------GREKRAV-G------IGAVFLGFLGAAGSTMGAASITLTVQ-ARQLLSGIVQ---QQNNLLRAIEAQQHL-LQLTVWGIKQLQARVLAIERYLKDQQLLGLWGCSGKLICTTTVSWNSSW-----S---------NKSVDDIW-Q--NMTWMQWDREINNYTEIIYRLLEVSQNQQE-KNEEDLLALDKWDNLWNWFDISKWLWYIKIFIMIVGGLIGLRIIFA-VLSIVNRV--RQGYSP-LSFQTLTPN--PRE---LDRLGRIEEEGGEQDRSRSIRLVNGFLALAWDDLRSLCLFSYHHLRDLILIAARTVSLLGR---------RGWEALKYL-GGLVQYWGREL-KKSAISLLDTVAITVAEGTDRVIEIAQRFGRG---ICNIPRRIRQGFEAALQ,C
CNE17,0.036,MRVRVTLRNY-PQW-W--------IW-------GV---LGFW----MVM---IC--NV-G--G--N--------------L--WVTVYYGVPVW-KEAKTT----LFCASDAKAYETEVHNVWATHACVPTDPNPQEMVL-G----NVTENFNMWKNDMVNQMHEDVISLWDQSLKP-CVKLTPLCVTLECTDVNVTNVNVTMSNGTMSNDTMSNSTQVNV------------------TMNNG-----SWITD--GMQNCSF-NAT-TELRD----KKNK--VFAL-FYKLDIVPLSE------------------TN------------------------SSNYYRLINCNTSAITQACPKVTFDPIPIHYCTPAG-YALLKC--NAKDFNGTGPCSNVSTVQCTHGI-KPVVSTQLLLNGS--LAEED-IIIRSENLTDNAK-TIIVHLNKSVE--IVCTRPSNNTRKSIR---IGPGQ--TFYATGD----IIGDIRQAHCNI-SKGKWNDTLQRVG-IKLA--EYFP---------NK-TINF--T--SSSGGDLEITTHSFNCGGEFFYCNTSSLFNGTYNGTY----------MTNMA-------N--------------DSSEIT-IPCRIKQIVNMWQEVGRAMYAPPIAGNITCRSN--------------------ITGLLLVRDGG--------RS-EVSN------------------------TTETFRPQGGDMRDNWRSELYKYKVVEIKP---LGIAPTGAKRRVV-------EREKRAA-G------IGAVFLGFLSAAGSTMGAASLTLTVQ-ARQLLSGIVQ---QQSNLLRAIEAQQHM-LQLTVWGIKQLQTRVLAIERYLKDQQLLGIWGCSGKLICTTAVPWNSSW-----S---------NRTQDEIW-D--NMTWMQWDKEINNYTDTIYRLLEESQNQQE-KNEKDLLALDSWKNLWNWFGITKWLWYIKIFIMIVGGLIGLRIIFA-VLSIVNRV--RKGYSP-LSFQTHTPN--PGG---LDRLGRIEEEGGEQDRDRSVRLVSGFLSLAWDDLRNLCLFSYHRLTDFILVTARVVELLGRSSLRGLQ--KGWEALKYL-GSLVQYWGLEL-KKSAISLFDTIAIAVAEGTDRIIELVLSICRA---IRNIPRRIRQGFELALQ,BC
CE2010_F5,0.038,MRVMGILRNY-QQW-W--------IW-------GI---LGFW----MVM---IC--NV-V--GNNN--------------L--WVTVYYGVPVW-REAKTT----LFCASDAKAYEREVHNVWATHACVPTDPSPQELEL-P----NVTENFNMWKNDMVDQMHEDIINLWDQSLKP-CVKLTPLCVTLFCGNVNITKSNASSSD-------------NSN------------------NGTAE-----KIINE--VMRNCSF-NVT-TEVRD----KEKK--EYAL-FYRLDIIPIDKKNNN-----------DNTSD------------------------DTSEYRLINCNTSTITQACPKVSFDPIPIHYCAPAG-FAILKC--NNKTFDGKGPCNNVSTVLCTHGI-KPVVSTQLLLNGS--LAEQE-IVIRSENISNNAK-TIIVHLNESVE--IECIRPGNNTRKSVR---IGPGQ--AFYATGD----IIGNIRQAHCTI-NATKWNETLIKVG-EKLY--KQFN---------NK-TIIF--A--PSSGGDLEITTHSFNCGGEFFYCNTSKLFNSTYPNN-------------STD-------N--------------TSDTIT-LQCRIKQIINMWQEVGRAMYAPPIAGNITCRSN--------------------ITGLLLTRDGG---------G-KTNS------------------------TNETFRPLGGDMRDNWRSELYKYKVVEIKP---LGLAPTKAKRRVV-------DREKRAV-G------MGALFLGFLGVAGSTMGAASMTLTVQ-TRQLLSGIVQ---QQSNLLRAIEAQQHM-LQLTVWGIKQLQTRVLAIERYLKDQQLLGMWGCSGKIICTTAVPWNSSW-----S---------NKSEAEIW-D--NMTWMQWEREIDNYTDKIYKLLEISQIQQE-QNEKELLALDKWGNLWTWFSLTNWLWYIRIFIMIVGGLIGLRIIFA-VLSIVNRV--RQGYSP-LSFQTLIPN--PRG---PDRPGGIEEEGGEQDRDRSVRLVNGFLSLAWDDLRSLCLFCYHQLRDFTLIAARAVEILGR---------RGWEALKYL-GSLVQYWGLEL-KKSAISLLDTIAITVAEGTDRIIEIVQRICRA---IISIPRRIRQGFEAALQ,C
CNE20,0.040,MRVTGIRKNC-RHL-W--------RW-------GT---MLLG----MLM---IC--SA-V--G--N--------------L--WVTVYYGVPVW-KEATTT----LFCASDAKAYDTEVHNVWATHACVPTDPNPHELVL-E----NVTENFNMWKNEMVNQMHEDVISLWDQSLKP-CVKLTPLCVTLECGNITTR----------------------------------------------------KESMT--EMKNCSF-NAT-TVVKD----RKQT--VYAL-FYKLDIVPLSG------------------KN------------------------SSGYYRLINCNTSAITQACPKVNFDPIPIHYCTPAG-YAILKC--NDKTFNGTGPCHNVSTVQCTHGI-KPVISTQLLLNGS--LAEGE-IVIRSENLTNNAK-IIIVHLNQTVE--IVCTRPGNNTRKSIR---IGPGQ--TFYATGE----IIGNIRQAHCNI-SENQWHKTLQNVS-KKLA--EHFQ---------NK-TITF--A--SSSGGDLEITTHSFNCRGEFFYCNTSGLFNGTYMSN------------NTEG-------N--------------SSSIIT-IPCRIKQIINMWQEVGRAIYAPPIEGNITCKSN--------------------ITGLLLERDGG-----------TESN------------------------DTEIFRPGGGDMRNNWRSELYKYKVVEIKP---LGVAPTRAKRRVV-------EREKRTV-G------IGAVFLGILGAAGSTMGAASITLTVQ-ARQLLSGIVQ---QQSNLLRAIEAQQHL-LQLTVWGIKQLQTRVLAIERYLQDQQLLGIWGCSGKLICTTAVPWNSSW-----S---------NKSQKAIW-D--NMTWMQWDKEISNYTGIIYGLLEDSQIQQE-KNEKDLLALDSWKNLWSWFDITNWLWYIKIFIIIVGGLIGLRIIFA-VLSIVNRV--RQGYSP-LSFQTLTPN--PGG---PDRLGRIEEEGGEQDKNRSVRLVNGFLTLAWDDLRNLCLFSYHRLRDFILVTARVVELLGRSSLRGLQ--RGWEALKYL-GSLVQYWGQEL-KKSTISLVDTIAIAVAEGTDRIIELAQGLGRA---IYNIPRRIRQGFEAALQ,BC
ZM135_10A,0.040,MRVRGIQRNW-QQW-W--------IW-------GS---LGFW----MFM---IC--SG-V--G--N--------------L--WVTVYYGVPVW-REAKTT----LFCASDAKAYEKEVHNVWATHACVPTDPNPQELVL-G----NVTENFNMWENDMVDQMHEDIISLWDQSLKP-CVKLTPLCVTLECKNATRSNQT-----------------------------------------TYY-----DNMDK--EIKNCSF-NVT-TELTD----KKKN--MRAL-FYRADIEPLDGNSNE-----------SINSS------------------------EGDKYILINCNTSTIAQACPKVTFDPIPIHYCAPAG-YAILKC--NNKTFNGIGPCKNVSTVQCTHGI-KPVVSTQLLLNGS--LSEEG-IIIRSKNLTDNTK-TIIVHLNESVA--IVCTRPNNNTRKSIR---IGPGQ--TFYATGE----VIGDIRQAHCNI-SGEQWNRTLERIK-DKLT--EYFP---------DK-IIKF--N--HSSGGDLEITTHTFNCRGEFFYCNTSILFTENE--------------------------N--------------SSDNIT-LPCRIKQFVNMWQEVGRAMYAPPIAGNITCNSS--------------------ITGLLLTRDGG--------LN-NKEN------------------------GTETFRPQGGDMRDNWRSELYKYKVVEIRP---LGVAPTKAKRRVV-------EKEKRAV-G------IGAVFLGFLGVAGSTMGAASITLTAQ-ARQVLSGIVQ---QQSNLLRAIEAQQHM-LQLTVWGIKQLQARVLAIERYLKDQQLLGIWGCSGKLICTTAVPWEDSW-----S---------NRTQEEIW-N--NMTWMQWDKEISNYTDTIYKLLTESQSQQD-KNEKDLLALDSWKNLWNWFDITQWLWYIRIFIMIVGGLIGLRIIFA-VLSIVNRV--RQGYSP-LSLQTLIPN--PRE---LDRLGRIEEEGGEQDKSRSIRLVHGFLALAWDDLRSLCLFSYHRLRDFILVVARAVELLGH---------AGWETLKYL-GSLVQYWGLEL-KKSAINLFDTIAIAVAEGTDRIIELVQRICRA---IGNIPRRVRQGFEAALQ,C
1054_07_TC4_1499,0.040,---MEIRRNY-QHL-W--------RW-------GT---MLLG----LLM---IC--NA-A--E--Q--------------L--WVTVYYGVPVW-REANTT----LFCASDAKSYDTEVHNVWATHACVPTDPNPQEVVM-G----NVTESFNMWKNHMVEQMHEDIISLWDQSLKP-CVRLTPLCVTLNCSNYAGTNTTAINT---------------NT------------------TVWGE-----KMDPG--EIKNCSF-NIA-TPIKD----KRHQ--EYAL-FYKSDVVPIDE------------------DN------------------------DTTSYRLISCNTSVITQACPKVSFEPIPIHYCAPAG-FAILKC--NNKTFNGSGPCTNVSTVQCTHGI-KPVVSTQLLLNGS--LAEEE-VVIRSANFTDNAK-TIMIQLKDPVE--ISCTRPNNNTIKGIH---IGPGR--AFYTTGQ----VIGDIRKAYCNI-SRAKWNHTLSQVV-EKLR--LQFQ---------NK-TIVF--N--QSSGGDPEIVMHTFNCGGEFFYCNSTPLFNSTWNDTK----------GSNNT-------V--------------GNDTII-LQCRIKQIINMWQEVGKAMYAPPIKGNISCSSN--------------------ITGLLLTRDGG---------I-VDNN------------------------DTETFRPGGGDMRDNWRSELYKYKVVKIEP---LGIAPTKAKRRVV-------QREKRAI-G------IGAMFLGFLGAAGSTMGAASMTLTVQ-ARQLLSGIVQ---QQNNLLRAIEAQQHL-LQLTVWGVKQLQARVLAVERYLKDQQLLGIWGCSGKLICTTTVPWNVSW-----S---------NKSLDNIW-N--EMTWMEWEREIDNYTDIIYSLIEESQNQQD-KNEKELLELDKWDSLWNWFSITKWLWYIRIFIMIVGGLVGLRIVFA-VLSIVNRV--RQGYSP-LSFQTRLPT--PRG---PDRPEGIEEEGGDRDRDRSTTLVQGFLALIWVDLRSLCIFIYHRLRDLLLIVTRIVELLGR---------RGWELLKYW-WNLLQYWSQEL-KNSAVSLLNTTAVAVAEGTDRVIEALQRVGRG---ILHIPTRIRQGLERALL,B
ZM53_12,0.040,MRVREIPRNY-QQW-W--------IW-------GI---LGFW----MLM---IC--SV-V--G--N--------------L--WVTVYYGVPVW-REAKTT----LFCASDAKAYEREVHNVWATHACVPTDPNPQEMVL-E----NVTENFNMWKNDMVDQMQEDIISLWDQSLKP-CVKLTPLCVTLNCSKLNN------------------------------------------------------ATDG--EMKNCSF-NAT-TELRD----KKKQ--VYAL-FYKLDIVPLDG------------------RN------------------------NSSEYRLINCNTSTITQACPKVSFDPIPIHYCAPAG-YAILKC--NNKTFNGTGPCHNVSTVQCTHGI-KPVISTQLLLNGS--TAEED-IIIRSENLTNNAK-TIIVHLNESIE--IECTRPGNNTRKSIR---IGPGQ--AFFATTN----IIGDIRQAYCII-NKANWTNTLHRVS-KKLE--EHFP---------NK-TINF--N--SSSGGDLEITTHSFNCGGEFFYCNTSSLFNGTYND--------------TDI-------Y--------------NSTDII-LLCRIKQIINMWQEVGRAMYAPPIEGNITCSSN--------------------ITGLLLTRDGG-----------LTNE------------------------SKETFRPGGGDMRDNWRSELYKYKVVEIKP---LGIAPTKAKRRVV-------EREKRAV-G------LGAMFLGFLGAAGSTMGAASITLTVQ-ARQLLSGIVQ---QQNNLLRAIEAQQHM-LQLTVWGIKQLQARVLAIERYLKDQQLLGLWGCSGKLVCTTAVPWNSSW-----S---------NKSQEDIW-N--NTTWMQWDKEVSNYTKTIYKLLEKSQNQQE-ENEKDLLALDSWNNLWNWFDISNWLWYIKIFIMIVGGLIGLRIIFA-VLSIVNRV--RQGYSP-LSFQTLTQN--PRG---LDRLGRIEEEGGEQDRDRSVRLVNGFLALFWDDLRSLCLFSYHRLRDFILIATRVVELLGRSSLKGLQ--RGWEALRYL-GSRVQYWGLEL-KKSAISLFDTIAIAVAEGTDRIIELIQRSWRA---IRNIPRRIRQGFETALL,C
C2101_C1,0.040,MRVEGTQMNW-LNL-W--------RW-------GT---LIIG----LVI---MC--SA-S--D--N--------------L--WVTVYYGVPVW-RDADTT----LFCASDAKTHVTEVHNVWATHACVPTDPNPQEIHL-G----NVTENFNMWKNKMAEQMQEDVISLWDQSLKP-CVRLTPLCVTLNCTSANLTNVNNIT------------------------------------YAPGI-----EKITD--EVRNCSF-NMT-TEIKD----KKQK--VSAL-FYKLDIVQINS------------------SK------------------------NSSEYRLINCNTSVIKQACPKISFDPIPIHYCTPAG-YAILKC--NDKSFNGTGPCKNVSSVQCTHGI-KPVVSTQFLLNGS--LAEEE-IIIRSENLTNNAK-IIIVHLNKSVE--INCTRPFNNTRTSVH---IGPGQ--VFYRTGD----IIGDIRAVYCEI-NETQWNETLKQVT-RKLE--EHF----------NK-TIIF--Q--PPSGGDLEITMHHFNCRGEFFYCNTSKLFNTTNGT---------------IA-------G--------------SNGTII-LPCRIKQIVNMWQGAGQAMYAPPISGRINCVSN--------------------ITGILLTRDGG------------NNN------------------------TNETFRPAGGNIKDNWRSELYKYKVVQIEP---LGIAPTKAKRRVV-------EREKRAV-G------IGAMIFGFLGAAGSTMGAASITLTVQ-ARQLLSGIVQ---QQSNLLRAIEAQQHL-LQLTVWGIKQLQARVLAVERYLKDQKFLGLWGCSGKIICTTAVPWNSTW-----S---------NKSYEEIW-N--NMTWIEWEREISNYTSQIYEILTESQNQQE-RNEKDLLELDKWASLWNWFDISRWLWYIKIFIIIVGGLIGLRIIFA-VLSIVNRV--RQGYSP-LSFQIPSHH--QKE---ADRPEGIEEGDGEQGRDRSVRLVSGFLALAWDDLRSLCLFSYRRLRDLILIATRTVELLGHSSLKGLR--QGWEGLKYL-GNLLIYWGQEL-KTSAISLFDAIAIVVAGWTDRVIEVAQGAWRA---ILHIPRRIRQGLERALL,AE
ZM197_7,0.040,MRVMGILRNW-QQW-W--------IW-------GI---LGFW----MLM---IC--NM----E--Q--------------L--WVTVYYGVPVW-KEAKAT----LFCASDAKAYEKEVHNVWATHACVPTDPNPQEIPL-G----NVTENFNMWKNDMADQMHEDIISLWDQSLKP-CVKLTPLCVTLNCSDATSNTTKNATNTNTT-------STDNRN------------------ATSND-----TEMKG--EIKDCTF-NIT-TEVRD----RKTK--QRAL-FYKLDVVPLEEEKNS-----------SSKNS------------------------SYKEYRLISCNTSTITQACPKVSFDPIPIHYCAPAG-YAILKC--NNKTFNGTGPCHNVSTVQCTHGI-KPVVSTQLLLNGS--LAEEE-IIIRSENLTDNTK-TIIVHLNESVE--IECVRPNNNTRKSVR---IGPGQ--TFFATGE----IIGDIRQAHCDL-SKSNWTTTLKRIE-KKLK--EHFN---------NA-TIKF--E--SSAGGDLEITTHSFNCRGEFFYCNTSGLFNSSLLNDTD---------GTSNS-------T--------------SNATIT-LPCRIKQIINMWQEVGRAMYASPIAGIITCKSN--------------------ITGLLLTRDGG-----------NKSA------------------------GIETFRPGGGNMKDNWRSELYKYKVVEIKP---LGIAPTSAKRRVV-------EREKRAA-G------IGAVILGFLGAAGSTMGAASVMLTVQ-ARQLLSGIVQ---QQSNLLRAIEAQQHM-LQLTVWGIKQLQTRVLAIERYLKDQQLLGLWGCSGKLICTTAVPWNTSW-----S---------NKSKDEIW-D--NMTWMQWDREIDNYTQVIYQLLEVSQNQQE-KNENDLLALDKWNSLWSWFDITKWLWYIKIFIMIVGGLIGLRIIFA-VLSVVNRV--RQGYSP-LSFQTLIPN--PRG---PDRPGGIEEEGGEQDKNRSTRLVSGFLALVWDDLRSLCLFSYHRLRDFILIAARAVELLGRSSLEGLQ--WGWETLKYL-RNLVQYWGLEL-KQSAINLLDTIAIQVAEGTDRIIELIQRIFRA---ICNIPTRIRQGFEAALQ,C
TRO_11,0.040,MRAKGIRKNC-QHL-W--------IW-------GT---MLLG----MLM---IY--SA-AEQG--Q--------------L--WVTVYYGVPVW-KDASTT----LFCASDAKAYDTEVHNVWATHACVPTDPNPQEVVL-G----NVTENFNMWKNNMVDQMHEDIISLWDQSLKP-CVKLTPLCVTLNCTDNITNTNTNSSKN--------------SS------------------THSYN-----NSLEG--EMKNCSF-NIT-AGIRD----KVKK--EYAL-FYKLDVVPIEED----------------KDT------------------------NKTTYRLRSCNTSVITQACPKVTFEPIPIHYCAPAG-FAILKC--NDKKFNGTGPCTNVSTVQCTHGI-RPVVSTQLLLNGS--LAEEE-VVIRSENFTNNAK-TIIVQLNESIA--INCTRPNNNTRRSIH---IGPGR--AFYATGD----IIGDIRQAHCNI-SRTEWNSTLRQIV-TKLR--EQLGD-------PNK-TIIF--N--QSSGGDTEITMHSFNCGGEFFYCNTTKLFNSTWNGNN----------TTESD-------S--------------TGENIT-LPCRIKQIINLWQEVGKAMYAPPIKGQISCSSN--------------------ITGLLLTRDGG---------N-NNSS------------------------GPETFRPGGGNMKDNWRSELYKYKVIKIEP---LGVAPTRAKRRVV-------QREKRAV-GT-----LGAMFLGFLGAAGSTMGAASVTLTVQ-ARLLLSGIVQ---QQNNLLRAIEAQQHM-LQLTVWGIKQLQARVLAVERYLRDQQLLGIWGCSGKLICTTNVPWNASW-----S---------NKSLNNIW-E--NMTWMEWEREIDNYTDLIYILLEKSQIQQE-KNEQELLELDSWASLWNWFDISKWLWYIKIFIMIVGGLVGLRIVFA-VLSIANRV--RQGYSP-LSFQTRLPT--PRG---PDRPEGIEKEGGGRDRDGSRPLVHGLLALIWDDLRSLCLFSYHRLRDLLLIVTRTVELLGR---------RGWELLKYW-WNLLQYWSQEL-KNSAVSLLNTTAIAVAEGTDRVIEVVQRAFRA---ILHIPARIRQGLERALL,B
PVO_4,0.050,MRVTGIRKNY-QHS-W--------RW-------GM---MLLG----MLM---IC--SA-E--E--K--------------L--WVTVYYGVPVW-KEATTT----LFCASDAKAYNTEVHNVWATHACVPTDPNPQEVGL-E----NVTENFNMWKNNMVEQMHEDIISLWDQSLKP-CVKLTPLCVTLNCSDLRNATNTTNPT---------------VS------------------SRVIK-----KEMMG--EVKNCSF-NVT-TDIRD----RMQK--VYAL-FYRPDVVPIQDHTIE----------NNNTIE------------------------NNTTYRLISCNTSVITQACPKISFEPIPIHYCTPAG-FAILKC--NDKKFNGSGPCTNVSTVQCTHGI-RPVVSTQLLLNGS--RAEEE-VIIRSENFTNNAK-TIIVQLNKTVE--INCTRPNNNTRKSIS---IGPGR--AFYATGD----IIGDIRQAHCNL-SRAEWNKTLKYIS-TKLR--EQFG---------NK-TIIF--N--GSSGGDPEIVTHSFNCGGEFFYCNTTKLFNSTWDANGNC-------TGCDES-------D--------------GNNTIT-LPCRIKQIVNMWQEVGKAMYAPPIKGLIKCTSN--------------------ITGLLLTRDGG------------ANN------------------------TNETFRPGGGDMRDNWRSELYKYKVVQIEP---LGIAPTRARRRVV-------QREKRAV-GT-----LGAMFLGFLGAAGSTMGAASVTLTVQ-ARQLLSGIVQ---QQNNLLKAIEAQQHM-LQLTVWGIKQLQARVLAIERYLKDQQLLGIWGCSGKLICTTAVPWNTSW-----S---------NKSFNKIW-D--NMTWMEWEREIDNYTGLIYNLLEESQNQQE-KNEQDLLALDKWESLWNWFSITKWLWYIKIFIMIVGGLIGLRIVFA-VLSIVNRV--RQGYSP-LSFQTHLPT--SRG---PDRPEGIGGEGGERDRDRSGPLVDGFLAIIWVDLRSLFLFSYHRLTDLLLILTRIVELLGR---------RGWEALKYW-WNLLQYWSQEL-RNSAVSLLNATAIAVAEGTDRIIEVVQRTFRA---IIHIPRRIRQGLERLLL,B
X2131_C1_B5,0.050,MKVKGIRRNW-QPL-W--------EW-------GT---LILG----LVI---MC--SA-S--N--N--------------L--WVTVYYGVPVW-EDADTI----LFCASDAKAYSTESHNVWATHACVPTDPNPQEMPL-K----NVTEKFNMWKNNMVEQMHEDIISLWDESLKP-CVKLTPLCVTLTCTDVTNSSTNSTNG----------------V------------------TNNST-----VNYRE--RLKNCSF-NMT-TEVRD----KQRK--EYAL-FYRLDIVKINDN-----------------DK------------------------GNNTYRLINCNVSTIKQACPKVTFDPIPIHYCAPAG-FAILKC--RDKEFNGTGPCKNVSTVQCTHGI-KPVISTQLLLNGS--LAEGD-IMIRSENITDNAK-TIIVQLKKAVN--ITCTRPGNNTRKSIR---IGPGQ--VFYATDE----IIGDIRQAHCNI-SKTEWGDMIKNVS-DKLK--GLF----------NK-TIIF--N--SSSGGDLEITTHSFNCRGEFFYCNTSGLFNSSSNDTI-----------THNN-------S--------------SNENIT-LPCKIKQIVRMWQRVGQAMYAPPIAGNITCRSS--------------------ITGLLLVRDGG-----------NNSG------------------------TTETFRPAGGDMRDNWRSELYKYKVVRIKP---LGVAPTRARRRVV-------GREKRAV-G------MGAVLLGFLGAAGSTMGAASITLTVQ-VRQLLSGIVQ---QQSNLLRAIEAQQHL-LQLTVWGIKQLQARVLAVERYLQDQQLLGIWGCSGKLICTTNVPWNTSW-----S---------NKSYSEIW-D--NLTWVEWEREISNYTQTIYYLLQESQNQQE-KNEQDLLALDKWTSLWNWFDITNWLWYIKIFIMIIGGLIGLKIVFT-VLAIINRV--RKGYSP-LSFQTLTHH--QRE---PDRLGRIEEEGGEEDKDKSIRLVSGFLALAWDDLRSLCLCSYHHLRDFILIAARAVHLLGRSILKGLR--LGWEGLKYL-WNLLLYWGREL-RNSAISLLDTIAIAVANWTDSAIEGVQRVGRA---VLNIPVRIRQGLERALQ,G
CNE30,0.052,MKVRGTRRNY-PQW-W--------IW-------GV---LGFW----MLI---TC--NV-G--G--N--------------L--WVTVYYGVPVW-KDAKTT----LFCASDAKAYETEVHNVWATHACVPTDPNPQEIFM-E----NVTEDFNMWKNDMVNQMHEDVISLWDQSLKP-CVKLTPLCVTLECGNVSVSSNGT---------------------------------------VASN-----KTYVE--EMRNCSF-NTT-TFISD----KHKK--EHAL-FYRLDIVPLDDENSNKN------CSKNSGQN------------------------CSEYYRLINCNTSAITQACPKVSFDPIPIHYCTPAG-YALLKC--NNKTFNGTGPCHNVSTVQCTHGI-KPVVSTQLLLNGS--LAEGE-IIIRSENLTNNAK-TIIVHLNQSVE--IVCTRPNNNTRRSIR---IGPGQ--TFFAHGE----IIGDIRQAHCNI-SRNNWTETLQRVS-RKLA--EHFP---------NK-TINF--T--SSSGGDLEITTHSFNCRGEFFYCNTSDLFNSTYMSNGTFRFN-GTVFNGTGG-------D--------------SSINIT-IPCRIKQIINMWQEVGRAMYAPPIAGNITCKSN--------------------ITGLLLVRDGG--------TT-NNTN------------------------NTEIFRPGGGDMRDNWRSELYKYKVVEVKP---LGIAPTTAKRRVV-------EREKRAV-G------LGAVFLGFLGAAGSTMGAASITLTVQ-ARQLLSGIVQ---QQSNLLKAIEAQQHL-LQLTVWGIKQLQTRVLAIERYLRDQQLLGIWGCSGKLICTTAVPWNSSW-----S---------NKSYNEIW-E--NMTWMQWDKEVSNYTDTIYRLLEESQNQQE-RNEQDLLALDSWKNLWNWFNISNWLWYIRIFIMIVGGLIGLRIIFA-VLSIVNRV--RQGYSP-LLFQTPTPN--PGG---PGRLRGIEEEGGEQDNIRSIRLVNGFLALAWDDLRNLCLFSHHRLRDFILLTARGVELLGRTSLRGLQ--TGWEALKYL-GSLVQYWGLEL-KKSAINLLDIIAIAVAEGTDRIINLVQGICRA---ICNIPRRIRQGFEAALQ,BC
928_28,0.060,MRVMGIQKNY-PLL-W--------RG-------GM---TIFW----LMM---IC--NA----E--K--------------L--WVTVYYGVPVW-RDAETT----LFCASDAKAYDKEAHNVWTTHACVPTDPDPQELPL-V----NVTEEFNMWKNNMVEQMHEDIISLWDQSLKP-CVQLTPLCVTLECADAQNVTDTN---------------------------------------TTIS-----NEMQG--EIKNCSF-NMT-TELRD----KKKK--VYAL-FYRPDVIEINKTK--------------INNS------------------------NSSQYMLINCNTSAITQACPKVSFEPIPIHYCAPAG-FAILKC--NDTEFSGKGTCKSVSTVQCTHGI-KPVVSTQLLLNGS--LAEGK-IAIRSENISNNAK-TIIVQLTEPVE--INCIRPGNNTRKSVR---IGPGQ--TFYATGD----IIGDIRQAHCNV-SKIAWEETLQKIA-AQLR--KHFQ---------NA-TIKF--T--KHSGGDLEITTHSFNCGGEFFYCNTTKLFNSTWNNDNYNV-----SANLTEE-------N--------------RKENIT-LHCRIKQIVNMWQRVGQAIYAPPIPGNITCGSN--------------------ITGLLLTRDGG---------N-NGTN------------------------DTETFRPGGGDMRDNWRSELYKYKVVKIEP---LGVAPTPAKRRVV-------EREKRAV-G------MGALIFGFLGAAGSTMGAASMALTVQ-ARQLLSGIVQ---QQSNLLKAIEAQQHL-LRLTVWGIKQLQARVLALERYLKDQQLLGIWGCSGKLICTTAVPWNSSW-----S---------NKSYNDIW-D--NMTWLQWDKEINNYTYIIYNLLEKSQNQQE-INEQDLLALDKWASLWNWFDITSWLWYIRLGIMIVGGVIGLRIIFA-VLTIVNRV--RQGYSP-LSFQTLAHH--QRE---PDRPERIEEGGGEQDRERSVRLVSGFLALAWEDLRSLCLFSYRRLRDLVLIAARTVELLGHSSLKGLR--LGWEALKYL-WNLLSYWGQEL-KNSAINLLDTIAIAVANWTDRVIKIVQRTGRA---ILNIPTRIRQGFERALL,CRF02_AG
CAAN5342,0.070,MRVKEIRKNY-RHL-W--------KW-------GI---MLLG----MLM---IC--SA-T--E--N--------------L--WVTVYYGVPVW-KEATTT----LFCASDAKGYEKEVHNVWATHACVPTDPNPQEVVL-E----NVTENFNMWKNNMVEQMHEDIISLWDQSLKP-CVKLTPLCVTLNCSDVNTTSVNT----------------------------------------TAS-----SMEGG--EIKNCSF-NTT-TSMSD----KMQK--EYAL-FYTLDVVPIVK--------------------------------------------ENNTYRLISCNTSVITQACPKVSFEPIPIHYCAPAG-FAILMC--NNKTFDGKGPCNNVSTVQCTHGI-KPVVSTQLLLNGS--LAEEE-VVIRSDNFTDNAK-TIIVHLNESIE--ITCTRPNNNTSKSIT---IGPGR--AFYATGR----IIGDIRKAHCNI-SGEKWHNALEQIV-KKLG--EKFE--------NAT-TIRF--N--QSSGGDQEIVMHTFNCGGEFFYCNSTQLFNSTWWPNGTT-------TEWSNE-------T--------------SNGTIT-LPCRIKQIINMWQEVGKAMYAPPISGPISCSSN--------------------ITGLLLVRDGG--------ND-NETN------------------------GTETFRPGGGDMRDNWRSELYKYKVVKIEP---LGVAPTKAKRRVV-------QREKRAV-G------LGAMFLGFLGAAGSTMGAASITLTVQ-ARLLLSGIVQ---QQNNLLRAIEAQQHL-LQLTVWGIKQLQARVLAIERYLKDQQLLGIWGCSGKLICTTAVPWNSSW-----S---------NKSLKWIW-D--NMTWMEWEKEIDNYTGIIYNLLEESQNQQD-KNEKELLELDKWASLWTWFDITNWLWYIKIFIMIVGGLVGLRIVFA-VLSIVNRV--RQGYSP-LSFQTRLPA--PRG---LDRPEGTEEEGGDRDKDRSIRLVDGFLALIWDDLRSLCLFSYHRLRDLLLIVARVVEILGH---------RGWEILKYW-WNLLQYWSQEL-KNSAVSLLNATAIAVAEGTDRIIEVLQRIGRA---ILHIPTRIRQGLERALL,B
T257_31,0.130,MRVRGIQRNC-PPL-W--------RW-------GI---IIFW----MLI---IC--NA----D--Q--------------L--WVTVYYGVPVW-RDAETT----LFCASDAKAYDAEAHNIWATHACVPTDPSPQEIHI-K----NVTENYNMWKNNMVEQMHIDIISLWDQSLKP-CVQLTPLCVTLNCSNYNGSSTSNSTSP-------------PPA------------------TSFND-----TSMIG--EIKNCSY-NMT-TELRD----KKKK--VYSL-FYKLDVVPLSN------------------DS------------------------SNTQYRLINCNSSTITQACPKVSFEPIPIHFCAPAG-FAILKC--NEKNFNGTGPCRDVSTVQCTHGI-KPVVSTQLLLNGS--LAEGE-VVIRSENISNNAK-NIIVQLFKPVN--ITCIRPNNNTRKSIH---IGPGQ--AFYAWGD----ITGDIRQAHCKV-NKTEWEEALQKVA-TKFM--KYFT---------NK-TINF--A--NASGGDLEITTHTFNCGGEFFYCSTSNLFNSTCTNNNGTA----NCTNTNGT-------A--------------LNETIT-LQCRIKQIVRMWQRVGQAMYAPPIQGVIRCESN--------------------ITGIILTRDGG--------DS-NDTN------------------------GNETFRPGGGDMRDNWRSELYKYKVVQLEP---LGVAPTQSRRRVV-------EREKRAV-G------MGALFLGFLGAAGSTMGAASVTLTVQ-ARQLLSGIVQ---QQSNLLRAIEAQQHL-LKLTVWGIKQLQARILALETYLRDQQLLGLWGCSGKLICPTNVPWNSSW-----S---------NKTFEYIW-D--NMTWLEWDREINNYTEIIYNLIEQSQNQQE-KNEQDLLALDKWASLWSWFSITNWLWYIKIFIMIVGGLIGLRIVFT-VLNIINRV--RQGYSP-LSFQTLTHH--QRE---PDRPERIEEGGGEQDRSRSVRLVNGFLTLAWDDLRSLCLFSYHRLRDFLLIVARGVELLGHSSLKGLR--RGWEALKFL-GNLLSYWGREL-KNSAISLLDTIAVAVANWTDRVIEIGQRAGRA---ILNVPIRIRQGLERALL,CRF02_AG
AC10_29,0.130,MRVRETRKNY-QHL-W-------WKW-------GM---MLLG----MLM---IC--SA-V--E--Q--------------T--WVTVYYGVPVW-KEANTT----LFCASDAKAYNTEVHNVWATHACVPTDPNPQEVEL-E----NVTENFNMWKNNMVDQMHEDIISLWDQSLKP-CVKLTPLCVTLSCTDNVGNDTSTN-------------------------------------NSRWD-----KMEKG--EIKNCSF-NIT-TNMRD----KMQK--QYAL-FYKLDVVPIEEGK--------------NNNS------------------------SFTDYRLISCNTSVITQACPKVTFEPIPIHYCAPAG-FALLKC--KDKKFNGTGPCKNVSTVQCTHGI-KPVVSTQLLLNGS--LAEEE-VVIRSENFSNNAR-TIIVQLNTSVE--IKCIRPNNNTRKGIH---IGPGR--AFYTTGD----IIGDIRQAHCNI-SRQNWNNTLKQIA-EKLR--EQFG---------NK-TIVF--R--NSSGGDPEIVMHTFNCAGEFFYCNTAELFNSTWYANGT---------ISIGG-------G--------------NKTNII-LPCRIKQFINMWQEVGKAMYAPPISGQIRCSSN--------------------ITGLLLTRDGG------RGN--QTDN------------------------QTEIFRPVGGDMKNNWRSELYKYKVVRIEP---LGIAPTRAKRRVV-------QREKRAV-G------IGALFLGFLGAAGSTMGAASMTLTVQ-ARLLLSGIVQ---QQNNLLRAIEAQQHL-LQLTVWGIKQLQARVLAVERYLRDQQLLGIWGCSGKLICTTAVPWNVSW-----N---------NRSVDDIW-E--NMTWMQWDREISNYTSLIYTLIEESQNQQE-KNEQELLALDKWANLWNWFNITEWLWYIKIFIMIVGGLVGLRIVFA-VLSIVNRV--RQGYSP-LSFQTHLPA--QRG---PDRPGGIEEEGGESDRDRSGRLVNGFLAIIWIDLRSLCLFSYHHLRDLLLIVTRIVEILGR---------RGWEILKYW-WNLLQYWIQEL-KNSAVSLLNAIAIAVGEGKDRIIEAFRSIFRA---ILHIPTRIRQGLERSLL,B
R1166_C1,0.130,MRAKETQMNW-PNL-W--------KW-------GT---LILG----LVI---IC--SA-S--N--N--------------L--WVTVYYGVPVW-RDADTT----LFCASDAKAHETEVHNVWATHACVPTDPNPQEIHL-A----NVTENFNMWKNNMAEQMQEDVISLWDQSLKP-CVKLTPLCVTLNCTKANFTKANSTNTSTNVS-----STTGNIT------------------EEVRI-----ENRTE--EVRNCSF-NMT-TELRD----KQQK--VYAL-FYKLDLAQIGD-------------------K------------------------NSSNYRLINCNTSVIKQACPKISFDPIPIHYCTPAG-YAILKC--NDKNFNGTGPCKNVSSVQCTHGI-KPVVSTQLLLNGS--LAEEE-IIIRSENLTNNAK-TIIVHLNKSVE--IKCTRPFNNTRTSVT---IGPGQ--VFYKTGD----IIGDIRRAYCEI-NRTEWNTTLKQVT-KKLE--KEFK---------NK-TIIF--Q--PPSGGDLEITMHHFNCRGEFFYCNTSHLFNSTWWMGNE--------TREGCN-------S--------------TNCTII-LPCKIKQIINLWQKVGQAMYAPPIRGNISCVSN--------------------ITGILLTRDGG-----------VNNS------------------------TNETFRPGGGNIKDNWRNELYKYKVVQIEP---LGIAPTRAKRRVV-------EREKRAV-G------IGAMIFGFLGAAGSTMGAASITLTVQ-ARQLLSGIVQ---QQSNLLRAIEAQQHL-LQLTVWGIKQLQARVLAVERYLKDQTFLGLWGCSGKIICTTAVPWNSTW-----S---------NKSYEEIW-E--NMTWIEWEREISNYTNQIYGILTESQNQQD-RNEKDLLELDKWASLWNWFDITKWLWYIKIFIMIVGGLIGLRIIFA-VLSLVNRV--RQGYSP-LSFQTLTHH--QRE---PDRPERTEEGGGEQDRDRSVRLVTGFLALAWDDLRSLCLFLYHRLRDFIWIAARTLELLGHSSLKGLR--RGWEGLKYL-GNLLLYWGQEL-KTSAISLLDATAIAVAGWTDRVIEVAQGAWRA---FLHIPRRIRQGLERALL,AE
CE1176_A3,0.160,MRAKGILRNY-QQW-W--------IW-------GI---LGFW----MLM---VC--NV-V--G--N--------------L--WVTVYYGVPVW-KEAKTT----LFCASDAKAYEKEVHNVWATHACVPTDPNPQEMVL-E----NVTENFNMWKNDMVDQMHEDVISLWDQSLKP-CVKLTPLCVTLTCTNTTVSNGS-----------------------------------------SNS-----NANFE--EMKNCSF-NAT-TEIKD----KKKN--EYAL-FYKLDIVPLNN--------------------------------------------SSGKYRLINCNTSAIAQACPKVTFEPIPIHYCAPAG-YAILKC--NNKTFNGTGPCNNVSTVQCTHGI-KPVVSTQLLLNGS--LAEKE-IIIRSENLTNNAK-TIIIHFNESVG--IVCTRPSNNTRKSIR---IGPGQ--TFYATGD----IIGDIRQAHCNV-SKQNWNRTLQQVG-RKLA--EHFP---------NR-NITF--N--HSSGGDLEITTHSFNCRGEFFYCNTSGLFNGTYHPNGT--------YNETAV-------N--------------SSDTIT-LQCRIKQIINMWQEVGRAMYAPPIAGNITCNST--------------------ITGLLLTRDGG-----------INQT------------------------GEEIFRPGGGDMRDNWRNELYKYKVVEIKP---LGIAPTKAKRRVV-------EREKRAV-G------IGAVFLGFLGAAGSTMGAASITLTVQ-ARQLLSGIVQ---QQSNLLRAIEAQQHM-LQLTVWGIKQLQARVLAIERYLKDQQLLGIWGCSGKLICTTNVPWNSSW-----S---------NRSQEDIW-N--NMTWMEWEREIDNYTHTIYSLLEESQIQQE-KNEKDLLALDSWQNLWSWFSITKWLWYIKIFIMIVGGLIGLRIIFA-VLSIVNRV--RQGYSP-LSLQTLIPN--PRG---PDRLGRIEEEGGEQDRDRSIRLVNGFLALAWDDLRSLCLFSYHQLRDFILVIARAVELLGQ---------RGWEALKYL-GSLVQYWGIEL-KKSATSLLDTTAIVVVEGTDRIIGIIQAICRA---LLNLPRRIRQGFEAALL,C
C1080_C3,0.200,MRVKETQMNW-PNL-W--------RW-------GT---LILG----LVI---IC--SA-S--D--N--------------L--WVTVYYGVPVW-KDADTT----LFCASDAKAHETEAHNIWATHACVPTDPNPQEIYM-E----NVTENFNMWKNNMVEQMQEDIISLWDQSLKP-CVKLTHLCVTLSCTNVTLTNVNYTN------------------------------------NFPNI-----GNITD--EVRNCSF-NVT-TEIRD----KKQK--VYAL-FYKTDIVQMEN---------------------------------------------KNSYRLINCNTSVIKQACPKISFDPIPIHYCTPAG-YAILKC--NEKNFNGTGPCKNVSSVQCTHGI-KPVVSTQLLLNGS--LAEGE-IIIRSENLTNNAK-TIIVHLNKSVE--INCTRPSNNTRTSVT---IGPGQ--VFYRTGD----IIGDIRKAYCEI-NGTKWNETLKQVV-GKLK--EHFP---------NK-KISF--Q--PPSGGDLEITMHHFNCRGEFFYCNTTQLFNSTWINS------------TGIK-------E--------------YNDTIIYLPCKIKQIINMWQGVGQAMYAPPIRGKINCVSN--------------------ITGILLTRDGG--------DA-NATN------------------------DTETFRPGGGNIKDNWRSELYKYKVVQIEP---LGIAPTKAKRRVV-------EREKRAV-G------IGAMIFGFLGAAGSTMGAASITLTVQ-ARQLLSGIVQ---QQSNLLRAIEAQQHL-LQLTVWGIKQLQARVLAVERYLKDQKFLGLWGCSGKIICTTAVPWNSTW-----S---------NKSFEQIW-N--NMTWIEWEREISNYTSQIYDILTESQNQQD-RNEKDLLELDKWASLWNWFDITKWLWYIKIFIMIVGGLIGLRIIFT-VLSIVNRV--RQGYSP-LSFQTPTHH--QRE---HDRPGRIEEEGGEQGRDRSVRLVSGFLALAWDDLRSLCLFSYHRLRDFILIAARTVELLGHSSLKGLR--RGWEGLKYL-GNLLTYWSQEL-KISAISLFDAIAVAVAGWTDRVIEVAQGAWRA---ILHIPRRIRQGLERALL,AE
3103_V3_C10,0.200,MRVKGILRNY-QQW-W--------IW-------GI---LGFW----MLM---NC--NG-------N--------------T--WVTVYYGVPVW-KEAKTT----LFCASDAKAYDKEVHNVWATHACVPTDPNPQEIVL-E----NVTENFNMWKNDMVDQMHEDIISLWDESLKP-CVKLTPLCVTLNCTNVNSTTNNT---------------------------------------ENSN-----INNNS--EMKNCSF-NIT-TEIRD----KQKN--VNAL-FYKLDIVSLKN--------------------------------------------DNNSYRLISCNTSTTTQACPKVTFDPIPINYCAPAG-YAILKC--NNKTFNGTGPCNNVSTVQCTHGI-RPVVSTQLLLNGS--LAEEE-IIIRSENLTDNVK-TIIVHLNESVN--IVCTRPSNNTRKSVR---IGPGQ--TFYATGE----IIGDIRQAHCNI-SEAKWNKTLQRVS-EKLQ--KHFP---------NK-TIKF--E--PSSGGDLEVTTHSFNCRGEFFYCNTSRLFNGTYNDT------------GTTK-------N--------------SNSTIT-LQCRIKQIVNMWQGVGRAMYAPPIAGNITCNSS--------------------ITGLILTRDGGK----NGTC--DNNK------------------------TCETFRPGGGNMRDNWRSELYKYKVVEIKP---LGIAPTKAKRRVV-------EREKRAV-G------IGAVLLGFLGAAGSTMGAASITLTVQ-ARQLLSGIVQ---QQSNLLRAIEAQQQL-LKLTVWGIKQLQARVLAVERYLKDQQLLGLWGCSGKLICTTNVPWNNSW-----S---------NKSQEEIW-G--NMTWIQWEKEIDNYTQEIYNLLEKSQNQQE-MNEQELLALDKWANLWTWFDISNWLWYIKIFIMIVGGLIGLRIVFT-VLSLVNKV--RQGYSP-LSFQTLLRS--PRG---PDRPEGIEEEGGEQGRDRSIRLVSGFLALAWDDLRNLCLFSYHHLRDLILIATRIVTLLGQ---------RGWEALKYL-WNLLQYWTQEL-KNSAISLFNTTAIAVAEGTDRVIEIGQRFCRA---ILNIPRRIRQGFERALL,ACD
T251_18,0.260,MRVMGTQRNY-PLL-W--------KW-------GM---IIFW----IMI---IC--NA----K--E--------------L--WVTVYYGVPVW-KDAETT----LFCASDAKAYDTEVHNVWATHACVPTDPDPQEMYL-E----NVTENFNMWKNNMVEQMHEDIISLWDQSLKP-CVKLTPLCVTLLCKDVNNSTNKT----------------------------------------TIY-----KEMNG--EIKNCSF-NMT-TELKD----KTKK--MYAL-FNRYDVVQISEQNNS-----------QSDNS------------------------TDREYMLTSCNASTITQACPKVTFEPIPIHYCAPAG-FAILKC--RDKGFNGTGPCKNVSTVQCTHGI-KPAVSTQLLLNGS--LAEEN-ITIRSENITNNAK-TIIIQLKKPVN--ITCIRPGNNTRKSVR---IGPGQ--TFYATGD----IIGDIRQAHCNV-SRGKWNNTLNQVA-TQLR--KYFN--------NNT-AIIF--T--NSSGGDSEITTFSFNCAGEFFYCNTSGLFNSTWYSNST--------NSSNHT-------N--------------GTDDIT-LQCRIKQIVNMWQRVGQAMYAPPIRGEIRCESN--------------------ITGILLTRDGG---------N-NGSK------------------------ANETFRPGGGDMRDNWRSELYKYKVVKIEP---IGIAPTHAKRRVV-------EREKRAV-G------LGAFFLGFLGVAGSTMGAASMTLTVQ-ARHLLSGIVQ---QQSNLLKAIEAQQQL-LRLTVWGIKQLQARVLALERYLRDQQLLGIWGCSGKLICTTTVPWNSTW-----S---------NKTYNDIW-D--NMTWLQWDKEINNYTETIYWLLEQSQHQQE-KNEQELLSLDKWASLWNWFGITNWLWYIKIFIMIVGGLIGLRIVFT-VLSIINRV--RQGYSP-LSFQTLLHH--QRE---PDRPERIEKGGGEQDRGRSVRLVSGFLALAWDDLRNLCLFSYHRLRDLALIVARSVELLGHSSLKGLR--LGWEALKYL-WNILSYWGREL-KNSAINLLDTTAIATANWTDRVIEIGQRLGRA---ILNIPRRIRQGAERALL,CRF02_AG
ZM247V1(REV_),0.320,MRAMGIKRNC-QRW-L--------IW-------GI---LGFW----VLL---TY--NV-M--G--N--------------L--WVTVYYGVPVW-KEAKTT----LFCASDARAYEREVHNVWATHACVPTDPDPQEMEL-V----NVTENFNMWKNDMVEQMHEDIISLWDQSLKP-CVKLTPLCVTLNCTNVTVNTTS------------------------------------------TT-----TNYTK--EMRNCSF-NIT-TELRD----KRRN--EYAL-FYRLDIVPLKDES---------------HGG------------------------NYSEYRLINCNTSTITQACPKVSFDPIPIHYCAPAG-YAILKC--KDETFNGTGPCSNVSTVQCTHGI-KPVVSTQLLLNGS--LAEKE-IIIRSENITNNIK-TIIVQLKEPVE--IRCIRPGNNTRKSMR---IGPGQ--TFYATGE----IIGDIREAHCNI-TKHKWNETLVNVS-RALK--EHFP---------NK-SINF--T--SSSGGDLEITTHSFNCRGEFFYCDTSELWNSTRLWNDSALW---NDTARNLN-------R--------------TDLNIT-LHCRIKQIINMWQGVGRAIYAPPIEGNITCTSN--------------------ITGLILTRDGG---------T-GEDN------------------------KTETFRPIGGDMRDNWRSELYKYKVVEIKP---LGLAPTTAKRRVV-------EREKRAV-G------MGAVLFGFLGAAGSTMGAASITLTVQ-ARQLLSGIVQ---QQSNLLKAIEAQQHM-LQLTVWGIKQLQARVLAIERYLRDQQLLGMWGCSGKLICTTTVAWNSSW-----S---------NKSKDDIW-E--NMTWMQWDREISNYTDTIYKLLEESQNQQE-KNEQDLLALDSWSNLWNWFSITKWLWYIKLFIMIVGGLIGLRIIFA-VLSIVRRV--RQGYSP-LSFQTLIPN--SRE---PDRLGRIEEEGGEQDRDRSIRLVSGFLALAWDDLRNLCLFSYHRLRDFILVTARAVELLGHSSLRGLQ--KGWQILKYL-GGLGQYWGLEI-KKSAISLLDTVAIVVAEGTDRIIELIQRTCRA---ICNIPTRIRQGLEAALQ,C
QH0692,0.370,MRVKGIRRNW-QGL-W--------RW-------GT---MLLG----MLM---IC--RA-A--E--N--------------L--WVTVYYGVPVW-KEATTT----LFCASDAKAYETEKHNVWATHACVPTDPNPQEVVL-G----NVTENFNMWKNNMVEQMHEDIISLWDESLKP-CVKLTPLCVTLNCTDEVKTSYANKTS---------------NE------------------TYKTS-----NETFG--EIKNCSF-SVP-TGIKD----KVQN--VYAL-FYKLDVIPIDDNNNS----------SKNNNG------------------------SYSSYRLINCNTSVITQACPKVSFEPIPIHYCAPAG-FAILKC--NNKTFNGTGPCTNVSTVQCTHGI-RPVVSTQLLLNGS--LAEEE-VVIRSENFTNNAK-TIIVHLKKSVE--INCTRPGNNTRKSIH---IGPGR--AFYATGD----IIGDIRQAHCNL-SSVQWNDTLKQIV-IKLG--EQFG--------TNK-TIAF--N--QSSGGDPEIVMHSFNCGGEFFYCNTTQLFNSTWEFHGNW------TRSNFTE-------S--------------NSTTIT-LPCRIKQIVNMWQEVGKAMYAPPIRGQIRCSSN--------------------ITGLLLTRDGG------------VNG------------------------TRETFRPGGGDMRDNWRSELYKYKVVKIEP---LGVAPTKAKRRVV-------QREKRAV-GT-----IGAMFLGFLGAAGSTMGAASITLTVQ-ARQLLSGIVQ---QQNNLLRAIEAQQHM-LQLTVWGIKQLQARVLAVERYLRDQQLLGIWGCSGKLICTTAVPWNASW-----S---------NKSQDYIW-N--NMTWMQWDKEINNYTNLIYSLLEDSQNQQE-KNEHELLELDKWASLWNWFDITRWLWYIKIFIMIVGGLIGLRIVIA-VVSIVNRV--RQGYSP-ISLQTHFPA--PRG---PDRPEGIEEGGGDRDRDRSLRLVHGSLALIWDDLRSLCIFSYHRLRDLLLIVARVVEILGR---------RGWEALKYW-WNLLQYWSQEL-KNSAVSLLDATAIAVAEGTDRIIEIIRRAFRA---ILHIPTRIRQGLERALL,B
16845_2_22,0.450,MRVRGMLRNY-QQW-W--------IW-------GV---LGFW----MLM---NC--NV-G--G--N--------------L--WVTVYYGVPVW-REAKTT----LFCASDAKAYEKEVHNVWATHACVPTDPNPQEIDL------NVTENFNMWKNDMVEQMHEDVISLWDQSLKP-CVKLTPICVTLECTDANITCNSTTSSN-------------NCT------------------SYEIN-----KEDMG--EIKNCSF-NTT-TELID----KQKK--VHAL-FYRLDIVSLEKDNS------------SKKND------------------------SNEYYRLINCNTSAITQACPKVTFDPIPIHYCAPAG-YAILKC--KNKTFNGTGPCNNVSTVQCTHGI-KPVVSTQLLLNGS--LAEEE-IIIRSENLTNNAK-IIIVHLNQAVE--IVCTRPGNNTRKSIR---IGPGQ--TFYATGD----IIGDIRQAHCNI-SEAKWNKTLREVS-KKLA--EHFP---------NK-TIIF--N--SSSGGDLEITTHSFNCGGEFFYCNTSSLFNSTFNSTYM--------TNDTDM-------N--------------SNSTIS-IPCRIKQIINMWQEVGRAMYAPPIAGNITCKSN--------------------ITGLLLVRDGG--------NS-NDTN------------------------EPEIFRPQGGDMRDNWRSELYKYKVVEIKP---LGVAPTAAKRRVV-------GREKRAV-G------LGAMILGFLGAAGSTMGAASITLTVQ-ARQLLSGIVQ---QQSNLLRAIEAQQHM-LQLTVWGIKQLQTRVLAIERYLKDQQLLGIWGCSGKLICTTAVPWNSSW-----S---------NKSQDQIW-N--DTTWMQWDKEISNYTDIIYTLLEKSQNQQE-INEKDLLALDSWNSLWNWFDITKWLWHIKIFIMIVGGLIGLRIIFA-VLSIVNRV--RQGYSP-LSFQTLTPN--PGG---PDRLGGIEEEGGEQDKSRSIRLVNGFLALAWDDLRNLCLFSYHRLRDFISVTARVVELLGRSSLRGLQ--KGWEALKYL-GSLVQYWGLEL-KKSAISLFDTIAIAVAEGTDRLIEFIQRTGRA---ICNIPRRIRQGFEAALQ,C
THRO4156,0.540,MRVKGIKKSF-QHW-W--------KW-------GT---MLLG----ILM---IC--SA-T--D--K--------------L--WVTVYYGVPVW-KEAVTT----LFCASDAKAYDTEVHNVWATHACVPTDPDPQEVVL-E----NVTENFNMWKNNMVEQMHEDIISLWDQSLKP-CVKLTPLCVTLNCTDYNNTATNTTSSAT-----------TTAS------------------SANKT-----AKEEA--VMKNCSF-NIT-TNVRD----KVKR--EYAL-FYNLDVVKLEE--------------------------------------------GETSYRLVSCNTSVVTQACPKITFEPIPIHYCAPAG-FAILKC--NNKTFNGTGPCTNVSTVQCTHGI-KPVVSTQLLLNGS--LAEGGEVMIRSANFTNNAK-TIIVQLSKSVA--INCTRPNNNTSKSIH---MGPGG--AFFATGR----IIGDIRKAYCTV-NGTEWNTTLRQIV-EKFK--KQFG--------ENK-TIVF--K--PSAGGDPEIVTHSFNCGGEFFYCNTTNLFNSSSTELNSTW-----SGNSNDT-------G--------------KNDTIT-LPCRIKQIINMWQQVGKAMYAPPISGKINCLSN--------------------ITGLLLTRDGGSDGGSKNSSKNETG--------------------------TEIFRPGGGDMRDNWRSELYKYKVVRIEP---LGVAPTKAKRRAV-------QREKRDL-G------LGALFLGFLGAAGSTMGAASVTLTVQ-ARQLLSGIVQ---QQNNLLRAIEAQQHL-LQLTVWGIKQLQARLLAVERYLKDQQLLGIWGCSGKLICTTTVPWNNSW-----SK--------NKTYEYIW-N--NMTWIEWEREIDNYTGLIYNLIEKSQNQQE-KNEKELLELDKWDSLWSWFSITNWLWYIKIFIMIVGGLIGLRIVFA-VLSIVNRV--RQGYSP-LSFQTRLPA--PRG---PDRPEGIEEEGGERDRDRSGPLVNGFLALIWVDLRSLCLFSYHRLRDLLLIVARIVELLGL---------RGWEALKYW-WNLLQYWSQEL-KNSAVSLLNATAIAVAEGTDRIIEILQRVGRA---ILHIPTRIRQGLERALL,B
T250_4,1.330,MRVMGIQRNY-PPL-W--------RW-------GT---MIFW----MMM---LC--SA----E--K--------------L--WVTVYYGVPVW-READTT----LFCASDAKGYDTEAHNVWATHACVPTDPRPQEMYL-E----NVTENFNMWKNSMVEQMHTDIISLWDESLKP-CVKLTPLCVTLDCQAFNSSSHT------------------------------------------NS-----SIAMQ--EMKNCSF-NVT-TELRD----KKKK--EYSF-FYKTDIEQINK--------------------------------------------NGRQYRLINCNTSAITQACPKVSFEPIPIHFCAPAG-FAILKC--NEKHFNGKGPCKNVSTVQCTHGI-KPVVSTQLLLNGS--LAEEE-VVIRVENTIDNAK-TIIVQLAKPVK--INCTRPNNNTRKSIR---IGPGQ--TFYATGD----IIGNIRKAYCNV-SKREWNNTLQQVA-AQLS--KSFN---------NT-KIVF--E--KHSGGDLEVITHSFVCGGEFFYCNTSGLFNSTWTNSTWTN----STTGSNGT-------E--------------SNDTIT-LQCEIKQFINMWQRVGRAMYAPPIPGVIRCESD--------------------ITGLLLTRDGP------------NST------------------------QNETFRPGGGDMRDNWRSELYKYKVVQIEP---LGVAPTHAKRRVV-------EREKRAV-G------LGAVFFGFLGAAGSTMGAASITLTVQ-ARQLLSGIVQ---QQSNLLKAIEAQQQL-LRLTVWGIKQLQARVLALERYLKDQQLLGIWGCSGKLICTTTVPWNSSW-----S---------NKNYTDIW-D--NMTWLQWDREISNYTDEIYRLIEQSQNQQE-KNEQDLLALDKWASLWNWFDITNWLWYIKIFIMIVGGLIGLRIIFT-VLNVINRV--RQGYSP-LSFQTLTHH--QRE---PDRPERIEEGGGEQDRDRSVRLVSGFLALAWDDLRSLCLFSFHRLRDLVLIAARGVELLGHSSLKGLR--LGWEALKLL-GNLLSYWGQEL-KNSAINLLDAVAIAVANWTDRVIKIGQRAGRA---ILNIPIRIRQGLERALL,CRF02_AG
3016_V5_C45,1.470,MRVREMKRNW-QNL-W--------KG-------GI---LLLG----ILM---IC--SA-A--D--N--------------L--WVTVYYGVPVW-KEAKTT----LFCASDAKSYRTEAHNIWATHACVPTDPNPQELEL-E----NVTENFNMWKNDMVNQMHEDIISLWDQSLKP-CVKLTPLCVTLNCQEMNSSTKT-----------------------------------------NSS-----ISNED--KRMNCSF-NVT-TVVRD----RKKQ--VAAL-FYRLDLVAVDN-------------------D------------------------NSTNYRLINCNTSAITQACPKVSFEPIPIHYCAPAG-FAILKC--RDKQFNGTGPCTNVSTVQCTHGI-RPVVSTQLLLNGS--LAEEE-IMIRSENISNNAY-NIIVQLNESVA--IDCTRPYNNTRQSIH---IGPGQ--AVYATDARK--IVGDIRQAYCTI-DGTEWKKMLQRVA-EKLG--SLIN---------KP-TIKF--K--PSAGGDAEITTHSFNCGGEFFYCNTSNLFNYTWNNS------------TGLG-------N--------------ITRNIT-LPCRIKQIINMWQGVGKAMYAPPIEGQIKCSSN--------------------ITGLILTRDGG-----------NTSD------------------------DHETFRPGGGNMKDNWRSELYKYKVVRIEP---IGLAPTKAKRRVV-------EREKRAI-G------LGAMFLGFLGAAGSTMGSASVALTVQ-ARQLLSGIVQ---QQNNLLRAIEAQQHL-LQLTVWGIKQLQARVLAVERYLKDQQLLGLWGCSGKHICTTNVPWNSSW-----S---------NRSLDNIW-H--NMTWMEWEREIDNYTGLIYSLIENSQIQQE-KNEQELLELDKWASLWNWFDITRWLWYIKIFIMVVGGLIGLRIVFV-VLSLVNRV--RQGYSP-LSFQTLLPA--PRG---LGRPEEIEEEGGERGRDRSIRLVNGFSALIWDDLRNLCLFSYHRLRDLLLIAARIVELLGR---------RGWEALKYL-WNLLQYWSQEL-KTSAVSLIDTIAIAVAEGTDRVIEIIQRACRT---VVNIPVRIRQGLERLLL,D
703357_C2,3.430,MRVKETQRNW-PNL-W--------KW-------GT---LILG----LVI---IC--SA-S--E--N--------------L--WVTVYYGVPVW-KDANTT----LFCAADAKAHETEVHNVWATHTCVPTDPNPQEIHM-E----NVTENFNMWKNNMVEQMHEDVISLWDQSLKP-CIKVTPLCVTLNCTDAKFDSNKTYANS--------------TV------------------ENITI-----ENITD--EVRNCSF-NIT-TELRD----KQRK--VQAL-FYRLDIIQTENRSS-------------GING------------------------SFQEYRLINCNTSVIKQACPKISFDPIPIHYCTPAG-YAILKC--NDKKFNGTGPCKNVSSVQCTHGI-KPVISTQLLLNGS--IAEEK-IIIRSENITNNAK-TIIVHLNRTII--INCTRPSNNTRTSIN---IGPGQM-LFYKPGD----IIGDIRKAYCEI-NGTKWKKTLDQVK-RELE--EHFP---------NK-TITF--Q--PSSGGDPEITMHHFNCRGEFFYCNTTQLFNMTQL----------------NE-------T--------------LNETII-LPCRIKQIINMWQRVGQAMYNPPVQGHINCVSN--------------------ITGILLTRDGG---------A-NETN------------------------GTETFRPEGGNIKDNWRSELYKYKVVQIEP---LGVAPTRAKRRVV-------ERQKRAV-G------IGAMIFGFLGAAGSTMGAASITLTVR-ARQLLSGIVQ---QQSNLLRAIEAQQHM-LQLTVWGIKQLQARVLAVERYLKDQKFLGLWGCSGKVICTTAVPWNSTW-----S---------NRSYDEIW-N--NMTWAEWERETSNYTNQIYEILTKSQDQQD-RNEKDLLELDKWASLWSWFTITNWLWYIRIFIMIVGGLIGLRIIFA-VLSIVNRV--RQGYSP-LSFQTPILR--QRE---PDRPEGIEEEGGEQGRERSVRLVSGFLALAWDDLRSLCLFSYHRLRDFILIAARTVELLGHSSLKGLR--RGWEGLKYL-GNLLLYWGQEL-KISAISLLDATAIAVAGWTDRVIEVAQRAWRA---ILNIPRRIRQGLERALV,CRF01_AE
DU172_17,3.650,MRVMGILRSY-QQW-W--------IW-------GI---LGFW----MLM---IC--NV-W--G--N--------------L--WVTVYYGVPVW-KEAKTT----LFCASDAKAHKEEVHNIWATHACVPTDPNPQEIVL-K----NVTENFNMWKNDMVDQMHEDIISLWDQSLKP-CVKLTPLCVTLNCSDVKIKGTNATYN----------------N------------------ATYNN-----NNTIS--DMKNCSF-NTT-TEITD----KKKK--EYAL-FYKLDVVALDGKE--------------TNST------------------------NSSEYRLINCNTSAVTQACPKVSFDPIPIHYCAPAG-YAILKC--NNKTFNGTGPCNNVSTVQCTHGI-KPVVSTQLLLNGS--LAEEE-VVIRFENLTNNAK-IIIVHLNESVE--INCTRPSNNTRKSVR---IGPGQ--TFFATGD----IIGDIRQAHCNI-SRKKWNTTLQRVK-EKLK--EKFP---------NK-TIQF--A--PSSGGDLEITTHSFNCRGEFFYCYTSDLFNSTYMS---------------NN-------T--------------GGANIT-LQCRIKQIIRMWQGVGQAMYAPPIAGNITCKSN--------------------ITGLLLTRDGG-----------KEKN------------------------DTETFRPGGGDMRDNWRSELYKYKVVEIKP---LGIAPDKAKRRVV-------EREKRAV-G------IGAVFLGFLGAAGSTMGAASMTLTVQ-ARQLLSGIVQ---QQSNLLRAIEAQQHM-LQLTVWGIKQLQTRVLAIERYLKDQQLLGIWGCSGKLICTTAVPWNASW-----S---------NKSYEEIW-G--NMTWMQWDREINNYTNTIYSLLEESQNQQE-KNEKDLLALDSWESLWSWFNITNWLWYIRIFIIIVGGLIGLRIIFA-VLSIVNRV--RQGYSP-LSFQTLTPS--PRE---PDRLGRIEEEGGEQDRARSVRLVNGFLALAWEDLRSLCLFSYHRLRDLILIAARAAALLGRSSLWGLQ--KGWEALKYL-GSLVQYWGLEL-KKSAISLFDAIAITVAEGTDRIINIVQRISRA---FYNIPRRIRQGFEATLQ,C
211_9,16.410,MRVMGIQKNY-PPL-W--------RW-------GM---IIFW----IMM---IC--NA----K--Q--------------M--WVTVYYGVPVW-RDASTT----LFCASDAKAYDPEAHNAWATHACVPTDPNPQEMQL-K----NVTENFNMWKNDMVEQMHVDIISLWDQSLKP-CVKLTPLCVTLNCTDVRNRTLNYTYNNS------------TSN------------------ISLVS-----SDMEG--EIKNCSF-NMT-TELRD----KNQK--VYAL-FYRQDVIQNGN-------------------N------------------------NSSYYRLINCNTSAMTQACPKVSFNPIPIHYCAPAG-FAILKC--NDKEFNGTGPCKNVSTVQCTHGI-KPVISTQLLLNGS--IAEEE-IVIRSENITNNAK-TIIVQLNEPVE--INCTRPNNNTRKSVR---IGPGQ--TFYATGD----IIGNIRQAHCNV-SRAKWNETLHKVA-EQLR--TYFK---------NK-TIIF--T--NHSGGDVELKTHMFNCGGEFFYCNTTALFNSTWDNNST--------REDNNS-------T--------------GNDTIT-LQCRIKQIVRMWQRSGQAMYAPPIQGVIKCKSN--------------------ITGLLLTRDGG-----------NNES------------------------TNETFRPGGGDMRDNWRSELYKYKVVKIEP---LGVAPTHAKRRVV-------QREKRAV-G------LGAVFFGFLGAAGSTMGAASITLTVQ-ARQLLSGIVQ---QQSNLLKAIEAQQHL-LKLTVWGIKQLQARVLALERYLGDQQLLGIWGCSGKLICTTNVPWNSSW-----S---------NKTYGDIW-D--NMTWLQWDKEISNYTNIIYALIEESQNQQE-KNEQDLLALDKWASLWNWFDISKWLWYIKIFIMIVGGLIGLRIVFT-IITIINRV--RQGYSP-LSFQTLTHH--QRE---PDRPERIEEEGGEQDKDRSIRLVGGFLALAWDDLRNLCLFIYHRLRDFVLIAARAVSLLGHSSLKGLR--LGWEALKYL-WNLLAYWGKEL-KNSAVNLLDTVAIAVANWTDRVIEIGQRAGRA---ILNIPRRIRQGAERALV,CRF02_AG
6545_V4_C1,18.920,MRVKGILRNC-QQW-W--------IW-------GI---LGFW----MVM---TY--SV-V--G--N--------------L--WVTVYYGVPVW-KDAETT----LFCASDAKAYEREVHNVWATHACVPTDPNPQEVIM-E----NVTENFNMWKNNMVDQMHEDIISLWDQSLKP-CVKLTPLCVTLDCRNVSDTRNGN---------------------------------------VTYN-----NTMNE--EIKNCSF-NMT-TELRD----KKQK--VSAL-FYRIDIVSLNS--------------------------------------------NSSDYRLINCNTSAITQACPKVSFEPIPIHYCAPAG-YAILKC--NNETFNGTGPCHNVSTVQCTHGI-KPVVSTQLLLNGS--LAKEQ-VMIRSEDITNSVK-NIIVQFTEPVK--INCTRPNNNTRKSVH---IAPGQ--AFYATGD----IIGNIRQAYCTV-NRTAWSNTLQKVV-TRLR--TYFG---------NK-TIIF--K--NSSGGDIEITTHSFNCAGEFFYCNTSSLFNSTWQVSGQ---------GLNST-------E--------------LGDTIT-LQCRIKQIINMWQRAGQAIYAPPIPGVIRCESN--------------------ITGLILTSDYG-----------NRSS------------------------DNETFRPTGGDMRDNWRSELYKYKVVKIEP---IGVAPTKARRRVV-------QREKRAV-G------LGAVFIGFLGAAGSTMGAASVTLTVQ-ARQLLAGIVQ---QQSNLLRAIEAQQHM-LKLTVWGIKQLQARVLAVERYLRDQQLLGIWGCSGKLVCNTNVPWNSSW-----S---------NKSLSEIW-E--NMTWLQWDKEINNYTQIIYTLIEESQTQQE-KNEQELLALDKWANLWNWFDISNWLWYIRIFIMIVGGLIGLRIVFV-VLAVINRV--RQGYSP-LSFQTHTPS--PAG---PDRPGRIEEEGGEQGRGKSIRLVSGFLALAWEDLRSLCLFSYHRLRDFILIAARVVEVLGRSSLRGLQ--RGWEALKYL-GSLMQYWGLEL-KKNAISLLDIVAIAVAEGTDRIIEFIQGICRA---IRNISRRIRQGFEAALQ,AC
CAP45_G3,32.250,MRVRGILRNW-PQW-W--------IW-------SI---LGFW----MLI---IC--RV-M--G--N--------------L--WVTVYYGVPVW-KEAKAT----LFCASDARAYEKEVHNVWATHACVPTDPNPQEIYL-G----NVTENFNMWKNDMVDQMHEDIISLWDQSLKP-CVKLTPLCVTLRCTNATIN----------------------------------------------------GSLTE--EVKNCSF-NIT-TELRD----KKQK--AYAL-FYRPDVVPLNKNS---------------PSG------------------------NSSEYILINCNTSTITQACPKVSFDPIPIHYCAPAG-YAILKC--NNKTFNGTGPCNNVSTVQCTHGI-KPVVSTQLLLNGS--LAEED-IIIKSENLTNNIK-TIIVHLNKSVE--IVCRRPNNNTRKSIR---IGPGQ--AFYATND----IIGDIRQAHCNI-NNSTWNRTLEQIK-KKLR--EHFL---------NR-TIEF--E--PPSGGDLEVTTHSFNCGGEFFYCNTTRLFKWSS------------------N-------V--------------TNDTIT-IPCRIKQFINMWQGAGRAMYAPPIEGNITCNSS--------------------ITGLLLTRDGG---------K-TDRN------------------------DTEIFRPGGGNMKDNWRNELYKYKVVEIKP---LGVAPTEARRRVV-------EREKRAV-G------IGAVLLGFLGAAGSTMGAASITLTVQ-ARQLLSGIVQ---QQSNLLRAIEAQQHM-LQLTVWGIKQLQTRVLAIERYLKDQQLLGLWGCSGKLICTTNVPWNSSW-----S---------NKSQTDIW-D--NMTWIQWDREISNYSNTIYKLLEGSQNQQE-QNEKDLLALDSWNNLWNWFNITNWLWYIKIFIMIIGGLIGLRIILG-VLSIVKRV--RQGYSP-LSFQTLTPN--PRG---LDRLGRIEEEGGEQDKDRSIRLVNGFLALAWEDLRSLCLFSYHRLRDFILIAVRAVELLGSSSLRGLQ--RGWEALKYL-GSLLQYWGLEL-KKSAINLLDTVAIAVAEGTDRIIELIQRICRA---IRNIPRRIRQGFEAALL,C
DU422,50.000,MRVRGIPRNW-PQW-W--------IW-------GI---LGFW----MII---IC--RV-V--G--N--------------LDLWVTVYYGVPVW-KEAKTT----LFCASDAKAYDKEVHNVWATHACVPTDPNPQEIVL-E----NVTENFNMWKNDMVDQMHEDIISLWDQSLKP-CVKLTPLCVTLNCKNVNISANANA-------------------------------------TATLN-----SSMNG--EIKNCSF-NTT-TELRD----KKQK--VYAL-FYKPDVVPLNGG----------------EHN------------------------ETGEYILINCNSSTITQACPKVSFDPIPIHYCAPAG-YAILKC--NNKTFNGTGPCNNVSTVQCTHGI-KPVVSTQLLLNGS--LAEEE-IIVRSENLTNNIK-TIIVHLNKSVE--IKCTRPNNNTRKSVR---IGPGQ--TFYATGE----IIGDIREAHCNI-SRETWNSTLIQVK-EKLR--EHY----------NK-TIKF--E--PSSGGDLEVTTHSFNCRGEFFYCDTTKLFNETKLFN------------ESEY-------V--------------DNKTII-LPCRIKQIINMWQEVGRAMYAPPIEGNITCKSN--------------------ITGLLLTWDGG------------ENS------------------------TEGVFRPGGGNMKDNWRSELYKYKVVEIKP---LGVAPTKSKRKVV-------GREKRAV-G------LGAVLLGFLGAAGSTMGAASITLTVQ-ARQLLSGIVQ---QQSNLLRAIEAQQHL-LQLTVWGIKQLQTRVLAIERYLKDQQLLGLWGCSGKLICATAVPWNSSW-----S---------NKSLGDIW-D--NMTWMQWDREISNYTNTIFRLLEDSQNQQE-KNEKDLLALDSWKNLWNWFDITNWLWYIKIFIMIVGGLIGLRIIFG-VLAIVKRV--RQGYSP-LSFQTLIPN--PRG---PDRLGRIEEEGGEQDKDRSIRLVSGFLALAWDDLRSLCLFSYHQLRDFILTAARAAELLGRSSLRGLQ--RGWEVLKYL-GNLVQYWGLEL-KRSAINLFDTIAIAVAEGTDRIIEVIQRICRA---IRYIPTRIRQGFEAALL,C
620345_C1,50.000,MKVKETQMNW-LNL-W--------RW-------GT---LILG----LVM---IC--SA-S--D--K--------------L--WVTVYYGVPVW-RDADTT----LFCASDAKVHSTEVHNVWATHACVPTDPNPQEIHL-E----NVTENFNMWQNKMAEQMQEDVISLWDQSLKP-CIKLTPLCVTLSCTEAKFNETFNKI-----------------D------------------NITKV-----SNLTD--EMRNCSF-NMT-TELRD----KKQQ--VYAL-FYKLDIVPIDN---------------------------------------------SSEYRLINCNTSVIKQACPKVSFDPIPIHYCTPAG-YAILKC--NDKNFNGTGPCKNVSSVQCTHGI-KPVVSTHLLLNGS--LAEEE-IVIRSEDITKNTK-TIIVHLNKSVE--INCTRPSNNTRTSVR---IGPGQ--VFYRTGE----VITSIRKAYCEI-NGTKWNETLRQVA-KKLK--EHFK---------NK-TIIF--Q--PPSGGDLEVTTHHFNCRGEFFYCDTAQLFNSTWRGNET--------KEERNG-------T--------------SNDIII-LPCRIKQIVRMWQGVGQSMYAPPISGIINCVSN--------------------ITGILLTSDGD---------G-GPTA------------------------DNETFRPAGGDMRDNWRSELYKYKVVQIEP---LGIAPTRAKRRVV-------DREKRAV-G------IGAMIFGFLGAAGSTMGAASITLTVQ-ARQLLSGIVQ---QQSNLLRAIEVQQHL-LQLTVWGIKQLQARVLAVERYLKDQKFLGLWGCSGKIICTTAVPWNSTW-----S---------NKSYEDIW-Y--NMTWIEWEREISNYTSQIYEILTESQNQQD-RNEKDLLELDKWASLWNWFDITNWLWYIKIFIMIVGGLIGLRIIFA-VLSIVNRV--RQGYSP-LSLQIPTRH--QRE---PDRPEGIEEGGGEQGRDRSVRLVSGFLALAWDDLRSLCLFSYHRLRDFILIVARTVELLGRSSLKGLR--RGWEGLKYL-GNLLLYWSQEL-KISAISLLDATAIAVAGWTDRIIEVAQRAWRA---FLHIPRRIRQGLERALL,AE
89_F1_2_25,50.000,MRVREMKRNY-QHW-WEGQH--LWRW-------GT---MLLG----MLM---IC--NV-T--G--K--------------L--WVTVYYGVPVW-KEATTT----LFCASDAKSYEPEAHNIWATHACVPTDPNPREIIL-Q----NVTENFNMWKNSMVEQMHEDIISLWDQSLKP-CVKLTPLCVTLNCSDVIYN-----------------------------------------------------ETKE--EMKNCSF-NTT-TEIRD----KRKQ--EEAL-FYRLDIVPLNDR----------------DNS------------------------SYKFYRLINCNTSVITQACPKITFEPIPIHYCAPAG-FAILKC--NDKKFNGTGPCRNVSTVQCTHGI-KPVVSTQLLLNGS--LAEEE-IIIRSEEITNNVK-TIIVHLNKSVA--INCTRPGNNTRTSIR---IGPGQ--TFYATG-----VIGDIRKAYCTI-SKGEWKKTLQQVA-KKLE--SLLN---------LT-TVIF--K--PSPGGDPEVVTHSFNCAGEFXYCNTSSLFNSTWNSTG----------ELNST-------E--------------SNGTIT-LPCRIKQIINMWQGVGRTMYAPPIKGNITCNSR--------------------ITGLLLTSDNG------------GKN------------------------STDTFRPGGGNMRDNWRSELYKYKVVEIKP---LGLAPTRAKRMVV-------ERKKRAL-G------LGALFLGFLGAAGSTMGAASLTLTVQ-ARQLLSGIVQ---QQNNLLRAIEAQQHL-LQLTVWGIKQLQARVLAVESYLKDQQLLGIWGCSGKHVCTTSVPWNSSW-----S---------SKNMSQIW-G--NMTWMQWEREIENYTGLIYSLIEESQLQQE-RNEQELLQLDEWASLWNWFSITKWLWYIKIFIMIVGGLIGLRIVFA-VLSLVNRV--RQGYSP-LSFQTLLPA--PRG---PDRPEGIEEEGGEQGRGRSIRLVNGFSALIWDDLRNLCLFSYHRLRDLILIVTRIVELLGR---------RGWEAIKYL-WNLLQYWIQEL-KSSAINLFDTIAIAVAEGTDRIIEIVQRIVRA---ILNIPTRIRQGAERALL,CD
3817_V2_C59,50.000,MRVTGTQRNC-QQW-WI------WIW-------II---LGFWW---MLM---MC--KG----E--K--------------L--WVTVYYGVPVW-KEATTT----LFCASDAKAYNPEMHNVWATHACVPTDPNPQEMVL-E----NVTENFNMWENNMVEQMHEDIISLWDQSLKP-CVKLTPLCVTLNCRNANITDIT-----------------------------------------TVD-----KPIVG--DIQNCSF-NVT-TEIND----RKKK--MHAL-FYRLDVVPLNKRNSST--------NNNSNNE------------------------STMDYRLINCNTSAITQACPKVSFEPIPIHYCAPAG-YAILKC--NSKTFNGTGPCTNVSTVQCTHGI-RPVVSTQLLLNGS--LAEEE-IIVRSENVTNNAK-TIIVHLNESVQ--INCTRPNNNTRESIR---IGPGQ--SLYANGD----IIGDIRQAHCNI-SRGEWNKTLQQVA-EKLG--NLFN---------KT-EIIF--S--PSSGGDPEITTHSFNCGGEFFYCNTTGLFNDSKWQHNNSEW---EETSKRMN-------S--------------PEANIT-LQCRIKQIVNMWQGVGRAMYAPPIRGVIKCTSN--------------------ITGLLLTRDGG-----------LNTS------------------------NNETFRPGGGDMRDNWRSELYKYKVVRIEP---LGLAPTKAKRRVV-------EREKRAI-G------MGALFLGFLGTAGSTMGAASLTLTVQ-ARQLLSGIVQ---QQNNLLRAIEAQQHL-LQLTVWGVKQLQARILAVERYLRDQQLLGIWGCSGKHICTTTVPWNSSW-----SK--------NRTLNDIW-E--NMTWMQWEREIDNYTVEIYRLLEESQTQQE-KNEKELLELDKWASLWNWFDISNWLWYIKIFIMIVGGLIGLRIIFA-VISIVNRV--RQGYSP-LSFQTLTPS--PRA---PDRPGRIEEEGGEQDRDRSVRLVSGFLAIAWDDLRSLCLFSYHLLRDFILIAARTVEILGR---------RGWEILKYL-VGLVQYWVLEL-KGSAISLLDTIAIAIAGWTDRVIELGQRLCRA---ILNIPRRIRQGFEAALI,CD
6540_V4_C1,50.000,MKVKGILRNC-QQW-W--------IW-------GI---LGFW----MVM---TY--SV-V--G--N--------------L--WVTVYYGVPVW-KDAETT----LFCASDAKAYEREVHNVWATHACVPTDPNPQEVIM-E----NVTENFNMWKNNMVDQMHEDVISLWDQSLKP-CVKLTPLCVTLDCKNVNDTRNGN---------------------------------------VTYN-----NTMNE--EIKNCSF-NMT-TELRD----KKQK--VSAL-FYRIDIVSLNS--------------------------------------------NSSDYRLINCNTSAITQACPKVSFEPIPIHYCAPAG-YAILKC--NNETFNGTGPCHNVSTVQCTHGI-KPVVSTQLLLNGS--LAKNQ-VMIRSEHIGNSAK-NIIVQFTEPVK--INCTRPNNNTRKSVH---IGPGQ--AFYATGD----IIGNIRQAYCTV-NRTAWNNTLQKVV-TRLR--TYFG---------NK-TIIF--K--NSSGGDIEITTHSFNCAGEFFYCNTSSLFNSTWPVSGQ---------GLNST-------E--------------LGDTIT-LQCRIKQIINMWQRAGQAIYAPPIPGVIRCESN--------------------ITGLILTSDYG-----------NNNS------------------------DNEIFRPTGGDMRDNWRSELYKYKVVKIEP---IGVAPTKARRRVV-------QREKRAV-G------LGAVFIGFLGAAGSTMGAASVTLTVQ-ARQLLSGIVQ---QQSNLLRAIEAQQHM-LKLTVWGIKQLQARVLAVERYLRDQQLLGIWGCSGKLVCNTNVPWNSSW-----S---------NKSLSEIW-E--NMTWLQWDKEINNYTQIIYTLIEESQTQQE-KNEQELLALDKWANLWNWFDISNWLWYIRIFIMIVGGLIGLRIVFV-VLAVINRV--RQGYSP-LSFQTHTPS--PAG---PDRPGRIEEEGGEQGRGKSIRLVSGFLALAWEDLRSLCLFSYHRLRDFILIAARVVEVLGRSSLRGLQ--RGWEALKYL-GSLVQYWGLEL-KKSAISLLDTVAIAVAEGTDRIIEFIQGICRA---IRNIPRRIRQGFEAALQ,AC
T278_50,50.000,MRVMGIQKSY-PLL-W--------SW-------G----IIFW----IMM---IG--NA----N--Q--------------M--WVTVYYGVPVW-RDAETT----LFCASDAKAYDTEAHNVWATHACVPTDPNPQEIHL-K----NVTENFNMWKNAMVEQMNEDIISLWDQSLKP-CVKLTPLCVTLHCHNFTSSSNSSN--------------------------------------STVS-----PQMRG--EIQNCSF-NTT-TLLKD----KKKK--EYAL-FYRQDIVPLDTNGTN----------IDTNGT------------------------NSSQYMLINCNTSTIAQACPKITFEPIPIHYCAPAG-FAILKC--RDKEFNGTGTCKNVSTVQCTHGI-KPVVSTQLLLNGS--TAEEG-IVIRSKNISANAK-TIIVQLDEPVR--INCTRPGNNTRKSVH---LGPGQ--AFYATGD----IIGDIRQAYCNV-SGTEWNKTLHRVA-TKLK--GYFK--------SNT-TIIF--T--KPSGGDLEITTHSFNCGGEFFYCNTSNLFNGTLYKNNTWMFNGTLYNNTNES-------S--------------TSGTIT-IKCRIKQIINMWQTVGQAMYAPPIPGEIRCESN--------------------ITGLLLTRDGE-----------GDEK------------------------ANETFRPIGGNMRDNWRSELYKYKVVKIEP---LGVAPTPAKRRVV-------EREKRAV-G------LGAVFLGFLGAAGSTMGAASITLTVQ-ARQLLSGIVQ---QQSNLLKAIEAQQHL-LKLTVWGIKQLQARVLALERYLTDQQLLGIWGCSGKLICTTTVPWNSSW-----S---------NKTYNDIW-D--NMTWLQWDKEISNYTDTIYKLLEESQNQQE-KNEKDLLALDKWANLWNWFNISNWLWYIKIFIMIVGGLIGLRIVFA-VLTIINRV--RQGYSP-LSFQTLSHH--QRE---PDRPEGIEEGGGEQGRDRSVRLVSGFLALAWDDLRSLCLFSYHRLRDFVLIAARTVELLGHSSLKGLR--LVWEALKYL-WNLLTYWSQEL-KNSAVNLFNTIAIEVANWTDRVIEIGQRACRA---IRNVPVRIRQGLERALL,CRF02_AG
CAP210_E8,50.000,MRVMGIQRNW-QQW-G--------IW-------GI---LGFW----LLM---IC--SG-M--G--N--------------L--WVTVYYGVPVW-KEAKTT----LFCASDAKGYDTEVHNVWATHACVPTDPNPQEIVL-E----NVTENFNMWKNDMVDQMHQDIISLWDQSLKP-CVKLTPLCVTLNCSDATYNN---------------------------------------------G-----TNSTD--TMKICSF-NAT-TELRD----KKKK--EYAL-FYRLDIVPLKNES---------------ESQ------------------------NFSEYILINCNTSTIAQACPKVSFDPIPIHYCAPAG-YAILKC--NNKTFNGTGPCNNVSTVQCTHGI-KPVVSTQLLLNGS--LAEEE-VVIRSENISNNVK-TIIVHLNESVN--ITCIRPGNNTRRSIR---IGPGQ--AFYAMGD----IIGNIREAHCNI-SEKAWNETLKKVV-EKLV--KYFP---------NK-TIEF--A--PPVGGDLEITTHSFNCGGEFFYCNTTKLFNSTHNSTDSTVNS-TDSTAETGN-------S--------------TNTNIT-LPCRIRQIINMWQEVGRAMYAPPSKGNITCISN--------------------ITGLLLTRDGG------ENK--TENN------------------------DTEIFRPGGGDMKDNWRSELYKYKVVEIKP---LGVAPTRAKRRVV-------EREKRAV-G------IGAVFLGFLGAAGSTMGAASITLTVQ-ARQLLSGIVQ---QQSNLLRAIEAQQHM-LQLTVWGIKQLQTRVLAIERYLKDQQLLGIWGCSGKLICTTNVPWNSSW-----S---------NKSYGDIW-D--NMTWMQWDREINNYTNTIYRLLEDSQNQQE-KNEQDLLALDKWQSLWSWFSISSWLWYIKIFIMVVGGLIGLRIIFA-VLSIVNRV--RQGYSP-LSLQTLPPN--PRE---LDRLGGIEEEGGEQDRGRSVRLVSGFLPLAWDDLRSLCLFCYHRLRDLLLITTRAVELLARSILKGLQ--RGWEILKYL-GSLVQYWGQEL-KKSAINLLDTTAIAVAEAADRILELLQRIWRG---ICNVPTRIRQGFEAALQ,C


