92RW020,0.004,MRVRGIQTSW-QNL-W--------RW-------GT---MILG----MLM---IY--SA-A--E--N--------------L--WVTVYYGVPVW-KDAETT----LFCASDAKAYDTEVHNVWATHACVPTDPNPQEIHL-E----NVTEDFNMWKNNMVEQMHTDIISLWDQSLKP-CVKLTPLCVTLDCNATAS------------------------------------------------------NVTN--EMRNCSF-NIT-TELKD----KKQQ--VYSL-FYKLDVVQINEKN------------------------------------------ETDKYRLINCNTSAITQACPKVSFEPIPIHYCAPAG-FAVLKC--KDTEFNGTGPCKNVSTVQCTHGI-RPVISTQLLLNGS--LAEEG-IQIRSENITNNAK-TIIVQLDKAVK--INCTRPNNNTRKGVR---IGPGQ--AFYATGG----IIGDIRQAHCNV-SRAKWNDTLRGVA-KKLR--EHFK---------NK-TIIF--E--KSSGGDIEITTHSFNCGGEFFYCSTSGLFNSTWESNST---------ESNNT-------T--------------SNDTIT-LTCRIKQIINMWQKVGQAMYAPPIQGVIRCESN--------------------ITGLLLTRDGG------------NNS------------------------TNEIFRPGGGNMRDNWRSELYKYKVVKIEP---LGVAPSRAKRRVV-------EREKRAV-G------IGAVFLGFLGAAGSTMGAASITLTAQ-ARQLLSGIVQ---QQSNLLRAIEAQQHM-LKLTVWGIKQLQARVLAVERYLKDQQLLGIWGCSGKLICTTNVPWNSSW-----S---------NKSMNEIW-D--NMTWLQWDKEISNYTQIIYNLIEESQNQQE-KNEQDLLALDKWASLWNWFDISRWLWYIKIFIMIVGGLIGLRIVFA-VLSVINRV--RQGYSP-LSFQIRTPN--PKE---PDRLGRIDGEGGEQDRDRSIRLVSGFLALAWDDLRSLCLFSYHRLRDFISIAARTVELLGHSSLKGLR--LGWEGLKYL-WNLLLYWGREL-KTSAVNLVDTIAIAVAGWADRVMEVGQRIFRA---ILNIPRRIRQGLERGLL,A
R2184_C4,0.007,MRVKETQMNW-PNL-W--------KW-------GT---LILG----LVI---IC--SA-S--D--N--------------L--WVTVYYGVPVW-RDADTT----LFCASDAKAHETEAHNVWATHACVPTDPSPQEIHL-E----NVTENFNMWKNNMVEQMQEDVISLWDQSLKP-CVKLTPLCVTLNCTNAKLTKVSNTTD----------------D------------------VPSIV-----GNVTD--EIKNCSF-NMT-TELRD----KKQS--VHAL-FYKLDIVPMKDP----------------DSS------------------------NSTKYRLINCNTSVIKQACPKISFDPIPIHYCTPAG-YAILKC--NEKNFTGTGPCKNVSSVQCTHGI-KPVVSTQLLLNGS--LAEDE-IIIRSENLTDNTK-TIIVHLNKSVE--INCTRPSNNTRTSMT---IGPGQ--VFYRTGD----IVGNIRKAYCVI-NGTIWNKVLKQVA-DKLK--EHF----------NK-TTVF--Q--PPSGGDLEITMHHFNCRGEFFYCNTTKLFNNTCINDTR--------NNETEE-------E--------------CKNNII-LPCKIKQIINMWQRVGQAMYAPPIRGSINCVSN--------------------ITGILLTRDGG---------T-NTSK------------------------NNETFRPGGGNIKDNWRSELYKYKVVQIEP---LGIAPTRARRRVV-------EREKRAV-G------IGAMIFGFLGAAGSTMGAASITLTVQ-ARQLLSGIVQ---QQSNLLRAIEAQQHL-LQLTVWGIKQLQARVLAVERYLKDQKFLGLWGCSGKIICTTAVPWNSTW-----S---------NKSYEEIW-N--NMTWIEWEREISNYTNQIYEILTKSQDQQD-RNEKDLLELDKWASLWNWFDITNWLWYIKIFIMIVGGLIGLRIIFA-VLSIVNRV--RQGYSP-LSFQTPTHH--QRE---PDRPERIEEGGGEQGRDRSVRLVSGFLALAWDDLRSLCLFSYHRLRDFILIAARTVELLGHSSLKGLR--RGWEGLKYL-GNLLFYWGREL-KISAISLLDTTAIAVAGWTDRVIEAAQRAWRA---ILHIPRRIRQGLERALL,AE
Q842_D12,0.007,MRAMGIQMNC-QNL-W--------RW-------GT---MILG----MII---FC--SA-V--D--N--------------L--WVTVYYGVPVW-KEAETT----LFCASDAKAYETEKHNVWATHACVPTDPNPQEIHL-E----NVTEEFNMWKNNMVEQMHTDIISLWDQSLKP-CVKLTPLCVTLDCNNVTNNG---------------------------------------------T-----SDMRE--EIKNCSF-NMT-TELRD----KRQK--VYSL-FYKLDIVQINEDQ---------------GNS------------------------SNNKYRLITCNTSAITQACPKVTFEPIPIHYCAPAG-FAILKC--KDEEFNGIGPCKNVSTVQCTHGI-KPVVSTQLLLNGS--LAEKE-VKIRCENITNNAK-TIIVQLVNPVK--INCTRPNNNTRKSIH---IGPGQ--AFYATGD----IIGDIRQAHCNV-NRTEWNNTLHQVV-EQLR--KHF----------NK-TINF--A--NSTGGDLEITTHSFNCGGEFFYCNTTNLFNSTWNHTA----------SMNST-------E--------------SNDTII-LPCRIKQIINMWQRVGQAMYAPPIRGVIRCESN--------------------ITGLILTRDGG-----------NTNS------------------------TRETFRPGGGDMRDNWRSELYKYKVVKIEP---LGVAPTKAKRRVV-------EREKRAV-G------IGAVFIGFLGAAGSTMGAASITLTVQ-ARQLLSGIVQ---QQSNLLRAIEAQQHL-LKLTVWGIKQLQARVLAVERYLKDQQLLGIWGCSGKLICTTSVPWNSSW-----S---------NKSQNEIW-D--NMTWLQWDKEISNYTQIIYDLLEESQNQQE-KNEQDLLALDKWANLWNWFDISNWLWYIKIFIMIVGGLIGLRIVFA-VLSVINRV--RQGYSP-LSFQTHTPN--PRG---LDRPERIEEEGGEQDKNRSIRLVSGFLALAWDDLRSLCLFSYHRLRDFILIVARTVELLGHSSLKGLR--LGWEGLKYL-GNLLSYWGREL-RISATNLLDTIAIVIAGWTDRVIEIGQRLCRA---FLNIPRRIRQGFERALL,A
3365_V2_C20,0.009,MRVRGIQRNW-QHL-L--------RW-------GT---MILG----III---IC--SA-A--E--N--------------M--WVTVYYGVPVW-RDAETT----LFCASDAKGYETEKHNVWATHACVPTDPNPQEIHL-E----NVTEEFNMWKNNMVDQMHTDIISLWDQSLKP-CVKLTPLCVTLQCSDVTSNGTN------------------------------------------SN-----VTNRE--EMKNCSF-NVT-TEIRD----KKQK--VYSL-FYRLDIVQISN------------------SS------------------------NSSEYILINCNTSTLTQACPKISFEPIPIHYCAPAG-FAILKC--KDEEFDGTGPCKNVSTVQCTHGI-KPVVSTQLLLNGS--LAEKG-VKVRSENITNNAK-NIIIQLSKPVE--INCIRPNNNTRKSIR---IGPGQ--SFYATGD----IIEDIREAHCNV-SQTEWNNTLHQVA-EQLQ--KYFN---------NK-TIIF--N--GSSGGDLEITTHSFNCGGEFFYCNTSGLFNSSWNINGN--------RESNKT-------Q--------------SNGTIT-LPCRIKQIINMWQRAGQAIYAPPIQGAIKCVSN--------------------ITGLILTRDGG---------N-NNNS------------------------SNETFRPGGGDMRDNWRSELYKYKVVKIEP---LGVAPTRAKRRVV-------EREKRAV-G------IGAVFLGFLGAAGSTMGAASITLTVQ-ARQLLSGIVQ---QQSNLLRAIEAQQQL-LKLTVWGIKQLQARVLAVERYLRDQQLLGIWGCSGKLICTTNVPWNSSW-----S---------NKSYSEIW-D--NMTWLQWDKEVSNYTQIIYQLIEESQNQQE-KNEQDLLALDKWASLWNWFNISNWLWYIKIFIMIIGGLIGLRIVFI-VISVINRV--RQGYSP-LSFQIHTPA--PVD---LDRPGRIEEEGGEQGRGRSIRLVSGFLALAWDDLRNLCLFSYHRLRDLILIAARTVELLGHSSLKGLR--LGWEGLKYL-WNLLLYWGREL-KNSAINLFDTIAIAVAGWTDRIIEIGQRIGRA---ILNIPTRIRQGFERALL,A
Q23_17,0.014,MRVMGIQRNC-QHL-L--------TW-------GI---MILG----TII---FC--SA-V--E--N--------------L--WVTVYYGVPVW-RDADTT----LFCASDAKAYETEKHNVWATHACVPTDPNPQEIHL-D----NVTEKFNMWKNNMVEQMHTDIISLWDQSLKP-CVKLTPLCVTLHCTNVTSVN---------------------------------------------T-----TGDRE--GLKNCSF-NMT-TELRD----KRQK--VYSL-FYRLDIVPINE-------------------N------------------------QGSEYRLINCNTSAITQACPKVSFEPIPIHYCTPAG-FAILKC--KDEGFNGTGLCKNVSTVQCTHGI-KPVVSTQLLLNGS--LAEKN-ITIRSENITNNAK-IIIVQLVQPVT--IKCIRPNNNTRKSIR---IGPGQ--AFYATGD----IIGDIRQAHCNV-TRSRWNKTLQEVA-EKLR--TYFG---------NK-TIIF--A--NSSGGDLEITTHSFNCGGEFFYCNTSGLFNSTWYVNSTW------NDTDSTQ-------E--------------SNDTIT-LPCRIKQIINMWQRAGQAMYAPPIPGVIKCESN--------------------ITGLLLTRDGG-----------KDNN------------------------VNETFRPGGGDMRDNWRSELYKYKVVEIEP---LGVAPTRAKRRVV-------EREKRAV-G------IGAVFLGFLGAAGSTMGAASITLTVQ-ARQLLSGIVQ---QQNNLLRAIEAQQHL-LKLTVWGIKQLQARVLAVERYLRDQQLLGIWGCSGKLICTTNVPWNSSW-----S---------NKSLDEIW-N--NMTWLQWDKEINNYTQLIYRLIEESQNQQE-KNEKELLELDKWANLWSWFDISNWLWYIKIFIIIVGGLIGLRIVFA-VLSVINRV--RQGYSP-LSFQTHTPN--PRG---LDRPERIEEEDGEQGRGRSIRLVSGFLALAWDDLRSLCLFSYHRLRDFILIAARTVELLGHSSLKGLR--LGWEGIKYL-WNLLSYWGREL-KISAINLVDTIAIAVAGWTDRVIEIAQRIGRA---ILHIPVRIRQGLERALL,A
QH209_14M_A2,0.014,MRVMETQRNY-QHL-LSW---------------GI---MILG----MLI---IC--SA-T--N-----------------L--WVTVYYGVPVW-KDAETT----LFCASDAKAYDKEVHNVWATHACVPTDPNPQEVHL-E----NVTEEFNMWKNYMVEQMHTDIISLWDQSLQP-CVKLTPLCVTLNCSHNINHNETTFS------------------------------------NDTNL-----PNITE--EMRNCSF-NMT-TEVRD----RQKQ--VYSL-FYRLDIVQINEDQ---------------------------------------KEGSKGRYRLINCNTSAITQACPKVSFEPIPIHFCAPAG-FAILKC--KDKEFNGTGPCKNVSTVQCTHGI-RPVVSTQLLLNGS--LAEGK-VMIRSENFTNNAK-NIIVQFNESVE--IECLRPNNNTRES---IHLGPGR--AFYARGG----IIGDIRQAHCIV-NKTNWNKALKEVA-KQLR--TIF----------NK-TIKF--T--NSSGGDIEITTHSFNCRGEFFYCNTTGLFNLTWNGTDST------NRN--------------------------ESGNIT-LPCRIKQIINMWQRVGRAIYAPPIPGVVKCKSN--------------------ITGLILTRDGG-----------DDEN------------------------NTETFRPGGGNMRDNWRSELYKYKVVKIEP---LGVAPTKARRRTV-------EREKRAV-G------IGAVFLGFLGAAGSTMGAASITLTVQ-ARQLLAGIVQ---QQSNLLRAIEAQQQM-LRLTVWGIKQLQARVLAVERYLKDQQLLGLWGCSGRIICTTNVPWNSSW-----S---------NKSYDEIW-D--SMTWLQWDREISNYSDIIYNLIEESQIQQE-KNEQDLLALDNWASLWNWFNITKWLWYIKIFIMIVGGLIGLRIVFT-VISMINRV--RQGYSP-LSFQTHNPN--PGG---PDRPGRIEEEGGEQDRDRSIRLVNGFLALAWDDLRNLCLFSYHRLRDFILIAARTVELVGH--SSLKGLRLGWEGLKYL-WNLLVYWGREL-KISAISLFDTLAIVVAGWTDRIIELGQRFCRA---ILNVPTRIRQGAERALL,A
JRFL,0.014,MRVKGIRKNY-QHL-W--------RG-------GT---LLLG----IIV---IC--SA-V--E--K--------------L--WVTVYYGVPVW-KEATTT----LFCASDAKAYDTEVHNVWATHACVPTDPNPQEVVL-G----NVTEKFNMWKNNMVEQMQEDIISLWDQSLKP-CVKLTPLCVTLNCKDVNATNTTN---------------------------------------GSEG-----TMERG--EIKNCSF-NIT-TSIRD----EVQK--EYAL-FYKLDVVPIDN--------------------------------------------NNTSYRLISCDTSVITQACPKISFEPIPIHYCAPAG-FAILKC--NDKTFNGKGPCKNVSTVQCTHGI-RPVVSTQLLLNGS--LAEEE-VVIRSDNFTNNAK-TIIVQLKESVE--INCTRPNNNTRKSIH---IGPGR--AFYTTGE----IIGDIRQAHCNI-SRAKWNDTLKQIV-IKLR--EQFE---------NK-TIVF--N--HSSGGDPEIVMHSFNCGGEFFYCNSTQLFNSTWNNNT----------EGSNN-------T--------------EGNTIT-LPCRIKQIINMWQEVGKAMYAPPIRGQIRCSSN--------------------ITGLLLTRDGG-----------INEN------------------------GTEIFRPGGGDMKDNWRSELYKYKVVKIEP---LGVAPTKAKRRVV-------QREKRAV-G------IGAVFLGFLGAAGSTMGAASMTLTVQ-ARLLLSGIVQ---QQNNLLRAIEAQQRM-LQLTVWGIKQLQARVLAVERYLGDQQLLGIWGCSGKLICTTAVPWNASW-----S---------NKSLDRIW-N--NMTWMEWEREIDNYTSEIYTLIEESQNQQE-KNEQELLELDKWASLWNWFDITKWLWYIKIFIMIVGGLIGLRIVFT-VLSIVNRV--RQGYSP-LSFQTLLPA--PRG---PDRPEGIEEEGGERDRDRSGRLVNGFLALIWVDLRSLCLFSYHRLRDLLLTVTRIVELLGR---------RGWEVLKYW-WNLLQYWSQEL-KNSAVSLLNATAIAVAEGTDRIIEALQRTYRA---ILHIPTRIRQGLERALL,B
235_47,0.016,MRVMGIQKNY-PLL-W--------RW-------GV---IIFW----IMI---IC--NA----E--R--------------L--WVTVYYGVPVW-KDAVTT----LFCASDAKAYDTEVHNVWATHACVPTDPNPQEKQL-E----NVTEDFNMWKNDMVDQMHADIISLWDQSLKP-CVQLTPLCVTLHCRNTNASSNT------------------------------------------SG-----DMQGE--EMKNCSF-NVT-AELRD----KRKN--EYAL-FYRQDVVQINE-------------------T------------------------DNSTYRLINCNTSTLTQACPKVTFEPIPIHYCAPAG-YAILKC--NEKGYKGIGKCRNVSTVQCTHGI-KPVVSTQLLLNGS--LAEGE-VVIRTENITNNAG-TIIVQLNETVK--INCSRPNNNTRRSVR---IGPGQ--TFYAT-D----IIGDIRQAHCNV-SSTKWNRTLHQVA-TQLK--KHFN---------TT-TITF--A--EPSGGDLEIITHSFNCGGEFFYCNTSRLFNSTWGSNN-----------TWDN-------S--------------TEQNIT-LRCKIKQIINMWQRVGQAMYAPPIRGEIRCESN--------------------ITGLLLTRDGG---------G-NSSS------------------------ANETFRPTGGNMKDNWRSELYKYKVVKIEP---LGVAPTRAKRRVV-------GREKRAA--------LGAVFLGFLGAAGSTMGAASITLTVQ-ARQLLSGIVQ---QQSNLLKAIEAQQHL-LKLTVWGIKQLQARVLALERYLKDQQLLGIWGCSGKLICTTNVPWNSSW-----S---------NKTYEYIW-D--NMTWLQWDKEISNYTELIYGLLEESQNQQE-KNEQDLLALDKWESLWNWFNITNWLWYIKIFIMIIGGLIGLRIVFA-VLNIINRV--RQGYSP-LSFQILTHH--QRE---PDRPERIEEGGGEQDRDRSVRLVSGFLSLAWDDLRSLCLFSYHRLRDFLLIATRIVELLGHNSLKGLR--LGWEALKYL-WNLLLYWGQEL-KNSAINLLNTVAIAVANWTDRVIEIGQRAGRA---IRNVPRRIRQGLERSLL,CRF02_AG
97ZA012,0.018,MRVRGIPRNW-PQW-WMW---------------GI---LGFW----MII---IC--RV-V--G--N--------------M--WVTVYYGVPVW-TDAKTT----LFCASDTKAYDREVHNVWATHACVPTDPNPQEIVL-E----NVTENFNMWKNDMVDQMHEDIISLWDQSLKP-CVKLTPLCVTLHCTNATFKNN-------------------------------------------VT-----NDMNK--EIRNCSF-NTT-TEIRD----KKQQ--GYAL-FYRPDIVLLKENR---------------------------------------NNSNNSEYILINCNASTITQACPKVNFDPIPIHYCAPAG-YAILKC--NNKTFSGKGPCNNVSTVQCTHGI-KPVVSTQLLLNGS--LAEKE-IIIRSENLTDNVK-TIIVHLNKSVE--IVCTRPNNNTRKS---MRIGPGQ--TFYATGD----IIGDIRQAYCNI-SGSKWNETLKRVK-EKLQ--ENYN--------NNK-TIKF--A--PSSGGDLEITTHSFNCRGEFFYCNTTRLFNNNAT----------------------------------------EDETIT-LPCRIKQIINMWQGVGRAMYAPPIAGNITCKSN--------------------ITGLLLVRDGG-----------EDNK------------------------TEEIFRPGGGNMKDNWRSELYKYKVIELKP---LGIAPTGAKRRVV-------EREKRAV-G------IGAVFLGFLGAAGSTMGAASLTLTVQ-ARQLLSSIVQ---QQSNLLRAIEAQQHM-LQLTVWGIKQLQTRVLAIERYLKDQQLLGIWGCSGKLICTTNVPWNSSW-----S---------NKSQTDIW-N--NMTWMEWDREISNYTDTIYRLLEDSQTQQE-KNEKDLLALDSWKNLWSWFDISNWLWYIKIFIMIVGGLIGLRIIFA-VLSIVNRV--RQGYSP-LSFQTLTPN--PRE---LDRLGRIEEEGGEQDRDRSIRLVNGFLALAWDDLRSLCLFIYHQLRDFILLTARAVELLGR--SSLRGLQRGWEALKYL-GNLVQYWGLEL-KKSAISLLDTIAITVAEGTDRIIEVVQRICRA---IRNIPRRIRQGFEAALP,C
KNH1209_18,0.022,MRVMGIQRNC-QNL-LTW---------------GT---MILG----III---FC--SA-T--D--N--------------L--WVTVYYGVPVW-KDAETT----LFCASDAKAYATEKHNVWATHACVPTDPNPQEIHL-E----NVTEEFNMWKNNMVEQMHTDIISLWDQSLKP-CVKLTPLCVTLNCSNANVRYSNA----------------------------------------TVN-----NTIKD--EIKNCSF-NTT-TALRD----KRQK--VYSL-FYRLDIVQIDNSS---------------------------------------SDSSSSEYRLINCNTSAITQACPKVTFEPIPIHYCAPAG-FAILKC--KDEEFNGTGPCKNVSTVQCTHGI-KPVVSTQLLLNGS--LAKRE-VKIRTENITNNAK-NIIVQFVNPVE--INCTRPNNNTRKS---IHIGPGQ--AFYATGD----IIGDIRQAHCNV-SRSSWNKTLQQVA-KQLG--TYFK---------NK-TIVF--N--TSSGGDPEITTHSFNCAGEFFYCDTSGLFNSSWNNNTWK------ESNSTG-----------------------SNDTIT-LLCRIKQIINMWQRTGQAMYAPPIPGLISCKSN--------------------ITGIILTRDGG-----------NGNS------------------------TNETFRPGGGDMRDNWRSELYRYKVVQIEP---LGVAPTRARRRVV-------QREKRAV-G------IGAVFLGFLGAAGSTMGAASITLTVQ-ARQLLSGIVQ---QQSNLLRAIEAQQHL-LKLTVWGIKQLQARVLAVERYLRDQQLLGIWGCSGKLICTTNVPWNSSW-----S---------NKSYNDIW-D--NMTWLQWDKEIHNYTQLIYNLIEESQNQQE-KNEQDLLALDKWANLWNWFNITHWLWYIKIFIMVVGGLIGLRIVFA-VLSIINRV--RQGYSP-LSFQTHLPN--PRD---FDRPERIEEEGGEQGRDRSIRLVSGFLALAWDDLRSLCLFSYHRLRDFILIAARTVELLGQ--SSLKGLRLGWESLKYL-WNLLGYWVREL-KISAVNLVDTIAIAVAGWTDRIIXIGQGIGRA---IRHIPRRIRQGLERALL,A
271_11,0.023,MRVMGIQRNC-PPL-W--------RW-------GT---MIFW----IMT---MC--NA----K--D--------------L--WVTVYYGVPVW-READTT----LFCASDAKAYSTEVHNVWATHACVPTDPDPQEILL-K----NVTEDFNMWKNNMVEQMHADIINLWDQSLKP-CVKLTPLCVTMQCTDMTNISIKLASI----------------A------------------NTSIA-----EETQG--EIKNCSF-NV--TELRN----KRKK--EYAF-FYKQDIVQINN----------------------------------------------NESMLISCNTSTITQACPKVSFEPIPIHFCAPAG-FAILKC--NDKKFNGTGPCENVSTVQCTHGI-KPVVSTQLLLNGS--LAEEE-VVIRSENITNNAK-TIIVQLDKPVN--ITCVRPNNNTIKSVR---IGPGQ--AFYTAGQ----VIGDIRKAYCEV-NRTEWKSALNQVA-SKLR--ENFQ--------NAS-TIKF--N--EHSGGDIEITTHMFNCKGEFFYCNTSSLFNYTFSNST-----------EDNN-------P--------------SNATIT-LQCRIRQVVNMWQRVGLAMYAPPIKGKLRCESN--------------------ITGLLLTRDGG---------N-NNNN------------------------ATETFRPGGGDMRDNWRSELYKYKVVQIEP---LGVAPTYAKRRVV-------ERGKRAVVG------LGAVFLGFLGAAGSTMGAASITLTVQ-ARQLLSGIVQ---QQSNLLRAIEAQQQL-LKLTVWGIKQLQARVLALERYLRDQQLLGLWGCSGKLICTTTVPWNSSW-----S---------NKTYNSIW-D--NMTWMQWDREINNYTEIIYNLIEESQNQQE-QNEKDLLALDKWASLWNWFDITNWLWYIRIFIMIVGGLIGLRIVFA-VLNIINRV--RQGYSP-LSLQTLTHH--QRE---PDRPERIEEGGGEPDRGRSVRLVSGFLALAWDDLRSLCLFSYHRLKDLVLIAARGVELLGPSSLKGLK--LGREALKLL-WNLLLYWGREL-KISAINLFDTVAIVVANWTDSVIDIGQRVGRA---ILNIPTRIRQGAERLLL,AG
Q168,0.027,MKVRGIKR----NL-WKW---------------GT---MLLG----MLM---TY--SV-A--E--Q--------------L--WVTVYYGVPVW-KDAETT----LFCASDAKAYSTEKHNIWATHACVPTDPNPQEIHL-E----SVTEEFNMWKNNMVEQMHTDIISLWDQSLRP-CVKLTPLCVTLNCTNVNNNTTNV----------------------------------------NNN-----TGWDE--ERKNCSF-NVT-TELRD----KRQK--VYSL-FYKLDVVQIDN----------------------------------------------SSYRLINCNTSAITQACPKVTFEPIPIHYCAPAG-FAILKC--KDEKFNGTGPCKNVSTVQCTHGI-KPVVSTQLLLNGS--LAEKE-VMIRSENFTNSAK-NILVQFKEPVK--INCTRPDNNTRTS---IRIGPGQ--AFYATG-----IIGDIRQAYCTV-NGSEWNKALQKVV-EQLR--SSFE---------NK-TIIF--A--NSSGGDLEITTHSFNCGGEFFYCNTSGLFDSTWNDTDSR------Q----------------------------ENGTIT-LPCRIKQIINMWQRTGQAIYAPPIQGAIRCVSN--------------------ITGLILTRDGG-----------NNNS------------------------TNETFRPGGGDMRDNWRSELYKYKVVKIEP---LGVAPTKARRRVV-------GREKRAV-G------IGAVFLGFLGAAGSTMGAASITLTVQ-ARQLLSGIVQ---QQSNLLKAIEAQQHL-LRLTVWGIKQLQARVLAVERYLKDQQLLGIWGCSGKLICTTNVPWNSSW-----S---------NKSQSEIW-E--NMTWLQWEKEISNYTQIIYTLIEESQNQQE-KNEQDLLALDKWASLWNWFDISKWLWHIRIFIMIVGGLIGLRIVFA-VLSVVNRV--RQGYSP-LSFQTLLPA--PRG---PDRPDGIEEEGGEQGRGRSRQLVNGFSTLIWDDLRNLCLFSYHRLRDLILIAARIVELLGR---------RGWEAIKYL-WNLLQYWIQEL-KNSAISLLNTTAIAVAEGTDRAIEIIQRAITA---VLNIPTRIRQGFERALL,A1D
QH0515_1,0.029,MRVKEIRRNC-QRL-R--------RW-------GT---MLLG----MLM---IC--SA-T--E--Q--------------L--WVTVYYGVPVW-KEATTT----LFCASDAKAYVTEKHNVWATHACVPTDPNPQEVVL-E----NVTENFNMWKNNMVEQMHEDIISLWEQSLKP-CVKLTPLCVTLNCTDKLRNDTSGTN------------------------------------SSSWE-----KVQKG--EIKNCSF-NIT-TGIRG----RV-Q--EYSL-FYKLDVIPIDSRNN------------SNNST------------------------EFSSYRLISCNTSVITQACPKISFEPIPIHYCAPAG-FAILKC--NDKKFNGTGPCKNVSTVQCTHGI-KPVVSTQLLLNGS--LAEEE-VVIRSENFTNNVK-SIIVQLNKSVV--INCTRPNNNTRKSIH---IGAGK--ALY-TGE----IIGDIRQAHCNL-SRAQWNNTLKQIV-IKLR--EQFG---------NK-TIVF--N--QSSGGDVEIVMHSFNCGGEFFYCNSTQLFNSTWNGNDTW-------NDTWKD-------T--------------TNDNIT-LPCRIKQIVNMWQKVGKAMYAPPIRGQIRCSSK--------------------ITGLILTRDGG---------T-NGTN------------------------ETETFRPGGGNMKDNWRSELYKYKVVKIEP---LGIAPTKAKRRVV-------QREKRAV-GT-----IGAMFLGFLGAAGSTMGAASLTLTVQ-ARLLLSGIVQ---QQNNLLRAIEAQQHL-LQLTVWGIKQLQARVLAVERYLRDQQLLGIWGCSGRLICTTNVPWNTSW-----S---------NRSLNYIW-D--NMTWMQWDREINNYTDYIYTLLEDAQNQQE-KNEQELLELDKWASLWNWFDITNWLWYIKIFIMIVGGLIGLRIVFA-VLSIVNRV--RQGYSP-LSLQTHLPA--RRG---PDRPEGIGEEGGERDRDRSVRLVHGFLALVWEDLRSLCLFSYHRLRDLLLIVARTVEILGQ---------RGWEALKYW-WNLLLYWSLEL-KNSAVSLVDTIAIAVAEGTDRIIEIARRIFRA---FLHIPTRIRQGLERALL,B
C3347_C11,0.029,MRVRETQMNW-PNL-W--------KL-------GT---LILG----LGI---IC--SA-S--D--K--------------L--WVTVYYGVPVW-RDAKTT----LFCASDAKAHEREVHNVWATHACVPTDPNPQEILM-K----NVTENFNMWTNNMVEQMQEDVISLWDQSLKP-CVKLTPLCVTLNCTKANLTSDTTNRTT--------------GN------------------RIDEV-----GNMTD--EVKNCTF-NMT-TELKD----KKQK--VHAL-FYKLDIVPIKGN-----------------EN------------------------SSGEYRLINCNTSVIKQACPKISFDPIPIHYCTPAG-YAILKC--NDKNFNGTGPCKNVSSVQCTHGI-KPVVSTQLLLNGS--LAEEE-IIIRAENLENNAK-TIIVHLNKSVE--INCTRPSNNTRTSIP---IGPGQ--VFYRTGD----IIGNIRKAYCEI-NGTKWHKVLKQVA-EKLR--EHFI---------NK-TIKF--R--PPLGGDLEITMHHFNCRGEFFYCNTTKLFNSTYREN------------ETRE-------G--------------NDSTII-IPCKIKQIINMWQGTGQAMYAPPISGNINCVSN--------------------ITGILLTRDGG-----------NNSA------------------------DNETFRPGGGNIKDNWRSELYKYKVVEIEP---LGIAPTRAKRRVV-------EREKRAV-G------IGAMIFGFLGAAGSTMGVASITLTVQ-ARQLLSGIVQ---QQSNLLRAIEAQQHM-LQLTVWGIKQLQARVLAVERYLKDQKFLGLWGCSGKIICTTAVPWNTTW-----S---------NKSYDEIW-E--NMTWTEWEREISNYTNQIYEILTKSQDQQD-RNEKDLLELDKWASLWSWFDITQWLWYIKIFIMIVGGLIGLRIIFA-VLSIVNRV--RQGYSP-LSFQTPTHH--QRE---PDRPERIEEEGGEQGRNRSVSLVSGFLALAWDDLRSLCLFSYHRLTDFILIAARTVELLGRSSLKGLR--LGWEGLKYL-GNLLLYWGQEL-KISAISLLDTTAIAAAGWTDRVIEVAQRAWRA---IIHIPRRIRQGLERSLL,CRF01_AE
92UG037,0.035,MRVMGIERNY-PCW-WTW---------------GI---MILG----MII---IC--NT-A--E--N--------------L--WVTVYYGVPIW-KDANTT----LFCASDAKAYDTEVHNVWATHACVPTDPSPQELKM-E----NVTEEFNMWKNNMVEQMHTDIISLWDQSLKP-CVQLTPLCVTLDCSYNITNNITNS-------------------------------------ITNSS-----VNMRE--EIKNCSF-NMT-TELRD----KNRK--VYSL-FYKLDVVQINNG-----------------------------------------NNSSNLYRLINCNTSALTQACPKVTFEPIPIHYCAPAG-YAILKC--NDKEFNGTGLCKNVSTVQCTHGI-RPVVSTQLLLNGS--LAEGK-VMIRSENITNNVK-NIIVQLNESVT--INCTRPNNNTRRS---VRIGPGQ--TFYATGD----IIGDIRQAHCNV-SGSQWNKTLHQVV-EQLR--KYWN---------NN-TIIF--N--SSSGGDLEITTHSFNCAGEFFYCNTSGLFNSTWVNGTTS------SM---------------------------SNGTIT-LPCRIKQIINMWQRVGQAMYAPPIQGVIKCESN--------------------ITGLILTRDGG-----------VNSS------------------------DSETFRPGGGDMRDNWRSELYKYKVVKIEP---LGVAPTKARRRVV-------EREKRAV-T------LGAVFIGFLGTAGSTMGAASITLTVQ-ARKLLSGIVQ---QQSNLLRAIEAQQHL-LKLTVWGIKQLQARVLAVERYLRDQQLLGIWGCSGKLICPTNVPWNSSW-----S---------NKSLDEIW-E--NMTWLQWDKEISNYTIKIYELIEESQIQQE-RNEKDLLELDKWASLWNWFDISKWLWYIKIFIMIVGGLIGLRIVFA-VLSVINRV--RQGYSP-LSFQTHTPN--PRG---LDRPGRIEEEGGEQDRGRSIRLVSGFLALAWDDLRNLCLFSYHRLRDFILIAARTVELLGH--SSLKGLRLGWEGLKYL-GNLLLYWGREL-KISAINLLDTIAIAVAGWTDRVIETVQRLGRA---ILNIPRRIRQGFERALL,A
C4118_9,0.039,MRVKETQMNW-PNL-W--------KW-------GT---LILG----LVI---IC--SA-S--D--N--------------L--WVTVYYGVPVW-RDADTT----LFCASDAKAQETEAHNIWATHACVPTDPNPQEIHL-E----NVTENFNMWKNNMVEQMQEDVISLWDQSLKP-CVKLTPLCVTLNCTTAKVINATIPA-----------------N------------------VSNIM-----GNITD--EVRNCSF-NMT-TELRD----RKQK--AYAL-FYKLDIVQIKDN-----------------KN------------------------SSSEYRLINCNTSVIKQACPKVSFDPIPIHYCTPAG-YALLKC--NDKNFNGTGPCNNVSSVQCTHGI-KPVVSTQLLLNGS--LAEEE-IIISSENLTNNAK-TIIVHLNKSVE--INCTRPSVNTRTSMH---IGPGQ--VLYRTGD----IIGDIRNAYCEI-DGTKWSEALELVT-EKLK--KHF-----------S-EIKF--Q--PPSGGDLEITMHHFNCKGEFFYCNTSQLFNNNH------------------K-------E--------------CNGTIT-LPCRIKQIINMWQGAGQAMYAPPISGKINCVSN--------------------ITGILLTRDGG--------TN-NNTN------------------------SSETFRPGGGNIKDNWRSELYKYKVVQIEP---LGIAPTRAKRRVV-------EREKRAV-G------IGAMIFGFLGAAGSTMGAASLTLTVQ-ARQLLSGIVQ---QQSNLLRAIEAQQHL-LQLTVWGIKQLQARVLAVERYLKDQKLLGLWGCSGKIICTTAVPWNSTW-----S---------NKSYKEIW-D--NMTWTQWEREISNYTNQIYDILTESQNQQD-RNEKDLLELDKWASLWNWFDITNWLWYIRIFIMIVGGLIGLRIIFA-VLSIVNRV--RQGYSP-LSFQIPTHH--QRE---ADRPERIEEGDGEQGRDRSVTLVSGFLALIWDDLRSLCLFSYHRLRDFILIATRTVELLGHSSLKGLR--RGWEGLKHL-GNLLLYWGQEL-KISAISLLNATAIAVAEWTDRVIEVAQRAWRA---FIHIPRRIRQGLERLLL,AE
C2101_C1,0.047,MRVEGTQMNW-LNL-W--------RW-------GT---LIIG----LVI---MC--SA-S--D--N--------------L--WVTVYYGVPVW-RDADTT----LFCASDAKTHVTEVHNVWATHACVPTDPNPQEIHL-G----NVTENFNMWKNKMAEQMQEDVISLWDQSLKP-CVRLTPLCVTLNCTSANLTNVNNIT------------------------------------YAPGI-----EKITD--EVRNCSF-NMT-TEIKD----KKQK--VSAL-FYKLDIVQINS------------------SK------------------------NSSEYRLINCNTSVIKQACPKISFDPIPIHYCTPAG-YAILKC--NDKSFNGTGPCKNVSSVQCTHGI-KPVVSTQFLLNGS--LAEEE-IIIRSENLTNNAK-IIIVHLNKSVE--INCTRPFNNTRTSVH---IGPGQ--VFYRTGD----IIGDIRAVYCEI-NETQWNETLKQVT-RKLE--EHF----------NK-TIIF--Q--PPSGGDLEITMHHFNCRGEFFYCNTSKLFNTTNGT---------------IA-------G--------------SNGTII-LPCRIKQIVNMWQGAGQAMYAPPISGRINCVSN--------------------ITGILLTRDGG------------NNN------------------------TNETFRPAGGNIKDNWRSELYKYKVVQIEP---LGIAPTKAKRRVV-------EREKRAV-G------IGAMIFGFLGAAGSTMGAASITLTVQ-ARQLLSGIVQ---QQSNLLRAIEAQQHL-LQLTVWGIKQLQARVLAVERYLKDQKFLGLWGCSGKIICTTAVPWNSTW-----S---------NKSYEEIW-N--NMTWIEWEREISNYTSQIYEILTESQNQQE-RNEKDLLELDKWASLWNWFDISRWLWYIKIFIIIVGGLIGLRIIFA-VLSIVNRV--RQGYSP-LSFQIPSHH--QKE---ADRPEGIEEGDGEQGRDRSVRLVSGFLALAWDDLRSLCLFSYRRLRDLILIATRTVELLGHSSLKGLR--QGWEGLKYL-GNLLIYWGQEL-KTSAISLFDAIAIVVAGWTDRVIEVAQGAWRA---ILHIPRRIRQGLERALL,AE
JRCSF,0.051,MRVKGIRKNY-QHL-W--------KG-------GI---LLLG----TLM---IC--SA-V--E--K--------------L--WVTVYYGVPVW-KETTTT----LFCASDAKAYDTEVHNVWATHACVPTDPNPQEVVL-E----NVTEDFNMWKNNMVEQMQEDVINLWDQSLKP-CVKLTPLCVTLNCKDVNATNTTS---------------------------------------SSEG-----MMERG--EIKNCSF-NIT-KSIRN----KVQK--EYAL-FYKLDVVPIDN-------------------K------------------------NNTKYRLISCNTSVITQACPKVSFEPIPIHYCAPAG-FAILKC--NNKTFNGKGQCKNVSTVQCTHGI-RPVVSTQLLLNGS--LAEEK-VVIRSDNFTDNAK-TIIVQLNESVK--INCTRPSNNTRKSIH---IGPGR--AFYTTGE----IIGDIRQAHCNI-SRAQWNNTLKQIV-EKLR--EQFN---------NK-TIVF--T--HSSGGDPEIVMHSFNCGGEFFYCNSTQLFNSTWNDTE----------KSSGT-------E--------------GNDTII-LPCRIKQIINMWQEVGKAMYAPPIKGQIRCSSN--------------------ITGLLLTRDGG-----------KNES------------------------EIEIFRPGGGDMRDNWRSELYKYKVVKIEP---LGVAPTKAKRRVV-------QREKRAV-G------IGALFLGFLGAAGSTMGAASMTLTVQ-ARQLLSGIVQ---QQNNLLRAIEAQQHM-LQLTVWGIKQLQARVLAVERYLKDQQLMGIWGCSGKLICTTAVPWNTSW-----S---------NKSLDSIW-N--NMTWMEWEKEIENYTNTIYTLIEESQIQQE-KNEQELLELDKWASLWNWFDITKWLWYIKIFIMIVGGLIGLRIVFS-VLSIVNRV--RQGYSP-LSFQTLLPA--TRG---PDRPEGIEEEGGERDRDRSGQLVNGFLALIWVDLRSLFLFSYHRLRDLLLTVTRIVELLGR---------RGWEILKYW-WNLLQYWSQEL-KNSAVSLLNATAIAVAEGTDRIIEVVQRVYRA---ILHIPTRIRQGLERALL,B
T255_34,0.052,MRVMGTQRNY-PFL-W--------RW-------GI---IIFW----MII---IC--NA-N--K--S--------------L--WVTVYYGVPVW-RDAETT----LFCASDAKAYETEAHNVWATHACVPTDPSPQEIHL-E----NVTEKFNMWKNNMVEQMHIDIISLWDQSLKP-CVKLTPLCVTLNCVNSNFTNNSSNS------------------------------------SNNSN-----IDMQE--EIKNCSF-NMT-TELRD----KRRQ--IHSL-FYKLDVVQINE-------------------N------------------------NSQQYRPINCNTSAITQACPKMSFEPIPIHYCAPAG-FAILKC--NNKEFNGTGPCNNVSTVQCTHGI-KPVVSTQLLLNGS--LAEEK-VIIRSENITNNAK-TIIVQLAESVS--ITCTRPANNTIRGER---IGPGQ--TFYTRDT----IIGDIRQAHCNV-SK-DWNNTLQQVA-TQLG--KYFN---------NK-TIIF--A--NHSGGDIEITTHSFNCGGEFFYCNTSKLFDSIWNRTNGSN----YTRLGDDT-------E--------------TNDPIT-LQCRIKQIVRMWQTVGQAMYAPPIRGEIKCESN--------------------ITGLLLTRDGG-----------NNNS------------------------MNETFRPGGGDMRDNWRSELYKYKVVQIEP---LGVAPTFAKRRVV-------ERGKRAV-G------LGAVFLGFLGAAGSTMGAASITLTVQ-ARQLLSGIVQ---QQSNLLRAIEAQQHL-LKLTVWGIKQLQARVLALERYLRDQQLLGIWGCSGKLICTTAVQWNSSW-----S---------NKTYEDIW-N--NMTWMQWDREISNYTEIIYNLIEESQNQQE-KNEQDLLALDKWESLWNWFNITSWLWYIKIFIMIIGGLIGLRIVFA-VLNIINRV--RQGYSP-LSFQTLTHH--QRE---PGRPERIEEEGGEQDRDRSVRLVSGFLSLAWDDLRSLCLFSYHRLRDFVLIVVRGVELLGHSSLKGLR--LSWEALKHL-GNLLLYWGQEL-KNSAINLFDTIAIAVANWTDRVIEVGQRAGRA---ILNIPRRIRQGFERLLL,CRF02_AG
0439_V5_C1,0.057,MRVMGIQRNC-QHL-LRW---------------GT---LILG----LII---IC--ST-A--D--K--------------L--WVTVYYGVPVW-KDAETT----LFCASDAKAYDKEKHNVWATHACVPTDPNPQEIHL-E----NVTEEFNMWKNNMVEQMHTDIISLWDQSLKP-CVKLTPLCVTLNCSHNITRLNTSSPNITGN--------------------------DTNSSPNITE-----NDTEN--ERKNCSF-NIT-TELRD----KSKQ--VYSL-FYRLDIVPIDGSD--------------------------------------NSSDNSNNYRLINCNTSAITQACPKVSFEPIPIHYCAPAG-FAILKC--KDGNFSGKGPCKNVSTVQCTHGI-KPVVSTQLLLNGS--LAEEK-VKIRSENISDNTK-NIIVQLVQPVK--INCTRPDNNTRKS---IHIGPGQ--AFFATGA----IIGKIRQAHCNV-SKTEWNKALKQVV-EQLR--RDFG---------NK-TIIF--K--NSSGGDLEITTHSFNCGGEFFYCNTSGLFNSTWLSNSTN------STDNTG-----------------------TNDTIT-LQCRIKQIINMWQRVGQAMYAPPIPGVIRCESN--------------------ITGLMLTRDGG-----------NNAT-------------------------NETFRPGGGDMRDNWRSELYKYKVVKIEP---LGVAPTKAKRRVV-------EREKRAV-G------IGAVFLGFLGAAGSTMGAASITLTVQ-ARQLLSGIVQ---QQGNLLRAIEAQQHL-LKLTVWGIKQLQARVLAVERYLRDQQLLGIWGCSGKLICTTTVPWNSSW-----S---------NKSYDDIW-E--NMTWQQWEREISNYTDIIYRLIEDSQNQQE-MNEKDLLALDKWASLWNWFDITKWLWYIKILIMIVGGLIGLRIVFA-VLAIINRV--RQGYSP-LSFQTHTPS--PRD---LDRPGRIEEEDGEQDRTRSIRLVSGFLALAWDDLRSLSLFSYHRLRDFILIATRTVELLGH--SSLKGLRLGWEGLKYL-WNLLLYWGREL-KNSAINLVDTIAIVVAGWTDRVVEIGQRFGRA---ILYIPRRIRQGLEGALL,A
3415_V1_C1,0.059,MRVMGIQRNC-QHL-L--------RW-------GI---MILG----III---IS--ST-A--E--N--------------L--WVTVYYGVPVW-KDAETT----LFCASDAKAHDTEKHNVWATHACVPTDPNPQEIHL-E----NVTENFNMWKNNMVDQMHTDIISLWDQSLKP-CVQLTPLCVTLNCNHNVTTNNNT----------------------------------------NIT-----SEMRE--EIRNCSF-NVT-TVQRD----KKQK--VYSL-FYRLDIVQMNEGNN-------------SSNN------------------------SANEYRLINCNTSAITQACPKVSFQPIPIHYCAPAG-FAILKC--RDKEFNGTGVCKNVSTVQCTHGI-KPVVSTQLLLNGS--LAEEK-VMIRTENITDNAK-TIIVQLNKTVT--INCTRPGNNTRKSIH---IGPGQ--AFYATGD----IIGGIRQAHCNV-SRKDWNDTLQRVV-EQLG--NHF----------NK-TIIF--D--KPSGGDIEITTHSFNCGGEFFYCNTSGLFNSTWKFNGTW-------NSTDLE-------S--------------NNTVIT-LPCRIKQIINMWQRVGQAMYAPPIKGVIRCESS--------------------ITGLLLTRDGG------------ENN------------------------STEIFRPGGGDMRDNWRSELYKYKVVKIEP---LGVAPSKAKRRVV-------EREKRAI-G------MGAVFLGFLGAAGSTMGAASLTLTVQ-ARQLLSGIVQ---QQSNLLRAIEAQQQL-LRLTVWGIKQLQARVLAVERYLKDQQLLGIWGCSGKLICTTSVPWNSSW-----S---------NKSYDEIW-G--NMTWLQWDKEVSNYTQIIYSLIEESQNQQE-KNEQELLALDKWTTLWSWFDISNWLWYIRIFIIIVGGLIGLRIVFA-VLSVINRV--RQGYSP-LSFQTLIPQ--TGD---LDRPGRIEEEGGEQGRDRSIRLVSGFLALAWDDLRSLCLFSYHRLRDFILIVARTVELLGQGSLKGLR--LVWEGLKYL-WSLLLYWSQEL-KFSAINLLDTIAITVAGWTDRAIEIGIRIGRA---IIHIPRRIRQGAERALQ,A
KER2008_12,0.061,MRVMGTQRNW-QPL-LRW---------------GT---MILG----MLM---IC--SA-A--D--N--------------L--WVTVYYGVPVW-KDAETT----LFCASDAKAYETEKHNVWATHACVPTDPSPQEIPL-K----NVTEKFNMWKNNMVEQMHTDIISLWDQSLKP-CVQLTPLCVTLNCSDVTTNNTKVNTTS--------------------------------APTTTAT-----VNNDN--DMKNCSY-NIT-TELRD----KKQK--RYSL-FYRLDVELINKN-----------------------------------------NSNSTEYVLINCKTSTLTQACPKVSFEPIPKHYCAPAG-FAILKC--KDKEFNGTGLCKNVSTVQCTHGI-KPVVSTQLLLNGS--LVEKR-VMIRSANITDNTK-NIIVQLKEPVE--INCTRPNNNTRKG---VHIGLGR--RFYTTQ-----VVGDIRQAYCNV-SKSKWNDTLKKVV-YQLR--KYF----------NK-TIIF--N--SSSGGDVEITTHMFTCGGEFFYCNTSGLFNSTWPVNASE------QESNSTE----------------------SDGIIT-LRCRIKQIINMWQRTGQAMYAPPIQGIIKCVSN--------------------ITGLLLTRDGG-----------NSTV-------------------------NETFRPGGGDMRDNWRSELYKYKVVKIEP---LGVAPTKARRRVV-------GREKRAV-G------IGAVFLGFLGAAGSTMGAASITLTVQ-ARQLLSGIVQ---QQNNLLRAIEAQQQL-LKLTVWGIKQLQARVLAVERYLRDQQLLGIWGCSEKLICTTNAPWNSSW-----S---------NKSQSEIW-D--NMTWLQWDREINNYTDIIYRLLEDSQNQQE-KNEQDLLALDKWSSLWTWFDLSNWLWYIKIFIMIVGGLIGLRIVFA-VLAVINRV--RQGYSP-LSFQTLTPN--PGE---LDRPGRIEGEGGEQDRGRSIRLVSGFLALAWDDLRSLCLFSYHHLRDFILIAARIVGLLGR---------RGWEGLKYL-WNLLIYWGQEL-KTSAVSLLDTIAIVVAGWTDRVLEIGQRIGRA---FINIPRRIRQGFERALL,A
89_6,0.063,MRVKEIRKNW-QHL----------RG-------GI---LLLG----MLM---IC--SA-A-KE--K--------------T--WVTIYYGVPVW-REATTT----LFCASDAKAYDTEVHNVWATHACVPTDPNPQEVVL-G----NVTENFNMWKNNMVDQMHEDIISLWDESLKP-CVKLTPLCVTLNCTNLNITKNTTNP-----------------T------------------SSSWG-----MMEKG--EIKNCSF-YIT-TSIRN----KVKK--EYAL-FNRLDVVPIEN-------------------T------------------------NNTKYRLISCNTSVITQACPKVSFQPIPIHYCVPAG-FAMLKC--NNKTFNGSGPCTNVSTVQCTHGI-RPVVSTQLLLNGS--LAEED-IVIRSENFTDNAK-TIIVQLNESVV--INCTRPNNNTRRRLS---IGPGR--AFYARRN----IIGDIRQAHCNI-SRAKWNNTLQQIV-IKLR--EKFR---------NK-TIAF--N--QSSGGDPEIVMHSFNCGGEFFYCNTAQLFNSTWNVTG----------GTNGT-------E--------------GNDIIT-LQCRIKQIINMWQKVGKAMYAPPITGQIRCSSN--------------------ITGLLLTRDGG---------N-STET------------------------ETEIFRPGGGDMRDNWRSELYKYKVVRIEP---IGVAPTRAKRRTV-------QREKRAV-G------IGAVFLGFLGAAGSTMGAASVTLTVQ-ARLLLSGIVQ---QQNNLLRAIEAQQHM-LQLTVWGIKQLQARVLALERYLRDQQLMGIWGCSGKLICTTSVPWNVSW-----S---------NKSVDDIW-N--NMTWMEWEREIDNYTDYIYDLLEKSQTQQE-KNEKELLELDKWASLWNWFDITNWLWYIRLFIMIVGGLIGLRIVFA-VLSIVNRV--RQGYSP-LSFQTLLPA--SRG---PDRPEGTEEEGGERDRDRSGPLVNGFLALFWVDLRNLCLFLYHLLRNLLLIVTRIVELLGR---------RGWEALKYW-WNLLQYWSQEL-KNSAVSLLNATAIAVAEGTDRVIKIVQRACRA---IRNIPTRIRQGLERALL,B
ZM109_4,0.069,MRVKGILRNC-QQW-W--------IW-------GI---LGFW----MLM---IC--NV-V--G--N--------------L--WVTVYYGVPVW-KEAKTT----LFCASDAKSYEREVHNVWATHACVPTDPDPQELVM-A----NVTENFNMWKNDMVDQMHEDIISLWDQSLKP-CVKLTPLCVTLNCTSPAAH----------------------------------------------------NESET--RVKHCSF-NIT-TDVKD----RKQK--VNAT-FYDLDIVPLSSSD---------------NSS------------------------NSSLYRLISCNTSTITQACPKVSFDPIPIHYCAPAG-YAILKC--NNKTFSGKGPCSNVSTVQCTHGI-RPVVSTQLLLNGS--LAEEE-IVIRSENLTDNAK-TIIVHLNKSVE--IECIRPGNNTRKSIR---LGPGQ--TFYATGD----VIGDIRKAYCKI-NGSEWNETLTKVS-EKLK--EYF----------NK-TIRF--A--QHSGGDLEVTTHSFNCRGEFFYCNTSELFNSN---------------------------A--------------TESNIT-LPCRIKQIINMWQGVGRAMYAPPIRGEIKCTSN--------------------ITGLLLTRDGG---------N-NNNS------------------------TEEIFRPEGGNMRDNWRSELYKYKVVEIKP---LGIAPTEAKRRVV-------QREKRAV-G------IGAVFLGFLGAAGSTMGAASITLTVQ-ARQLLSGIVQ---QQSNLLRAIEAQQHL-LQLTVWGIKQLQARVLAIERYLQDQQLLGIWGCSGKLICTTAVPWNSSW-----S---------NKSKEEIW-G--NMTWMQWDKEVSNYTFTIYQLLEESQYQQE-QNEKELLALNKWNDLWSWFNITNWLWYIKIFIMIVGGLIGLRIIFA-VLSIVNRV--RQGYSP-LSFQTLTPN--PGG---PDRLGRIEGEGGEQDKNRSIRLVNGFLALIWDDLWSLCRFSYHLLRDFILIVARAVELLGRSSLKGLQ--RGWEALKYL-GNLMQYWGLEL-KRSAINLLDTTAVAVAEGTDRIIELAQGIYRA---ICNIPRRIRQGFEAALQ,C
YU2,0.070,MRATEIRKNY-QHL-W--------KG-------GT---LLLG----MLM---IC--SA-A--E--Q--------------L--WVTVYYGVPVW-KEATTT----LFCASDAKAYDTEVHNVWATHACVPTDPNPQEVKL-E----NVTENFNMWKNNMVEQMHEDIISLWDQSLKP-CVKLTPLCVTLNCTDLRNATNTTS--------------------------------------SSWE-----TMEKG--EIKNCSF-NIT-TSIRD----KVQK--EYAL-FYNLDVVPIDN----------------------------------------------ASYRLISCNTSVITQACPKVSFEPIPIHYCAPAG-FAILKC--NDKKFNGTGPCTNVSTVQCTHGI-RPVVSTQLLLNGS--LAEEE-IVIRSENFTNNAK-TIIVQLNESVV--INCTRPNNNTRKSIN---IGPGR--ALYTTGE----IIGDIRQAHCNL-SKTQWENTLEQIA-IKLK--EQFG--------NNK-TIIF--N--PSSGGDPEIVTHSFNCGGEFFYCNSTQLFTWNDTR--------------KLN-------N--------------TGRNIT-LPCRIKQIINMWQEVGKAMYAPPIRGQIRCSSN--------------------ITGLLLTRDGG-----------KDTN------------------------GTEIFRPGGGDMRDNWRSELYKYKVVKIEP---LGVAPTKAKRRVV-------QREKRAV-G------LGALFLGFLGAAGSTMGAASITLTVQ-ARQLLSGIVQ---QQNNLLRAIEAQQHL-LQLTVWGIKQLQARVLAVERYLRDQQLLGIWGCSGKLICTTTVPWNTSW-----S---------NKSLNEIW-D--NMTWMKWEREIDNYTHIIYSLIEQSQNQQE-KNEQELLALDKWASLWNWFDITKWLWYIKIFIMIVGGLIGLRIVFV-VLSIVNRV--RQGYSP-LSFQTHLPA--QRG---PDRPDGIEEEGGERDRDRSGPLVDGFLAIIWVDLRSLCLFSYHRLRDLLLIVTRIVELLGR---------RGWGVLKYW-WNLLQYWIQEL-KNSAVSLLNATAIAVAEGTDRVIEILQRAFRA---VLHIPVRIRQGLERALL,B
MS208_A1,0.070,MRVMGIQRNY-PCW-L--------RW-------GI---IILG----MII---IC--NT-T--D--N--------------L--WVTVYYGVPVW-KDAETT----LFCASDAKAYETEKHNVWATHACVPTDPNPQEMDL-E----NVIEEFNMWKNNMVEQMHTDIISLWDQSLKP-CVKLTPLCVTLDCINHRIINNT-----------------------------------------NGT-----IDMGD--EIKNCSF-NMT-TELRD----KKQK--VYSL-FYKLDVVPLDEA----------------NGN------------------------NNNSYRLVNCNTSAITQACPKVTFEPIPIHYCAPAG-FAILKC--KDKEFSGTGPCENVSTVQCTHGI-KPVVSTQLLLNGS--LAEEH-VMIRSENITNNAK-NILVQLNESVE--IYCIRPSNNTRKSVR---IGPGQ--TFYATGE----IMGDIRQAHCNV-SGSEWNKTLQQVA-DQLR--KHFN---------TT-TIIF--A--NPSGGDLEITTHSFNCGGEFFYCNTSGLFNSTWPS--------------STQ-------E--------------SSDPIT-LQCRIKQIINMWQRVGQAMYVPPIQGEIRCNSS--------------------ITGIILTRDGG------------PNT------------------------TNETFRPGGGDMRDNWRSELYKYKVVKIEP---LGVAPTKARRRVV-------EREKRAV-T------MGAVFLGFLGAAGSTMGAASLTLTVQ-ARLLLSGIVQ---QQSNLLRAIEAQQHL-LKLTVWGIKQLQARVLAVERYLRDQQLLGIWGCSGKLICTTNVPWNSSW-----S---------NKSYSEIW-D--NMTWLQWDKEVSNYTDIIYKLLEDSQNQQE-KNEQDLLALDKWANLWNWFGISNWLWYIKIFIMIVGGLIGLRIVFA-VLSLVNRV--RQGYSP-LSFQTLTPV--PRG---PDRPEGTEEGGGEQDRNRSIRLVSGFLALAWDDLRSLCLFSYHRLRDLILIATRIVELLGH---------RGREAIKYL-WNLLLYWGREL-KISAINLINTIAIVVAGWTDRVIEIGQGIGRA---ILHIPRRIRQGLERSLL,A
TRO_11,0.077,MRAKGIRKNC-QHL-W--------IW-------GT---MLLG----MLM---IY--SA-AEQG--Q--------------L--WVTVYYGVPVW-KDASTT----LFCASDAKAYDTEVHNVWATHACVPTDPNPQEVVL-G----NVTENFNMWKNNMVDQMHEDIISLWDQSLKP-CVKLTPLCVTLNCTDNITNTNTNSSKN--------------SS------------------THSYN-----NSLEG--EMKNCSF-NIT-AGIRD----KVKK--EYAL-FYKLDVVPIEED----------------KDT------------------------NKTTYRLRSCNTSVITQACPKVTFEPIPIHYCAPAG-FAILKC--NDKKFNGTGPCTNVSTVQCTHGI-RPVVSTQLLLNGS--LAEEE-VVIRSENFTNNAK-TIIVQLNESIA--INCTRPNNNTRRSIH---IGPGR--AFYATGD----IIGDIRQAHCNI-SRTEWNSTLRQIV-TKLR--EQLGD-------PNK-TIIF--N--QSSGGDTEITMHSFNCGGEFFYCNTTKLFNSTWNGNN----------TTESD-------S--------------TGENIT-LPCRIKQIINLWQEVGKAMYAPPIKGQISCSSN--------------------ITGLLLTRDGG---------N-NNSS------------------------GPETFRPGGGNMKDNWRSELYKYKVIKIEP---LGVAPTRAKRRVV-------QREKRAV-GT-----LGAMFLGFLGAAGSTMGAASVTLTVQ-ARLLLSGIVQ---QQNNLLRAIEAQQHM-LQLTVWGIKQLQARVLAVERYLRDQQLLGIWGCSGKLICTTNVPWNASW-----S---------NKSLNNIW-E--NMTWMEWEREIDNYTDLIYILLEKSQIQQE-KNEQELLELDSWASLWNWFDISKWLWYIKIFIMIVGGLVGLRIVFA-VLSIANRV--RQGYSP-LSFQTRLPT--PRG---PDRPEGIEKEGGGRDRDGSRPLVHGLLALIWDDLRSLCLFSYHRLRDLLLIVTRTVELLGR---------RGWELLKYW-WNLLQYWSQEL-KNSAVSLLNTTAIAVAEGTDRVIEVVQRAFRA---ILHIPARIRQGLERALL,B
PVO_4,0.080,MRVTGIRKNY-QHS-W--------RW-------GM---MLLG----MLM---IC--SA-E--E--K--------------L--WVTVYYGVPVW-KEATTT----LFCASDAKAYNTEVHNVWATHACVPTDPNPQEVGL-E----NVTENFNMWKNNMVEQMHEDIISLWDQSLKP-CVKLTPLCVTLNCSDLRNATNTTNPT---------------VS------------------SRVIK-----KEMMG--EVKNCSF-NVT-TDIRD----RMQK--VYAL-FYRPDVVPIQDHTIE----------NNNTIE------------------------NNTTYRLISCNTSVITQACPKISFEPIPIHYCTPAG-FAILKC--NDKKFNGSGPCTNVSTVQCTHGI-RPVVSTQLLLNGS--RAEEE-VIIRSENFTNNAK-TIIVQLNKTVE--INCTRPNNNTRKSIS---IGPGR--AFYATGD----IIGDIRQAHCNL-SRAEWNKTLKYIS-TKLR--EQFG---------NK-TIIF--N--GSSGGDPEIVTHSFNCGGEFFYCNTTKLFNSTWDANGNC-------TGCDES-------D--------------GNNTIT-LPCRIKQIVNMWQEVGKAMYAPPIKGLIKCTSN--------------------ITGLLLTRDGG------------ANN------------------------TNETFRPGGGDMRDNWRSELYKYKVVQIEP---LGIAPTRARRRVV-------QREKRAV-GT-----LGAMFLGFLGAAGSTMGAASVTLTVQ-ARQLLSGIVQ---QQNNLLKAIEAQQHM-LQLTVWGIKQLQARVLAIERYLKDQQLLGIWGCSGKLICTTAVPWNTSW-----S---------NKSFNKIW-D--NMTWMEWEREIDNYTGLIYNLLEESQNQQE-KNEQDLLALDKWESLWNWFSITKWLWYIKIFIMIVGGLIGLRIVFA-VLSIVNRV--RQGYSP-LSFQTHLPT--SRG---PDRPEGIGGEGGERDRDRSGPLVDGFLAIIWVDLRSLFLFSYHRLTDLLLILTRIVELLGR---------RGWEALKYW-WNLLQYWSQEL-RNSAVSLLNATAIAVAEGTDRIIEVVQRTFRA---IIHIPRRIRQGLERLLL,B
5768_4,0.103,MRVKGIKKNY-QHW-W--------RW-------GM---MIFG----LLM---IC--SA-A--D--K--------------L--WVTVYYGVPVW-KETTTT----LFCASDARAYDTEVHNVWATHACVPTDPNPQEVVL-G----NVTENFNMWKNNMVEQMHEDIISLWDQSLKP-CVRLTPLCVTLNCIDYYGNTTNSN-------------------------------------NSSET-----MMEKG--EIKNCSF-NIT-TRLKD----KMQK--EYAL-FYKYDIVPIDNRVG-------------NDTS------------------------NATSYRLTSCNTSVITQACPKVSFEPIPIHYCAPAG-FAILKC--NDKKFNGTGPCKNVSTVQCTHGI-KPVVSTQLLLNGS--LAEEE-VMIRSENFTDNAK-TIIVQLNETVE--INCTRPNNNTRKSIH---MGPGK--VFYTTGE----IIGDIRQAHCNI-NRAKWNNTLIKIV-EKLR--VKF----------NK-TISF--K--QSSGGDPEIEMHSFNCGGEFFYCNTTQLFNSTWFNNATL------NVNSNVT-------E--------------GSENIT-LPCRIRQIVNMWQEVGKAMYAPPIQGQIRCSSN--------------------ITGLLLTRDGG-------GSN-SSNT------------------------SEEVFRPGGGNMRDNWRSELYKYKVVKIEP---LGIAPTKAKRRVV-------QREKRTV-G------IGALFLGFLGAAGSTMGAASMTLTVQ-ARQLLSGIVQ---QQNNLLRAIQAQQHL-LQLTVWGIKQLQARVLAVERYLKDQQLLGIWGCSGKLICTTAVPWNASW-----S---------NKSLNEIW-D--NMTWMEWEKEIDNYTSLIYTLIEESQNQQE-KNEQELLELDKWASLWNWFSITNWLWYIKIFIMIVGGSIGLRIVFA-VLSIVNRV--RQGYSP-LSFQTRLPT--PRG---PDRPEGIEEEGGERDRDRSGQLVNGFLAIIWVDLRSLCLFSYHRLRDLLLIVARVVELLGR---------RGWEALNYW-WNLLQYWSQEL-KKSAISLLNATAIAVAEGTDRVIEVVQRTCRA---IIHIPRRIRQGLERLLL,B
NKU3006_EC1,0.108,MRVKGTERNY-QHL-W--------KW-------GM---MLLG----MLM---IC--NV-T--G--K--------------L--WVTVYYGVPVW-KEATTT----LFCASDAKSYEAEAHNIWATHACVPTDPNPREIKL-E----NVTEHFNMWKNNMVEQMHKDIISLWDQSLKP-CVKLTPLCVTLNCTDVKNETIAKTFNKNKTM-----KNETMKN------------------LNDTI-----KNLNE--TMTNCSF-RVT-TELRD----KEKQ--VHAL-FYRLDVVKTDG--------------------------------------------GNNSYRLINCNTSVITQACPKITFEPIPIHYCAPAG-FAILKC--NNKTFNGTGPCKNVSTVQCTHGI-KPVVSTQLLLNGS--LAEEE-TIIRSENITNNAK-TIIVQLNESVT--INCTRPSNNTRQSIR---IGPGQ--AFYTT-E----VIGNIRLAFCEI-NGTEWNKTLQQVA-KKLG--NLFS---------NK-TIIF--K--PSSGGDLEITTHSFNCRGEFFYCNTSKLFNSTWDNDTWS------DTTNSTG-------G--------------NASKII-LPCRIKQIINMWQEVGKAMYAPPIRGAINCLSN--------------------VTGLLLTRDGG-----------NTNS------------------------TNETFRPGGGDMRDNWRSELYKYKVVRIEP---LGLAPTEAKRRVV-------EREKRAI-G------LGALFLGFLGAAGSTMGAASMTLTVQ-ARQVLSGIVQ---QQNNLLKAIEAQQHM-LQLTVWGIKQLQARILAVERYLKDQQLLGIWGCSGKHICTTNVPWNASW-----S---------NKSLEAIW-K--NMTWMEWEREIDNYTELIYNLLEESQIQQE-KNEQELLQLDKWASLWNWFSITQWLWYIKIFIMIVGGLIGLRIVFA-VFSLVNRV--RQGYSP-LSFQTLLPA--PRG---PDRPEGIEEEGGEQGRGRSIRLVNGLSALIWDDLRSLCLFSYHRLRDLILIATRIVELLGR---------RGWEAIKYL-WNLLQYWIQEL-KNSAISLLDATAITVAGGTDRAIEIVQRIVRA---ILNIPTRIRQGLERALL,D
R1166_C1,0.114,MRAKETQMNW-PNL-W--------KW-------GT---LILG----LVI---IC--SA-S--N--N--------------L--WVTVYYGVPVW-RDADTT----LFCASDAKAHETEVHNVWATHACVPTDPNPQEIHL-A----NVTENFNMWKNNMAEQMQEDVISLWDQSLKP-CVKLTPLCVTLNCTKANFTKANSTNTSTNVS-----STTGNIT------------------EEVRI-----ENRTE--EVRNCSF-NMT-TELRD----KQQK--VYAL-FYKLDLAQIGD-------------------K------------------------NSSNYRLINCNTSVIKQACPKISFDPIPIHYCTPAG-YAILKC--NDKNFNGTGPCKNVSSVQCTHGI-KPVVSTQLLLNGS--LAEEE-IIIRSENLTNNAK-TIIVHLNKSVE--IKCTRPFNNTRTSVT---IGPGQ--VFYKTGD----IIGDIRRAYCEI-NRTEWNTTLKQVT-KKLE--KEFK---------NK-TIIF--Q--PPSGGDLEITMHHFNCRGEFFYCNTSHLFNSTWWMGNE--------TREGCN-------S--------------TNCTII-LPCKIKQIINLWQKVGQAMYAPPIRGNISCVSN--------------------ITGILLTRDGG-----------VNNS------------------------TNETFRPGGGNIKDNWRNELYKYKVVQIEP---LGIAPTRAKRRVV-------EREKRAV-G------IGAMIFGFLGAAGSTMGAASITLTVQ-ARQLLSGIVQ---QQSNLLRAIEAQQHL-LQLTVWGIKQLQARVLAVERYLKDQTFLGLWGCSGKIICTTAVPWNSTW-----S---------NKSYEEIW-E--NMTWIEWEREISNYTNQIYGILTESQNQQD-RNEKDLLELDKWASLWNWFDITKWLWYIKIFIMIVGGLIGLRIIFA-VLSLVNRV--RQGYSP-LSFQTLTHH--QRE---PDRPERTEEGGGEQDRDRSVRLVTGFLALAWDDLRSLCLFLYHRLRDFIWIAARTLELLGHSSLKGLR--RGWEGLKYL-GNLLLYWGQEL-KTSAISLLDATAIAVAGWTDRVIEVAQGAWRA---FLHIPRRIRQGLERALL,AE
3718_V3_C11,0.129,MKVKGIQRNY-QHL-L--------TW-------GT---MILG----MLI---IC--SA-A--E--N--------------L--WVTVYYGVPVW-KDAETT----LFCASDARAYEKEAHNIWATHACVPTDPDPQELYL-E----NVTEEFNMWKNNMVEQMHTDIISLWDQSLKP-CVQLTPLCVTLNCNDVTNNGTNV---------------------------------------ANIS-----IDMKG--EIKNCSF-NMT-TELRD----KKQK--VYSL-FYKLDVVQMNS----------------------------------------------SQYRLINCNTSAIKQACPKVSFEPIPIHYCAPAG-FAILKC--RDEEFDGTGPCTNVSTVQCTHGI-KPVVSTQLLLNGS--LAEKR-VMVRSENITNNVK-NIIVQFNETVN--ITCIRPNNNTRKSVH---IGPGQ--AFYATGD----IIGNIRKAHCHV-NKTEWNRMLAKAA-QQLI--NHF----------NK-TITF--K--NSSGGDLEITSHSFNCGGEFFYCDTSSLFNITWDRSNVT-------QELNNT-------K--------------LNDTII-LQCRIKQIINMWQRAGQAMYAPPIPGIIKCESN--------------------ITGLILTRDG-------------SEN------------------------ETETFRPGGGDMRDNWRSELYKYKVVKIEP---LGVAPTKARRRVV-------EREKRAV-G------LGAVFLGFLGAAGSTMGAASITLTVQ-VRQLLSGIVQ---QQNNLLRAIEAQQHL-LKLTVWGIKQLQARVLAVERYLKDQQLLGIWGCSGKLICTTNVPWNNSW-----S---------NKSLEDIW-E--NMTWMQWDKEINNYTHLIYNLIEESQYQQE-KNEKELLELDKWANLWNWFDISNWLWYIRIFIMIVGGLMGLRIVFA-VLSVINRV--RQGYSP-VSFQIHHPN--PGD---LDRPGRIEEEGGEQGRGRSIRLVSGFLALAWDDLRSLCLFSYHRLRDFILIATRTVKLLGHNSLKGLR--LGWEGLKYL-WNLLAYWVREL-KISAVNLFDTIAIAVAGWTDRIIELGQRLCRA---FLNIPRRIRQGFERALL,A
CH181_12,0.137,MRVTGIRKNY-RHL-W--------RW-------GT---MLLG----MLM---IC--SA-E--A--N--------------L--WVTVYYGVPVW-KEATTI----LFCASDAKAYDTEAHNVWATHACVPTDPNPQEIFL-V----NVTENFNMWKNEMVNQMHEDVISLWDQSLKP-CVKLTPLCVTLKCKNVNSTGKNVTST----------------S------------------NGTYN-----STYRE--EMKNCSF-NAT-TALRD----RKQT--VYAL-FYRLDIVPLDEKS--------------SSEN------------------------SRGYYRLINCNTSAITQACPKVTFDPIPIHYCSPAG-YALLKC--NDKMFNGTGPCSNVSTVQCTHGI-KPVVSTQLLLNGS--LAEEE-IIIRSENLTNNVK-TIIVHLNQSVE--IICTRPGNNTRKSIR---IGPGQ--TFYATGD----IIGDIRQAHCNI-SRDKWNETLQRVS-KKLA--EHFP---------NK-TIKF--A--SSSGGDLEITTHSFNCRGEFFYCNTSGLFNGTYMHNGT---------QSNSS-------N--------------SSSIIT-IPCRIKQIINMWQEVGRAMYAPPIAGNITCKSN--------------------ITGLLLVRDGG--------ET-NQTN------------------------FTETFRPGGGDMRDNWRSELYKYKVVEIKP---LGVAPTKAKRRVV-------EREKRAV-GG-----IGAVFLGFLGVAGSTMGAASITLTVQ-VRQLLSGIVQ---QQSNLLRAIEAQQHL-LQLTVWGIKQLQTRVLAIERYLKDQQLLGIWGCSGKLICPTAVPWNSSW-----S---------NKSLTDIW-E--NMTWMQWDKEISNYTNIIYRLLEDSQNQQE-ENEKDLLALDSWKNLWSWFDISKWLWYIKIFIMIVGGLIGLRIIFA-VLSIVNRV--RQGYSP-LLFQTPTPN--PGG---PDRLGRIEEEGGERDKDRSIRLVNGFLALAWDDLRNLCLFSYHRLRDFILVAARVVELLGRHSLRGLQ--RGWEALKYL-GSLVQYWGQEL-KKSATSLFDNLAIAVAGGTDRIIELVQGLCRA---IYNIPRRIRQGFEAALQ,BC
Q461_E2,0.146,MRVMGIQRNY-QHL-W--------RW-------GT---MLLG----MLM---TC--SV-T--G--Q-----------------WVTVYYGVPVW-KDAETT----LFCASDAKAYETEKHNVWATHACVPTDPNPQEIRL-E----NVTEDFNMWKNSMVEQMNEDIISLWDQSLKP-CVKLTPLCVTLNCTDWTNNATSTN-------------------------------------QTTPA-----TSEET--GVKNCSF-NIT-TELRD----KKQK--VYSL-FYKLDVVQISENNS-------------SNSS------------------------NFTQYRLINCNTSAITQACPKVSFEPIPIHYCAPAG-FAILKC--NDSVFNGTGPCKNVSTVQCTHGI-KPVVSTQLLLNGS--LAERK-VMIRSENITNNAK-NIIVQFTKPVN--ITCIRPGNNTRKSVR---IGPGQ--AFYATGD----ITGDIRNAHCVV-NRTEWNNTLQKVV-EQLR--EYFP---------NK-TIIF--T--NSSGGDIEITTHSFNCGGEFFYCNTSKLFNSRWENNGTAN-----MLKNDTG-------S--------------NETTLI-LRCRIKQIINMWQRVGQAMYAPPIQGVINCTSN--------------------ITGLILTRDGG------------GEN------------------------DTETFRPGGGDMRDNWRSELYKYKVVKLEP---LGVAPTMAKRRVV-------EREKRAV-G------MAAVFLGFLGTAGSTMGAASLTLTVQ-ARQLLSGIVQ---QQSNLLKAIEAQQHL-LRLTVWGIKQLQARVLAVERYLKDQQLLGIWGCSGKLICTTSVPWNSSW-----S---------NKTQQEIW-N--NTTWLQWDKEISNYTGTIYRLLEESQNQQE-KNEQDLLALDKWANLWNWFDISKWLWYIKIFIMVVGGLIGLRIVFA-IISVVNRV--RQGYSP-LSFQIPTPN--PEG---LDRPGRIEEGGGEQDRTRSIRLVSGFLALAWDDLRSLCLFSYHRLRDFILIVARTVELLGHSSLKGLR--LGWEGLKYL-GNLLSYWGQEL-KNSATNLLDTTAIAVAGWTDRAIEIVQRIVRA---ILHIPRRIRQGFERALL,A
ADA,0.207,MRVKE--K-Y-QHL-WRW----GWKW-------GT---MLLG----ILM---IC--SA-T--E--K--------------L--WVTVYYGVPVW-KEATTT----LFCASDAKAYDTEVHNVWATHACVPTDPNPQEVVL-E----NVTENFNMWKNNMVEQMHEDIISLWDQSLKP-CVKLTPLCVTLNCTDLRNVTNIN----------------------------------------NSS-----EGMRG--EIKNCSF-NIT-TSIRD----KVKK--DYAL-FYRLDVVPIDN--------------------------------------------DNTSYRLINCNTSTITQACPKVSFEPIPIHYCTPAG-FAILKC--KDKKFNGTGPCKNVSTVQCTHGI-RPVVSTQLLLNGS--LAEEE-VVIRSSNFTDNAK-NIIVQLKESVE--INCTRPNNNTRKS---IHIGPGR--AFYTTGE----IIGDIRQAHCNI-SRTKWNNTLNQIA-TKLK--EQFG--------NNK-TIVF--N--QSSGGDPEIVMHSFNCGGEFFYCNSTQLFNSTWNFNGTW------NLTQSNG-------TE-------------GNDTIT-LPCRIKQIINMWQEVGKAMYAPPIRGQIRCSSN--------------------ITGLILTRDGG-----------TNSS------------------------GSEIFRPGGGDMRDNWRSELYKYKVVKIEP---LGVAPTKAKRRVV-------QREKRAV-GT-----IGAMFLGFLGAAGSTMGAASITLTVQ-ARLLLSGIVQ---QQNNLLRAIEAQQHL-LQLTVWGIKQLQARVLAVERYLRDQQLLGIWGCSGKLICTTAVPWNASW-----S---------NKSLEQIW-N--HTTWMEWDREINNYTSLIHSLIEESQNQQE-KNEQELLELDKWASLWNWFNITNWLWYIKLFIMIVGGLVGLRIVFA-VLSIVNRV--RQGYSP-LSFQTHLPT--PRG---PDRPEGIEEEGGERDRDRSIRLVNGSLALIWDDLRSLCLFSYHRLRDLLLIVTRIVELLGR---------RGWEALKYW-WNLLQYWSQEL-KNSAVNLLNATAIAVAEGTDRVIEVLQAAYRA---IRHIPRRIRQGLERILL,B
R3265_C6,0.222,MRVKETQTNW-PNL-W--------KW-------GT---LILG----LVI---IC--SA-S--D--N--------------W--WVTVYYGVPVW-RDADTT----LFCASDAKAHVTEVHNVWATHACVPTDPNPQEIYL-E----NVTEYFNMWKNNMAEQMQEDVISLWDQSLKP-CVRLTPLCVTLHCTYANLTNVTNTA-----------------K------------------GSDII-----GNITD--EVRNCSF-NMT-TELKD----KKQK--IYAL-FYKLDIVQVNK--------------------------------------------SSSEYRLINCNTSVIKQACPKISFDPIPIHYCTPAG-YAILKC--NDKNFNGTGECNNVSSVQCTHGI-KPVVSTQLLLNGS--LAEDE-IVIRSENITNNAK-TIIVHLNKSVE--IKCIRPSNNTRTSMT---IGPGQ--VFYRTGD----IIGDIRQAYCEI-NQTKWNETLKQVA-GKLK--EHF----------NK-TIIF--R--PPSGGDLEITMHHFNCRGEFFYCNTTQLFNSTWIGNETI------GNETMKG-------G--------------NNGTIT-LPCRIKQIINMWQGVGQAMYAPPISGNISCASN--------------------ITGILLTRDGG-----------DDGA------------------------TNETFRPVGGNIKDNWRSELYKYKVVQIEP---LGIAPTRAKRRVV-------EREKRAV-G------IGAMIFGFLGAAGSTMGAASITLTVQ-ARQLLSGIVQ---QQSNLLRAIEAQQQL-LQLTVWGIKQLQARVLAVERYLKDQKFLGLWGCSGKTICTTAVPWNSTW-----SG--------NRSYEDIW-N--NMTWVQWEREISNYTSQIYEILTESQNQQE-RNEKDLLELDQWASLWNWFTITKWLWYIKIFIMIVGGLIGLRIVVA-VFSIVNRV--RQGYSP-LSFQTPTHH--QRE---PDRPEGIEEEGGEQGRDRSVRLVSGFLALFWDDLRSLCLFLYHRLSGFILIVTRTVELLGHSSRKGLR--RGWEGLKYL-GNLLLYWGQEL-KISAISLFDATAIAVAGWTDRVIEVAQRAWRA---ILHIPRRIRQGLERTLL,AE
3817_V2_C59,0.263,MRVTGTQRNC-QQW-WI------WIW-------II---LGFWW---MLM---MC--KG----E--K--------------L--WVTVYYGVPVW-KEATTT----LFCASDAKAYNPEMHNVWATHACVPTDPNPQEMVL-E----NVTENFNMWENNMVEQMHEDIISLWDQSLKP-CVKLTPLCVTLNCRNANITDIT-----------------------------------------TVD-----KPIVG--DIQNCSF-NVT-TEIND----RKKK--MHAL-FYRLDVVPLNKRNSST--------NNNSNNE------------------------STMDYRLINCNTSAITQACPKVSFEPIPIHYCAPAG-YAILKC--NSKTFNGTGPCTNVSTVQCTHGI-RPVVSTQLLLNGS--LAEEE-IIVRSENVTNNAK-TIIVHLNESVQ--INCTRPNNNTRESIR---IGPGQ--SLYANGD----IIGDIRQAHCNI-SRGEWNKTLQQVA-EKLG--NLFN---------KT-EIIF--S--PSSGGDPEITTHSFNCGGEFFYCNTTGLFNDSKWQHNNSEW---EETSKRMN-------S--------------PEANIT-LQCRIKQIVNMWQGVGRAMYAPPIRGVIKCTSN--------------------ITGLLLTRDGG-----------LNTS------------------------NNETFRPGGGDMRDNWRSELYKYKVVRIEP---LGLAPTKAKRRVV-------EREKRAI-G------MGALFLGFLGTAGSTMGAASLTLTVQ-ARQLLSGIVQ---QQNNLLRAIEAQQHL-LQLTVWGVKQLQARILAVERYLRDQQLLGIWGCSGKHICTTTVPWNSSW-----SK--------NRTLNDIW-E--NMTWMQWEREIDNYTVEIYRLLEESQTQQE-KNEKELLELDKWASLWNWFDISNWLWYIKIFIMIVGGLIGLRIIFA-VISIVNRV--RQGYSP-LSFQTLTPS--PRA---PDRPGRIEEEGGEQDRDRSVRLVSGFLAIAWDDLRSLCLFSYHLLRDFILIAARTVEILGR---------RGWEILKYL-VGLVQYWVLEL-KGSAISLLDTIAIAIAGWTDRVIELGQRLCRA---ILNIPRRIRQGFEAALI,CD
KER2018_11,0.321,MRXMGIQRNC-QHL-LRW---------------GT---MILG----MII---IC--ST-A--E--D--------------L--WVTVYYGVPVW-KNAETT----LFCASDAKAYKTEVHNVWATHACVPTDPNPQEIHL-E----NVTEEFNVWKNNMVEQMHTDIISLWDQSLKP-CVKLTPLCVTLNCINANVTNSSM----------------------------------------TNS-----SMMEG--EIKNCSY-NMT-TELRD----KKRK--VFSL-FYKLDVVPMNE--------------------------------------------NNSEYRLINCNTSAITQACPKVTFEPIPIHYCAPAG-FAILKC--KDEEFNGTGLCKNVSTVQCTHGI-KPVVSTQLLLNGS--LAEKE-IRIKSENISDNAK-TIIVQLTKPVL--INCARPSNNTRKS---VHIGPGQ--AFYATGA----ITGDIRQAYCVV-NRTQWNDTLGQVA-IQLR--KHW----------NT-TIIF--N--EPSGGDLEITTHSFNCGGEFFYCNTSDLFNSTWNIEGTA------SINGTE-----------------------SNDNIT-LPCRIKQIINMWQRVGQAMYAPPIQGVIRCQSN--------------------ITGILLTRDGG-----------NTGNNS---------------------RTNETFRPGGGDMRDNWRSELYKYKVVKIEP---LGVAPTKAKRRVV-------EREKRAV-G------LGAVFIGFLGAAGSTMGAASITLTVQ-ARQLLSGIVQ---QQSNLLRAIEAQQHL-LKLTVWGIKQLQARVLAVERYLKDQQLLGIWGCSGKLICTTNVPWNSSW-----S---------NKSYNEIW-E--NMTWLQWDKEINNYTELIYSLIEESQNQQE-KNEQDLLALDKWASLWNWFDISNWLWYIKIFIMIVGGLIGLRIVVA-VLSVINRV--RQGYSP-LSFQTHTPN--PRG---LDRPERIEEEGGEQDRTRSTRLVSGFLALAWDDLRSLSLFLYHRLRDFILIAARTVELLGH--SSLKGLRLGWEGLKYL-WNLLLYWGREL-KISAINLLNTIAIAVAGWTDRVIEIGQGIGRA---ILHIPRRIRQGFERALL,A
BG1168,0.434,MRVKGIMKNC-QHL-W--------RW-------GI---MLLG----ILM---IC--SA-T--E--K--------------L--WVTVYYGVPVW-KEATTT----LFCASDAKAYETEVHNVWATHACVPTDPNPQEVKL-E----NVTEDFNVWKNDMVTQMHEDIISLWDQSLKP-CVKLTPLCVTLHCTDVNTTCITTNNSTMTNSS----NSSTEGN------------------CSSYN-----YNGRE--ELRNCSF-NIT-TSIQD----KV-Q--DYAI-FYKLDIVPIKSD-----------------NS------------------------DNTSYRLINCNTSVITQACPKISFEPIPIHYCAPAG-FAILKC--NDKKFSGKGTCNNVSTVQCTHGI-RPVVSTQLLLNGS--LAEEG-VVLRSENFTNNAK-TIIVQLKDPVK--IECERPNNNTIKSIH---LGPGR--AWHATGQ----IIGDIRKAFCTL-NSTNWTNTLKQMV-EKLR--EQFE---------NK-TIAF--N--QSTGGDPEIVMHTFNCGGEFFYCNTTQLFNSIWYNTTNS-------SWNNKT-------W--------------SNNTIT-LPCRIKQIINMWQQVGKAIYAPPIKGKIKCISN--------------------ITGLLLTRDGG-----------DTNN------------------------GTEIFRPGGGDMRDNWRSELYKYKVVQIEP---LGVAPTKAKRRVV-------QREKRAV-G------LGAMFLGFLGAAGSTMGAASITLTVQ-ARQLLSGIVQ---QQNNLLRAIEAQQHL-LQLTVWGIKQLQARVLAVERYLKDQQLLGIWGCSGKLICTTAVPWNASW-----S---------NKSQEEIW-D--NLTWMQWEKEINNYTSVIYTLLEQSQNQQE-KNEQELLELDKWASLWNWFDITKWLWYIRIFIMIVGGLIGLRIVFA-VISIVNRV--RQGYSP-LSLQTRFPA--PRG---PDRPEGIEEEGGGRDRNISTRLVSGFLPLIWDDLRSLCLFSYHRLRDFLLIVARIVELLGR---------RGWEALKYW-WNLLQYWSQEL-KNSAVSLLNTTAIVVAEGTDRIIEALQRICRA---ILHIPTRIRQGFERALL,B
M02138,0.503,MRVKETQMNW-PNL-W--------KW-------GT---LILG----LVI---IC--SA-A--D--N--------------L--WVTVYYGVPVW-KDANTT----LFCASDAKAHETEVHNIWATHACVPTDPNPQEMYL-A----NVTENFNMWKNNMAEQMQEDVISLWDQSLKP-CVKLTPLCVTLNCTNDISTNGTYN-------------------------------------SSDII-----GNITD--EVRNCSF-NMT-TELID----KKQK--VHAL-FYKLDIVQIEDD-----------------NS------------------------NRSMYRLINCNTSVIKQACPKVSFDPIPIHYCTPAG-YVILKC--NEKNFNGTGPCKNVSSVQCTHGI-KPVVSTQLLLNGS--LAEDE-IIIRSENLTNNAK-TIIVHLNESVE--INCTRPY-NTKIKVT---RGPGR--VYYRTGE----ITGDIRKAYCKI-NGTEWYKTLKQVA-GKLR--EHFN---------NK-TIIF--Q--PPSGGDLEVTMHHFNCRGEFFYCNTTQLFNKTYRGN------------ETME-------R--------------SNGTII-LPCKIKQIINMWQETGQAMYAPPINGEINCISN--------------------ITGILLTRDGG-----------INRT------------------------YNETFRPGGGNMKDNWRNELYKYKVVQIEP---LGVAPTRAKRRVV-------EREKRAV-G------IGIMIFGFLGAAGSTMGAASITLTVQ-ARQLLSGIVQ---QQSNLLRAIEAQQHL-LQLTVWGIKQLQARVLAVERYLKDQKFLGLWGCSGKIICTTAVPWNSTW-----S---------NRSLEEIW-D--NMTWIEWEREISNYTSQIYEILTESQNQQD-RNEKDLLELDKWASLWNWFNITNWLWYIKIFIMIVGGIIGLRIIFA-VPSIVNRV--RQGYSP-LSFQTPIHQ--QRE---PDRPERIEEEGGEQGRDRSVRLVSGFLALAWDDLRSLCLFSYHRLRDFALIATRTVELLGRSSLKGLR--RGWEGLKYL-GNLLLYWVQEL-KISAVSLLDTTAIAVAGWTDRIIEVAQGAWRA---LLHIPRRIRQGFERALL,AE
231965_C1,0.727,MRVREIQRNY-QYL-W--------RW-------GT---MLLG----MLM---TY--SV-A--E--Q--------------F--WVTVYYGVPVW-KEASTT----LFCASDAKAYEAEAHNIWATHACVPTDPNPQEIEI-K----NVTENFNMWKNDMVEQMHEDIISLWDQSLQP-CVKLTPLCVTLNCSDLDNSNKGNATNTTV----------ASEA------------------GMNTT-----VAPEA--GMKNCSF-NIT-TEVKD----KKKL--VYAH-FYNLDVVQLDG--------------------------------------------NTNSYRLIHCNTSAITRACPKITFEPIPIHYCAPAG-FAILRC--NNKMFNGTGPCNNVSTVQCTHGI-KPVVSTQLLLNGS--LAEEG-VIIRSENLTDNTK-TIIVQLNESVI--INCTRPNNNTRQGVH---IGPGQ--ALF-TNR----VIGNIRLAYCNI-SRKDWNKTLRQVA-EKLG--NLYN---------KT-KIIF--E--PSSGGDPEIVTHSFNCGGEFFYCSTSKLFNETIDLNNT---------YNASI-------E--------------NNTIIT-LPCRIKQIINMWQGVGKAIYAPPIEGLIKCTSN--------------------ITGILLTRDGG---------R-DNSS------------------------SNETFRPGGGDMRDNWRSELYKYKVVKIEP---IGLAPTKAKRRVV-------EREKRAI-G------LGAMFLGFLGAAGSTMGAASVTLTVQ-ARQLLSGIVQ---QQNNLLRAIEAQQHL-LQLTVWGIKQLQARVLAVERYLKDQQLLGIWGCSGKLICTTTVPWNTSW-----S---------NR-TQEIW-D--NLTWMEWEREIDNYTGLIYSLIEESQIQQE-QNEKDLLELDKWASLWNWFSITNWLWYIRLFIMIVGGLIGLRIIFA-VLSIVNRV--RQGYSP-LSFQTLLPA--PRG---PDRPEGIEEEGGEQGRGRSIRLVNGFSALIWDDLRNLCLFIYHRLRDLILIATRIVELLGR---------RGWEALKYL-WNLLQYWIQEL-KNSAISLLNTTAIAVAEGTDRAIEIIQTVVRA---ILNIPTRIRQGFERALL,D
UG024_2,0.807,-#VREMQRNY-QHL-W--------KW-------GI---MLLG----MLM---IC--SG-T-EE--Q--------------S--WVTVYYGVPVW-KEATTT----LFCASDAKAYKAEAHNIWATHACVPTDPNPREIQL-E----NVTENFNMWKNNMVEQMHEDVISLWDQSLKP-CVKLTPLCVTLNCIEWKNENETKG-------------------------------------NKTVD-----PDKDI--GMKNCSF-NVT-TEVRD----KKKQ--VYAL-FYKLDVVQMND------------------NN------------------------TNTSYRLINCNTSAITQECPKVTFEPIPIHYCAPAG-FAILKC--NNKMFNGTGPCNNVSTVQCTHGI-RPVVSTQLLLNGS--LAEEE-IIIRSENITNNAK-IIIVHLNESVV--INCTRPYNNIRQRTP---IGLGQ--ALYTTR-----RIEDIRRAHCNI-SEAAWKKTLEQVA-KKLK--VLFN---------RT-TIDF--K--PSSGGDPEITTHSFNCGGEFFYCNTSKLFNHSVGENNT---------LSISN-------G--------------VNTNIT-LPCKIKQIVNMWQGVGKAMYAPPIQGLIRCSSN--------------------ITGLLLTRDGG------------NTS------------------------QNETFRPGGGDMRDNWRSELYKYKVIKIEP---LGLAPTRAKRRVV-------AREKRAI-G------LGAVFLGFLGAAGSTMGAASLTLTVQ-ARQLMSGIVQ---QQNNLLRAIEAQQHL-LQLTVWGIKQLQARVLAVESYLKDQQLLGVWGCSGRHICPTRVPWNSSW-----S---------NKSLDEIW-G--NMTWMEWEREISNYTGLIYNLIEESQIQQE-KNEKDLLELDKWASLWNWFDITNWLWYIRIFIIIVGSLIGLRIVFA-VLSLVNRV--RQGYSP-LSFQTLLPT--PRG---PDRPGETEEEGGEQGRGRSIRLLNGLSALIWDDLRNLCLFSYHHLRDLILIAARIVGLLGR---------RGWEAIKYL-WNLLQYWIQEL-KNSAISLFNTTAIVVAEGTDRIIELIQRIGRA---ILNIPARIRQGLERLLL,D
92BR025_9,1.100,MRVKE---KY-QHL-WRW----GWRW-------GT---MLLG----MLM---IC--SA-T--E--K--------------L--WVTVYYGVPVW-KEAKTT----LFCASDAKAYDTEVHNVWATHACVPTDPNPQEMVL-E----NVTENFNMWENDMVEQMHQDIISLWDQSLKP-CVKLTPLCVTLHCSNRTIDYNN------------------------------------------RT-----DNMGG--EIKNCSF-NMT-TEVRD----KREK--VHAL-FYRLDIVPLKNE----------------SSN------------------------TSGDYRLINCNTSAITQACPKVSFDPIPIHYCAPAG-YAILKC--NNKTFNGTGPCNNVSTIQCTHGI-KPVMSTQLLLNGS--LAEEE-IIIRSKNLTDNVK-TIIVHLNESVG--INCTRPNNNTRKSIR---IGPGQ--AFYATGE----IIGDIRQAHCNI-SRTAWNKTLQEVG-KKLA--EHFL---------NK-AIKF--A--KHSGGDLEITTHSFNCRGEFFYCNTSSLFNSTYTPNST---------ENITG-------T--------------ENSIIT-IPCRIKQIINMWQGVGRAMYAPPIEGIITCRSN--------------------ITGLLLTRDGG-----------TGMH------------------------DTEIFRPEGGDMRDNWRSELYKYKVVEIKP---LGIAPTKAKRRVV-------EREKRAV-G------IGAVFLGFLGAAGSTMGAASITLTVQ-ARQLLSGIVQ---QQSNLLRAIEAQQHM-LQLTVWGIKQLQTRVLAIERYLKDQQLLGIWGCSGKLICTTTVPWNSSW-----S---------NRSQEDIW-N--NMTWMQWDREISNYTNTIYRLLEDSQNQQE-KNEQDLLALDKWQNLWTWFGITNWLWYIKIFIMIVGGLIGLRIIFA-VLSIVNRV--RQGYSP-LSFQTLTPN--PRG---PDRLGGIEEEGGEQDRDRSIRLVSGFLALAWDDLRSLCLFSYHRLRDLILIAARAVELLGRSSLRGIQ--RGWEILKYL-GSLVQYWSLEL-KKSAISLFDTIAIAVAEGTDRIIEVIQGIWRA---ICNIPRRIRQGFEAALQ,C
A03349M1_VRC4A,1.700,MRVRGIQRNY-QNL-W--------RW-------GT---LLLG----MLM---IC--KA-T--E--Q--------------L--WVTVYYGVPVW-KEATTT----LFCASDAKSYKEEAHNIWATHACVPTDPNPRELII-E----NVTENFNMWKNNMVEQMHEDIISLWDQSLKP-CVKLTPLCVTLNCTEWRKNNT--------------------------------------------I-----NATGI--EMKNCSF-NLT-TEIRD----RKKQ--VHAL-FYKLDVVPIDDN-----------------NS------------------------TNTSYRLINCNTSAITQACPKVTFEPIPIHYCAPAG-YAILKC--NNKKFNGTGPCNNVSTVQCTHGI-RPVVSTQLLLNGS--LAEED-IIIRSENLTNNAK-IIIVQLNESVT--INCTRPYNNTRRGVH---IGPGR--AYYTT-D----IIGDIRQAHCNI-SGAEWNKTLHRVA-KKLR--DLFK---------KT-TIIF--K--PSSGGDPEITTHSFNCRGEFFYCNTTRLFNSIWGN--------------NST-------G--------------VDESIT-LPCRIKQIINMWQGVGKAMYAPPIEGLISCSSN--------------------ITGLLLTRDGG---------G-NESS------------------------QNETFRPGGGDMRDNWRSELYKYKVVRIEP---LGLAPSKAKRRVV-------EREKRAI-G------LGAMFLGFLGAAGSTMGAASLTLTVQ-ARQLLSGIVQ---QQNNLLRAIETQQHL-LQLTVWGIKQLQARVLAVESYLRDQQLLGIWGCSGRHICTTNVPWNSSW-----S---------NKTLKSIW-D--NMTWMEWEREIDNYTGIIYNLLEESQTQQE-RNEQDLLKLDQWASLWNWFSITKWLWYIKIFIMIVGGLIGLRIVFA-VLSIVNRV--RQGYSP-LSFQTLLPA--PRG---PDRPEGIEEEGGEQGRGRSIRLLNGLLALIWDDLRNLCLFCYHRLRDLILIATRVVEILGH---------RGWEAIKYL-WNLFQYWIQEL-KNSAISLLNTTAIVVAEGTDRVIEIVQRAGRA---VLNIPRRIRQGAERALL,D
C1080_C3,2.900,MRVKETQMNW-PNL-W--------RW-------GT---LILG----LVI---IC--SA-S--D--N--------------L--WVTVYYGVPVW-KDADTT----LFCASDAKAHETEAHNIWATHACVPTDPNPQEIYM-E----NVTENFNMWKNNMVEQMQEDIISLWDQSLKP-CVKLTHLCVTLSCTNVTLTNVNYTN------------------------------------NFPNI-----GNITD--EVRNCSF-NVT-TEIRD----KKQK--VYAL-FYKTDIVQMEN---------------------------------------------KNSYRLINCNTSVIKQACPKISFDPIPIHYCTPAG-YAILKC--NEKNFNGTGPCKNVSSVQCTHGI-KPVVSTQLLLNGS--LAEGE-IIIRSENLTNNAK-TIIVHLNKSVE--INCTRPSNNTRTSVT---IGPGQ--VFYRTGD----IIGDIRKAYCEI-NGTKWNETLKQVV-GKLK--EHFP---------NK-KISF--Q--PPSGGDLEITMHHFNCRGEFFYCNTTQLFNSTWINS------------TGIK-------E--------------YNDTIIYLPCKIKQIINMWQGVGQAMYAPPIRGKINCVSN--------------------ITGILLTRDGG--------DA-NATN------------------------DTETFRPGGGNIKDNWRSELYKYKVVQIEP---LGIAPTKAKRRVV-------EREKRAV-G------IGAMIFGFLGAAGSTMGAASITLTVQ-ARQLLSGIVQ---QQSNLLRAIEAQQHL-LQLTVWGIKQLQARVLAVERYLKDQKFLGLWGCSGKIICTTAVPWNSTW-----S---------NKSFEQIW-N--NMTWIEWEREISNYTSQIYDILTESQNQQD-RNEKDLLELDKWASLWNWFDITKWLWYIKIFIMIVGGLIGLRIIFT-VLSIVNRV--RQGYSP-LSFQTPTHH--QRE---HDRPGRIEEEGGEQGRDRSVRLVSGFLALAWDDLRSLCLFSYHRLRDFILIAARTVELLGHSSLKGLR--RGWEGLKYL-GNLLTYWSQEL-KISAISLFDAIAVAVAGWTDRVIEVAQGAWRA---ILHIPRRIRQGLERALL,AE
ZM106_9,3.500,MKVREILRNW-RQW-W--------IW-------GI---LGFW----MLM---IC--NVVV--G--N--------------L--WVTVYYGVPVW-KEAKTT----LFCASDAKAYEREVHNVWATHACVPTDPSPQEMVL-E----NVTENFNMWKNDMVDQMHEDIISLWDQSLKP-CVKLTPLCVTLKCVNVNATSKSN---------------------------------------ASAT-----NDGSG--EMKNCTF-NIT-TEIRD----KKRN--ESAL-FYKLDIVPLTN------------------DN------------------------NSGEYRLINCNTSAMTQACPKVSFDPIPIHYCAPAG-YAILKC--NNKTFNGTGPCYNVSTVQCTHGI-KPVVSTQLLLNGS--LAEGE-IIIRSENLTDNVK-TIIVHLNESIH--ITCTRPNNNTRKSIR---IGPGQ--TFYATGE----IIGDIRKAYCNI-SEEKWNKALQEVG-KKLK--EHFP---------NK-TIKF--A--PSSGGDLEITTHSFNCRGEFFYCNTSKLFNSTYMHNA-----------TSRN-------A--------------TNATIT-LPCRIRQIINMWQEVGRAMYAPPIAGNITCVSN--------------------ITGLLLVRDGG---------N-GDTN------------------------DTETFRPGGGDMKNNWRSELYKYKVVEIKP---LGVAPTEAKRRVV-------EREKRAV-G------IGAVLLGFLGAAGSTMGAASITLTAQ-ARQVLSGIVQ---QQSNLLRAIEAQQHL-LQLTVWGIKQLQTRVLALERYLKDQQLLGLWGCSGRLICTTAVPWNSSW-----S---------NKSLTDIW-D--NMTWMQWDKEVSNYTNTIYRLLEDSQSQQE-KNEKDLLALDSWKNLWTWFDISNWLWYIKIFIMVVGGLIGLRIIFA-VISIVNRV--RQGYSP-LSLQTLTQS--PGG---PDRLGRIEEEGGEQDRDRSIRLVNGFLTLAWDDLRSLCLFSYHRLRDFILIAARVVELLGHSSLRGLQ--KGWEALKYL-GSLVQYWCLEL-KRSAISLLDSIAMAVAEGTDRIIELVQRICRG---IYHIPRRIRQGFEAALQ,C
DU156_12,3.500,MRVRGIPRNW-PQW-W--------TW-------GI---LGFW----MII---MC--KV-A--G--N--------------S--WVTVYYGVPVW-TEAKTT----LFCASDAKAYEKEVHNVWATHACVPTDPNPQEIFL-K----NVTENFNMWKNDMVDQMHEDIISLWDQSLKP-CVKLTPLCVTLNCVTYNNSMNSS---------------------------------------ATYN-----NSMNG--EIKNCSF-NTT-TELRD----KKQK--VYAL-FYRTDVVPLNN------------------NN------------------------NNSEYILINCNTSTITQACPKVSFDPIPIHYCAPAG-YAILKC--TDKKFNGTGSCNNVSTVQCTHGI-KPVVSTQLLLNGS--LAEEE-IIIKSENLTDNIK-TIIVQLNQSIG--INCTRPNNNTRKSVR---IGPGQ--TFYATGD----IIGDIRQAHCNI-SRNQWNETLEQVK-KKLG--EHFH--------NQT-KIKF--E--PPSGGDLEITTHSFNCRGEFFYCNTADLFTNATKLV-------------NDT-------E--------------NKAVIT-IPCRIKQIINMWQGVGRAMYAPPIEGNITCNSN--------------------ITGLLLTRDGG-------GNV-TEIN------------------------RTEIFRPGGGNMKDNWRNELYKYKVVEIKP---LGVAPTGAKRKVV-------KREKRAV-G------LGAVLFGFLGAAGSTMGAASITLTAQ-ARQLLSGIVQ---QQSNLLRAIEAQQHM-LQLTVWGIKQLQARVLAIERYLKDQQLLGLWGCSGKLICTTNVPWNSSW-----S---------NKSQTDIW-N--NTTWMQWEREISNYTDTIYRLLEDSQNQQE-ENEKDLLALDRWQNLWNWFDITNWLWYIKIFIMIVGGLIGLRIIFG-VLSIVKRV--REGYSP-LSFQTLTPT--PRG---LDRLGRIEEEGGEQDKDRSIRLVNGFLALAWDDLRSLCLFSYHQLRDFILIAARAVELLGRSSLRGLQ--KGWEALKYL-GNLIQYWGLEL-KRRAINLLDISAIAVAEGTDRIIDIVLRTGRA---IRNIPRRIRQGFGATLL,C
16845_2_22,4.600,MRVRGMLRNY-QQW-W--------IW-------GV---LGFW----MLM---NC--NV-G--G--N--------------L--WVTVYYGVPVW-REAKTT----LFCASDAKAYEKEVHNVWATHACVPTDPNPQEIDL------NVTENFNMWKNDMVEQMHEDVISLWDQSLKP-CVKLTPICVTLECTDANITCNSTTSSN-------------NCT------------------SYEIN-----KEDMG--EIKNCSF-NTT-TELID----KQKK--VHAL-FYRLDIVSLEKDNS------------SKKND------------------------SNEYYRLINCNTSAITQACPKVTFDPIPIHYCAPAG-YAILKC--KNKTFNGTGPCNNVSTVQCTHGI-KPVVSTQLLLNGS--LAEEE-IIIRSENLTNNAK-IIIVHLNQAVE--IVCTRPGNNTRKSIR---IGPGQ--TFYATGD----IIGDIRQAHCNI-SEAKWNKTLREVS-KKLA--EHFP---------NK-TIIF--N--SSSGGDLEITTHSFNCGGEFFYCNTSSLFNSTFNSTYM--------TNDTDM-------N--------------SNSTIS-IPCRIKQIINMWQEVGRAMYAPPIAGNITCKSN--------------------ITGLLLVRDGG--------NS-NDTN------------------------EPEIFRPQGGDMRDNWRSELYKYKVVEIKP---LGVAPTAAKRRVV-------GREKRAV-G------LGAMILGFLGAAGSTMGAASITLTVQ-ARQLLSGIVQ---QQSNLLRAIEAQQHM-LQLTVWGIKQLQTRVLAIERYLKDQQLLGIWGCSGKLICTTAVPWNSSW-----S---------NKSQDQIW-N--DTTWMQWDKEISNYTDIIYTLLEKSQNQQE-INEKDLLALDSWNSLWNWFDITKWLWHIKIFIMIVGGLIGLRIIFA-VLSIVNRV--RQGYSP-LSFQTLTPN--PGG---PDRLGGIEEEGGEQDKSRSIRLVNGFLALAWDDLRNLCLFSYHRLRDFISVTARVVELLGRSSLRGLQ--KGWEALKYL-GSLVQYWGLEL-KKSAISLFDTIAIAVAEGTDRLIEFIQRTGRA---ICNIPRRIRQGFEAALQ,C
ZM53_12,4.800,MRVREIPRNY-QQW-W--------IW-------GI---LGFW----MLM---IC--SV-V--G--N--------------L--WVTVYYGVPVW-REAKTT----LFCASDAKAYEREVHNVWATHACVPTDPNPQEMVL-E----NVTENFNMWKNDMVDQMQEDIISLWDQSLKP-CVKLTPLCVTLNCSKLNN------------------------------------------------------ATDG--EMKNCSF-NAT-TELRD----KKKQ--VYAL-FYKLDIVPLDG------------------RN------------------------NSSEYRLINCNTSTITQACPKVSFDPIPIHYCAPAG-YAILKC--NNKTFNGTGPCHNVSTVQCTHGI-KPVISTQLLLNGS--TAEED-IIIRSENLTNNAK-TIIVHLNESIE--IECTRPGNNTRKSIR---IGPGQ--AFFATTN----IIGDIRQAYCII-NKANWTNTLHRVS-KKLE--EHFP---------NK-TINF--N--SSSGGDLEITTHSFNCGGEFFYCNTSSLFNGTYND--------------TDI-------Y--------------NSTDII-LLCRIKQIINMWQEVGRAMYAPPIEGNITCSSN--------------------ITGLLLTRDGG-----------LTNE------------------------SKETFRPGGGDMRDNWRSELYKYKVVEIKP---LGIAPTKAKRRVV-------EREKRAV-G------LGAMFLGFLGAAGSTMGAASITLTVQ-ARQLLSGIVQ---QQNNLLRAIEAQQHM-LQLTVWGIKQLQARVLAIERYLKDQQLLGLWGCSGKLVCTTAVPWNSSW-----S---------NKSQEDIW-N--NTTWMQWDKEVSNYTKTIYKLLEKSQNQQE-ENEKDLLALDSWNNLWNWFDISNWLWYIKIFIMIVGGLIGLRIIFA-VLSIVNRV--RQGYSP-LSFQTLTQN--PRG---LDRLGRIEEEGGEQDRDRSVRLVNGFLALFWDDLRSLCLFSYHRLRDFILIATRVVELLGRSSLKGLQ--RGWEALRYL-GSRVQYWGLEL-KKSAISLFDTIAIAVAEGTDRIIELIQRSWRA---IRNIPRRIRQGFETALL,C
CH070_1,8.100,MRVTGIRKNC-RRL-W--------RW-------GI---MLLG----MLM---IC--SA-L--E--N--------------L--WVTVYYGVPVW-KDATTT----LFCASDAKGYETEVHNVWATHACVPTDPNPQELVL-G----NVTENFNMWKNDMVDQMHEDVISLWDQSLKP-CVKLTPLCVTLKCKDVSINNGNVSSSNGSTS------HNNSSI------------------DNETL-----NEGMK--EMKNCSF-NAT-TVLRD----KKQK--VHAL-FYRLDIVPLNES-----------------NK------------------------NSRKYRLINCNTSAITQACPKVTFDPIPIHYCAPAG-YAILKC--NNKTFNGTGPCRNVSTVLCTHGI-KPVVSTQLLLNGS--LAEED-IIIRSENLTNNAK-TIIVHLNESVE--IVCTRPGNNTRKGIG---IGPGQ--TFYATGE----IIGDIRKAHCNI-SKDNWTETLYRVS-RKLK--HFW----------NK-TIIF--A--PHSGGDLEITTHSFNCRGEFFYCNTSGLFNGTLNDTY----------MHNST-------K--------------SNETIT-IPCKIRQIVRMWQQVGQAMYAPPIEGNITCKSN--------------------ITGLLLVRDGG-----------NINR------------------------TNETFRPEGGDMRDNWRSELYKYKVVEIKP---LGIAPTKAKRRVV-------EREKRAV-G------LGAVFLGFLGIAGSTMGAASITLTVQ-ARQLLSGIVQ---QQNNLLKAIEAQQHL-LQLTVWGIKQLQARVLAIERYLKDQQLLGIWGCSGKLICTTAVAWNSSW-----S---------NKSLGEIW-D--NMTWMQWDKEINNYTSIIYSLLEDSQIQQE-KNEKDLLALDSWNNLWNWFDITSWLWYIRLFIMIVGGLIGLRIIFA-VLSIVNRV--RQGYSP-LSFQTLTPNPIPGG---PDRLGRIEEEGGEQDRDRSIRLVSGFLALAWDDLRNLCLFSYHRLRDFILVTARVVELLGRSSLRGLQ--RGWEALKYL-GSLVQYWGQEL-KKSAISLIDTIAITVAEGTDRIIEAVQRLCRG---IYNIPRRIRQGFEAALQ,BC
3016_V5_C45,50.000,MRVREMKRNW-QNL-W--------KG-------GI---LLLG----ILM---IC--SA-A--D--N--------------L--WVTVYYGVPVW-KEAKTT----LFCASDAKSYRTEAHNIWATHACVPTDPNPQELEL-E----NVTENFNMWKNDMVNQMHEDIISLWDQSLKP-CVKLTPLCVTLNCQEMNSSTKT-----------------------------------------NSS-----ISNED--KRMNCSF-NVT-TVVRD----RKKQ--VAAL-FYRLDLVAVDN-------------------D------------------------NSTNYRLINCNTSAITQACPKVSFEPIPIHYCAPAG-FAILKC--RDKQFNGTGPCTNVSTVQCTHGI-RPVVSTQLLLNGS--LAEEE-IMIRSENISNNAY-NIIVQLNESVA--IDCTRPYNNTRQSIH---IGPGQ--AVYATDARK--IVGDIRQAYCTI-DGTEWKKMLQRVA-EKLG--SLIN---------KP-TIKF--K--PSAGGDAEITTHSFNCGGEFFYCNTSNLFNYTWNNS------------TGLG-------N--------------ITRNIT-LPCRIKQIINMWQGVGKAMYAPPIEGQIKCSSN--------------------ITGLILTRDGG-----------NTSD------------------------DHETFRPGGGNMKDNWRSELYKYKVVRIEP---IGLAPTKAKRRVV-------EREKRAI-G------LGAMFLGFLGAAGSTMGSASVALTVQ-ARQLLSGIVQ---QQNNLLRAIEAQQHL-LQLTVWGIKQLQARVLAVERYLKDQQLLGLWGCSGKHICTTNVPWNSSW-----S---------NRSLDNIW-H--NMTWMEWEREIDNYTGLIYSLIENSQIQQE-KNEQELLELDKWASLWNWFDITRWLWYIKIFIMVVGGLIGLRIVFV-VLSLVNRV--RQGYSP-LSFQTLLPA--PRG---LGRPEEIEEEGGERGRDRSIRLVNGFSALIWDDLRNLCLFSYHRLRDLLLIAARIVELLGR---------RGWEALKYL-WNLLQYWSQEL-KTSAVSLIDTIAIAVAEGTDRVIEIIQRACRT---VVNIPVRIRQGLERLLL,D
H086_8,50.000,MKVKGIRRNY-QLL-W--------RG-------GT---LLLG----ILM---IC--SA-A--D--D--------------L--WVTVYYGVPVW-KEAITT----LFCASDAKAYKTEAHNIWATHACVPTDPNPQEVIL-E----NVTENFNMWKNNMVDQMHEDIISLWDQSLKP-CVKLTPLCVTLKCTNVNSTTST-----------------------------------------NSS-----EEGIG--EMKNCSF-NIT-TSVKD----KVQK--EYAL-FYRLDIVPIDN----------------------------------------------TSYRLVKCNTSVITQACPKVSFEPIPIHYCAPAG-FAILKC--RDKKFNGTGPCKNVSTVQCTHGI-RPTVSTHLLLNGS--LAEEE-VVIRSENFTKNEK-TIIVQLNQSVE--ITCIRPYNNTRKSIH---MGPGR--AFYATGE----IIGDIRKAHCNV-NKTKWHEALKKIA-KKLE--EQYN--------NNK-TISF--N--QSTGGDPETAMFTFNCGGEFFYCNSSQLFNSTSKQLF----------NSTWN-------N--------------TNANIE-LPCRIRQIVNMWQRIGKAMYAPPISGQINCTSN--------------------ITGLLLTRDGD-----------KNNK------------------------STEVFRPIGGEMRDNWRSELYKYKVVQIEP---LGVAPTRAKRRVV-------QREKRAV-G------IGAVFLGFLGAAGSTMGAAAVTLTVQ-ARLLLSGIVQ---QQSNLLRAIEAQQHL-LQLTVWGIKQLQARVLAVERYLQDQQLLGIWGCSGKLICTTSVPWNASW-----S---------NKSMSEIW-E--NMTWMEWEKEISNYTGLIYNLIEKSQNQQE-QNEQELLALDKWASLWNWFDISNWLWYIKIFIMIVGGLVGLRIVFA-ILSIVNRV--RQGYSP-LSLQTHFPV--PRG---PDRPEGIEEEGGERDKDRSTRLVNGFLPLFWDDLRSLFLVSYHRLRDLLLIVTRIVELLGR---------RGWELLKYW-WNLLKYWSQEL-KNSAISLLDATAIAVAEGTDRIIEVAQRTYRG---ILNIPTRIRQGLERALL,B
620345_C1,50.000,MKVKETQMNW-LNL-W--------RW-------GT---LILG----LVM---IC--SA-S--D--K--------------L--WVTVYYGVPVW-RDADTT----LFCASDAKVHSTEVHNVWATHACVPTDPNPQEIHL-E----NVTENFNMWQNKMAEQMQEDVISLWDQSLKP-CIKLTPLCVTLSCTEAKFNETFNKI-----------------D------------------NITKV-----SNLTD--EMRNCSF-NMT-TELRD----KKQQ--VYAL-FYKLDIVPIDN---------------------------------------------SSEYRLINCNTSVIKQACPKVSFDPIPIHYCTPAG-YAILKC--NDKNFNGTGPCKNVSSVQCTHGI-KPVVSTHLLLNGS--LAEEE-IVIRSEDITKNTK-TIIVHLNKSVE--INCTRPSNNTRTSVR---IGPGQ--VFYRTGE----VITSIRKAYCEI-NGTKWNETLRQVA-KKLK--EHFK---------NK-TIIF--Q--PPSGGDLEVTTHHFNCRGEFFYCDTAQLFNSTWRGNET--------KEERNG-------T--------------SNDIII-LPCRIKQIVRMWQGVGQSMYAPPISGIINCVSN--------------------ITGILLTSDGD---------G-GPTA------------------------DNETFRPAGGDMRDNWRSELYKYKVVQIEP---LGIAPTRAKRRVV-------DREKRAV-G------IGAMIFGFLGAAGSTMGAASITLTVQ-ARQLLSGIVQ---QQSNLLRAIEVQQHL-LQLTVWGIKQLQARVLAVERYLKDQKFLGLWGCSGKIICTTAVPWNSTW-----S---------NKSYEDIW-Y--NMTWIEWEREISNYTSQIYEILTESQNQQD-RNEKDLLELDKWASLWNWFDITNWLWYIKIFIMIVGGLIGLRIIFA-VLSIVNRV--RQGYSP-LSLQIPTRH--QRE---PDRPEGIEEGGGEQGRDRSVRLVSGFLALAWDDLRSLCLFSYHRLRDFILIVARTVELLGRSSLKGLR--RGWEGLKYL-GNLLLYWSQEL-KISAISLLDATAIAVAGWTDRIIEVAQRAWRA---FLHIPRRIRQGLERALL,AE
CH038_12,50.000,MRVTGIKKNY-WHL-W--------RW-------GT---LLLG----MLM---IC--SA-V--K--D--------------R--WVTVYYGVPVW-REANTT----LFCASDAKAYDTEVHNVWATHACVPTDPKPQEVFL-K----NVTENFNMWKNEMVNQMHEDVISLWEQSLKP-CVKLTPLCVTLKCNDVNSTSNGTS--------------------------------------NGTD-----HKNMN--EMKNCSF-NTT-TELRD----RKKS--EYAL-FYRLDIVPLDE--------------------------------------------NSNEYILINCNTSAITQACPKVTFDPIPIHYCAPAG-YAILKC--NDTKFNGTGPCHNVSTVQCTHGI-KPVVSTQLLLNGS--LAEEE-IMIRSENLTDNAK-IIIVHLNQSVE--INCTRPGNNTRRSIR---IGPGQ--TFYATGD----IIGDIRKAHCNI-SRERWNETVQRVV-KKLA--EHFP---------NK-TIKF--E--SSSGGDLEITTHSFNCGGEFFYCNTSGLFNGTYMPNGTK-------INDTER-------N--------------LSSTIT-IPCRIKQIINMWQGVGQAMYAPPIKGNIACKSN--------------------ITGLLLTRDGG--------RS-NETN------------------------DTETFRPEGGNMKDNWRSELYKYKVVEIKP---LGVAPTEAKRRVV-------KREKRAA--------LGAVFLGFLGLAGSTMGAASIALTAQ-ARQLLSGIVQ---QQSNLLRAIEAQQHL-LQLTVWGIKQLQTRVLAIERYLTDQQLLGMWGCSGKLICTTAVPWNTSW-----S---------NKSLEKIW-K--NMTWMQWDKEISNYTDTIYRLLEVSQNQQE-ENEKDLLALDNWKSLWNWFDITNWLWYIKIFIMIVGGLIGLRIIFA-VLSIVNRV--RQGYSP-LSFQTLTPN--PGG---PDRLGRIEEEGGEQDKDRSIRLVSGFLALAWDDLRNLCLFSYHRLRDFILVATRVVELLGRNSLRVLQ--RGWEALKYL-GSLVQYWGQEL-KKSAISLFDTIAIAVAEGTDRIIKLVQRLCRA---IYNIPRRIRQGFEAALQ,BC
7165_18,50.000,MRVKATRKNW-QRL-W-------WRW-------GT---MLLG----MLM---IC--SA-T--E--K--------------L--WVTVYYGVPVW-KEANTT----LFCASDAKAYVTEVHNAWATRACVPTDPNPQEVAL-E----NVTENFNMWKNNMVEQMHEDIISLWDESLKP-CVKLTPLCVTLKCINYNNTNNGSN-------------------------------------ANNTS-----IEGRE--EIKNCSF-NIT-TTIRD----KVQK--EEAL-FYRLDLVPIDN----------------------------------------------DTYTLINCNTSVITQACPKVSFEPIPIHFCTPAG-FAILKC--RDKKFNGTGSCKNVSTVQCTHGI-RPVVSTQLLLNGS--LAEEE-VVIRSENFTDNVK-TIIVQLNESVV--INCTRPNNNTRKGIH---IGPGR--AFYTTGQ----IIGDIRQAHCNL-SRAQWNKTLEQIV-EKLG--EQFR---------NK-NISF--M--QHSGGDPEIVTHTFNCGGEFFYCNSTQLFNSTWTRPPNGTWR-SNGTWNSTE-------G--------------TNDTIT-LPCRIKQIINMWQGVGKAMYAPPISGQIRCTSN--------------------ITGLLLTRDGG--------EN-RTDN------------------------GTEIFRPGGGNMRDNWRSELYKYKVVKIEP---LGVAPTKAKRRVV-------QREKRAV-GT-----IGAMFLGFLGAAGSTMGAASITLTVQ-ARLLLSGIVQ---QQNNLLRAIEAQQHM-LQLTVWGIKQLQARVLALERYLSDQQLLGIWGCSGKLICTTTVPWNNSW-----S---------NKSYDNIW-S--NMTWMEWEREINNYTGEIYNLLEESQNQQE-INEQELLALDKWASLWNWFDITNWLWYIKIFIMIVGGLVGLRIVFA-VLSIINRV--RQGYSP-LSLQTHLPA--PRG---PDRPEGTEEEGGGRDRDTSRLLVHGFLGLIWSDLRSLCLFSYHRLRDLLLIAARIVELLGR---------RGWEALKYW-WNLLQCWIQEL-KNSAVSLLDTTAIAVAEGTDRIIEVVHRIFRA---ICNIPTRIRQGFERALL,B
247,50.000,MRVRGIKRNY-PHL-WIW---------------GT---MLLG---MLLM---SY--SA-A--N--N--------------L--WVTVYYGVPVW-KEATTT----LFCASDAKAYKAEAHNIWATHACVPTDPNPQEIEL-K----NVTENFNMWRNNMVEQMHEDIISLWDQSLKP-CVKLTPLCVTLNCTNVTSSNN-------------------------------------------GT-----VGNTE--DMKNCSF-NIT-TIVRD----KKKQ--EYAL-FYRLDIVEINP--------------------------------------------NDTSYRLINCNTSAITQACPKMSFEPIPIHYCAPAG-FAILKC--NDKKFKGTGPCSNVSTVQCTHGI-RPVVSTQLLLNGS--LAEEE-IMIRSEDFTNNVK-NIIVQFNKSVE--IVCIRPGNNTKRS---IHFGPGQ--ALYAYS-----IIGDIRNANCTI-NKTSWHDTLQKVE-KELE--KIY----------NK-KINF--E--PSSGGDLEITTHSFNCGGEFFYCNTSKLFNSTWANSTWD------NS---------------------------NITNIT-IPCRIKQIINMWQGVGRAMYAPPIAGEIRCTSN--------------------ITGLLLTRDGG-----------SNNT-----------------------NETETFRPGGGNMKDNWRSELYKYKVVRIEP---LGVAPTRAKRRVV-------GREKRAI-G------LGALFLGFLGAAGSTMGAASVTLTVQ-ARELLSGIVQ---QQNNLLRAIEAQQHL-LQLTVWGIKQLQARVLAVERYLKDQQLLGIWGCSGKHICTTTVPWNSSW-----S---------NKSLDDIW-Q--NMTWMQWEKEIENYTGVIYNLIEDSQIQQE-KNEKELLELDKWASLWNWFDITNWLWYIKIFIMIVGGLIGLRIVFA-VLSMVNRV--RQGYSP-LSFQTLFPV--PRG---PDRPEGIEEEGGEQDRGRSIRLVNGFSALIWDDLRNLCLFSYHRLRDLILIAARIVDLLGR---------RGWEALKYL-WNLLKYWSQEL-ENSAISLYNATAIAVAEGTDRVIELVQRAFRA---VLNIPRRIRQGLERALL,DU
6545_V3_C13,50.000,MKVKGILRSC-QQW-W--------IW-------GI---LGFW----MVM---TY--SV-V--G--N--------------L--WVTVYYGVPVW-KDAETT----LFCASDAKAYEREVHNVWATHACVPTDPNPQEVIM-E----NVTENFNMWKNNMVDQMHEDIISLWDQSLKP-CVKLTPLCVTLDCKNVSDTRNGN---------------------------------------VTYN-----NTMNE--EIKNCSF-NMT-TELRD----KKQK--VSAL-FYRIDIVSLNS--------------------------------------------NSSDYRLINCNTSAITQACPKVSFEPIPIHYCAPAG-YAILKC--NNETFNGTGPCHNVSTVQCTHGI-KPVVSTQLLLNGS--LAKNQ-VMIRSEHIENNAK-NIIVQFTEPVK--INCTRPNNNTRKSVH---IAPGQ--AFYATGD----IIGNIRQAYCTV-NRTAWNNTLQKVV-TRLR--TYFG---------NK-TIIF--K--NSSGGDIEITTHSFNCAGEFFYCNTSSLFNSTWQVSGQ---------GLNST-------E--------------LGDTIT-LQCRIKQIINMWQRAGQAIYAPPIPGVIRCESN--------------------ITGLILTSDYG-----------NSSS------------------------DNETFRPTGGDMRDNWRSELYKYKVVKIEP---IGVAPTKARRRVV-------QREKRAV-G------LGAVFIGFLGAAGSTMGAASVTLTVQ-ARQLLSGIVQ---QQSNLLRAIEAQQHM-LKLTVWGIKQLQARVLAVERYLRDQQLLGIWGCSGKLVCNTNVPWSSSW-----S---------NKSLSEIW-E--NMTWLQWDKEINNYTQIIYTLIEESQTQQE-KNEQELLALDKWANLWNWFDISNWLWYIRIFIMIVGGLIGLRIVFV-VLAVINRV--RQGYSP-LSFQTHTPS--PAG---PDRPGRIEEEGGEQGRGKSIRLVSGFLALAWEDLRSLCLFSYHRLRDFILIAARVVEVLGRSSLRGLQ--RGWEALKYL-GSLVQYWGLEL-KKSAISLLDTVAIAVAEGTDRIIEFIQGICRA---IRNIPRRIRQGFEAALQ,AC
CH117_4,50.000,MRVTGTRKNY-RHF-W--------RW-------GT---MLLG----MLM---IC--SA-V--G--N--------------L--WVTVYYGVPVW-KEATTT----LFCASDAKAYDTEVHNVWATHACVPTDPNPQEMVL-E----NVTENFNMWKNEMINQMHEDVVSLWDQSLKP-CVKLTPLCVTLKCRNVSDSRNGN----------------------------------------STY-----NESEQ--EMKNCSF-NVT-TILRD----KKKK--VDAL-FYKLDIVPLHKKKN-------------SKNN------------------------SIEYYRLINCNTSAITQACPKVTFDPIPIHYCTPAG-YAILKC--NDKTFNGTGPCHNVSTVQCTHGI-KPVVSTQLLLNGS--LAEGE-IIIRSENLTDNVK-TIIVHLNKSVE--IVCTRPNNNTRKSIR---IGPGQ--TFYAT-D----IIGDIRQAYCNI-NRTMWTQTLQRVS-EKLA--EHFP---------NK-TINF--T--SSSGGDLEIATHSFNCRGEFFYCNTSGLFNSTYMPNGTY-------MHSGAE-------S--------------NSSLIT-IPCRIKQIINMWQEVGQAMYAPPIAGNITCSSN--------------------ITGLLLERDGG-----------RDIN------------------------NTEIFRPGGGDMKNNWRSELYKYKVVEIKP---LGVAPTTAKRRVV-------EREKRAV-G------IGAVFLGFLGVAGSTMGAASMTLTVQ-ARQLLSGIVQ---QQSNLLRAIEAQQHM-LQLTVWGIKQLQTRVLAIERYLKDQQLLGIWGCSGKLICPTAVPWNSSW-----S---------NKSQTEIW-N--NMTWMQWDKEISNYTNSIYRLLEESQNQQE-KNEKDLLALDSWKNLWSWFDITNWLWYIKIFIMIVGGLIGLRIIFA-VLSVVNRV--RQGYSP-LSFQTLTPN--PGG---PDRLERIEEGGGEQDKDRSIRLVSGFLALAWDDLRNLCLFSYHRLRDFILVATRVVELLGQ---------RGWKALKYL-GSLVQYWGQEL-KQRVIRLIDTIAIAVAEGTDRIIEAVQGFCRA---IYHIPRRIRQGLEAALQ,BC
242_14,50.000,MKVMGIQKNY-PSF-W--------RW-------GM---ILFW----IMM---IC--NA-T-----N--------------L--WVTVYYGVPVW-RDADTT----LFCASDAKAYEKEVHNVWATHACVPTDPNPQEIHL-K----NVTEEFNMWKNNMVEQMHEDIISLWDQSLKP-CVKLTPLCVTLDCIEIRNNTDNI----------------------------------------TVD-----SNMKG--EITNCSF-NMT-TELRD----KKQK--VSAF-FYRQDVVPVNS------------------NQ------------------------DNSSYRLINCNTSAITQACPKVTFEPIPIHYCAPAG-FAILKC--NDKKFNGTGPCKNVSTVQCTHGI-KPVVSTQLLLNGS--LAEEE-VAIRSENISNNGK-TIIVQLVKPVN--ITCIRPNNNTRKSVR---IGPGQ--TFYATGE----IIGNIRQAHCVV-NKTEWNETLYQVV-TRLR--EYFK---------NT-TITF--T--NHSGGDLEVTTHSFNCGGEFFYCNTSELFNSNWTNTNNN-------TNNASS-------E--------------ANGNIT-LTCKIKQIINMWQRVGQAMYAPPIQGIIRCESN--------------------ITGLLLTRDGG-------FRN-DTNE------------------------TYEAFRPGGGDMRDNWRSELYKYKVVKIEP---LGVAPTHAKRRAV-------QREKRAV-G------LGAVFLGFLGAAGSTMGAASMTLTVQ-ARQLLSGIVQ---QQSNLLRAIEAQQHL-LRLTVWGIKQLQARVLALERYLRDQQLLGIWGCSGKLICTTAVPWNSSW-----S---------NKTYDDIW-G--NMTWLQWDKEISNYTQIIYSLIEESQNQQE-KNEKDLLALDKWANLWNWLDITNWLWYIKIFIMIVGGLIGLRIVFA-VLTVIRRV--RQGYSP-LSFQTLTHH--HRE---PDRPERIEEGGGEQDRNRSVRLVSGFLALAWDDLRSLCLFSYHRLRDFLLVAARTVELLGHSSLKGLR--LGWEALRYL-GNLLSYWGQEL-KSSAINLLNTTAIAVANWTDRVIEIAQRAGRA---ICNIPTRIRQGVERALL,AG
CAAN5342,50.000,MRVKEIRKNY-RHL-W--------KW-------GI---MLLG----MLM---IC--SA-T--E--N--------------L--WVTVYYGVPVW-KEATTT----LFCASDAKGYEKEVHNVWATHACVPTDPNPQEVVL-E----NVTENFNMWKNNMVEQMHEDIISLWDQSLKP-CVKLTPLCVTLNCSDVNTTSVNT----------------------------------------TAS-----SMEGG--EIKNCSF-NTT-TSMSD----KMQK--EYAL-FYTLDVVPIVK--------------------------------------------ENNTYRLISCNTSVITQACPKVSFEPIPIHYCAPAG-FAILMC--NNKTFDGKGPCNNVSTVQCTHGI-KPVVSTQLLLNGS--LAEEE-VVIRSDNFTDNAK-TIIVHLNESIE--ITCTRPNNNTSKSIT---IGPGR--AFYATGR----IIGDIRKAHCNI-SGEKWHNALEQIV-KKLG--EKFE--------NAT-TIRF--N--QSSGGDQEIVMHTFNCGGEFFYCNSTQLFNSTWWPNGTT-------TEWSNE-------T--------------SNGTIT-LPCRIKQIINMWQEVGKAMYAPPISGPISCSSN--------------------ITGLLLVRDGG--------ND-NETN------------------------GTETFRPGGGDMRDNWRSELYKYKVVKIEP---LGVAPTKAKRRVV-------QREKRAV-G------LGAMFLGFLGAAGSTMGAASITLTVQ-ARLLLSGIVQ---QQNNLLRAIEAQQHL-LQLTVWGIKQLQARVLAIERYLKDQQLLGIWGCSGKLICTTAVPWNSSW-----S---------NKSLKWIW-D--NMTWMEWEKEIDNYTGIIYNLLEESQNQQD-KNEKELLELDKWASLWTWFDITNWLWYIKIFIMIVGGLVGLRIVFA-VLSIVNRV--RQGYSP-LSFQTRLPA--PRG---LDRPEGTEEEGGDRDKDRSIRLVDGFLALIWDDLRSLCLFSYHRLRDLLLIVARVVEILGH---------RGWEILKYW-WNLLQYWSQEL-KNSAVSLLNATAIAVAEGTDRIIEVLQRIGRA---ILHIPTRIRQGLERALL,B


